package_name,ecosystem,repository_url,license,license_type,is_permissive,repository_age_years,days_since_last_release,releases_count,release_cadence_annual,maintainers_count,contributors_count,total_commits,top_contributor_commits,top_2_contributor_commits,top_contributor_share,top_2_contributor_share,contributor_gini,bus_factor_approx,stars_count,forks_count,subscribers_count,total_issues,open_issues,closed_issues,issue_resolution_ratio,open_issue_ratio,dependencies_count,dev_dependencies_count,downloads_monthly,log_downloads_monthly,dependents_count,log_dependents,blast_radius_score,impact_tier,is_deprecated,has_test_script,risk_class
react,npm,https://github.com/react/react,MIT,Permissive,1,14.91,14.3,2957,198.32,2,100,8947,1574,2718,0.1759,0.3038,0.7797,16,200439,41607,6643,25023,1139,23884,0.9545,0.0455,0,0,632915294.0,8.8013,20803.0,4.3181,92.58,Critical,0,0,Healthy
vue,npm,https://github.com/vuejs/core,MIT,Permissive,1,12.8,6.6,594,46.41,2,100,4262,2706,3234,0.6349,0.7588,0.8802,5,33643,6059,756,6704,732,5972,0.8908,0.1092,5,0,57002746.0,7.7559,3029.0,3.4814,76.64,Critical,0,0,At-Risk
svelte,npm,https://github.com/sveltejs/svelte,MIT,Permissive,1,9.85,5.0,1092,110.86,3,100,4937,2743,3524,0.5556,0.7138,0.8669,4,64636,3166,876,8004,855,7149,0.8932,0.1068,15,18,19742537.0,7.2954,1583.0,3.1998,70.54,Critical,0,1,At-Risk
next,npm,https://github.com/vercel/next.js,MIT,Permissive,1,15.2,1.3,3953,260.07,4,3500,26000,5126,7809,0.1972,0.3003,0.8441,152,131000,28500,1500,37900,2900,35000,0.9235,0.0765,6,0,197603366.0,8.2958,37.0,1.5798,60.38,Critical,0,0,Healthy
express,npm,https://github.com/expressjs/express,MIT,Permissive,1,15.73,296.1,289,18.37,5,100,4986,3527,4620,0.7074,0.9266,0.9533,2,59136,10028,1729,4845,170,4675,0.9649,0.0351,28,16,459614879.0,8.6624,5014.0,3.7003,85.14,Critical,0,1,At-Risk
fastify,npm,https://github.com/fastify/fastify,MIT,Permissive,1,9.96,7.7,331,33.23,6,100,2718,582,1057,0.2141,0.3889,0.7525,18,25975,1918,295,4247,63,4184,0.9852,0.0148,15,35,44284831.0,7.6463,959.0,2.9823,70.65,Critical,0,1,Healthy
koa,npm,https://github.com/koajs/koa,MIT,Permissive,1,12.88,125.7,125,9.7,11,240,850,155,255,0.1824,0.3,0.6732,70,35200,3200,920,1200,50,1150,0.9583,0.0417,18,5,27338652.0,7.4368,1626.0,3.2114,71.63,Critical,0,1,Healthy
axios,npm,https://github.com/axios/axios,MIT,Permissive,1,12.07,28.7,145,12.01,1,100,1020,334,554,0.3275,0.5431,0.8181,9,97937,10085,1217,5303,322,4981,0.9393,0.0607,4,39,431717343.0,8.6352,5042.0,3.7027,84.98,Critical,0,1,Healthy
got,npm,https://github.com/sindresorhus/got,MIT,Permissive,1,12.49,24.0,201,16.09,1,100,1382,491,919,0.3553,0.665,0.8846,3,12357,863,107,2002,67,1935,0.9665,0.0335,10,40,139067949.0,8.1432,431.0,2.6355,70.41,Critical,0,1,At-Risk
undici,npm,https://github.com/nodejs/undici,MIT,Permissive,1,8.16,0.0,307,37.62,3,100,2028,1396,1562,0.6884,0.7702,0.9004,3,4462,319,50,1743,113,1630,0.9352,0.0648,0,22,646187461.0,8.8104,159.0,2.2041,70.45,Critical,0,1,At-Risk
lodash,npm,https://github.com/lodash/lodash,MIT,Permissive,1,14.42,175.1,117,8.11,1,100,7497,6643,6957,0.8861,0.928,0.9608,1,55066,6730,860,5375,462,4913,0.914,0.086,0,0,615304886.0,8.7891,3365.0,3.5271,84.19,Critical,0,1,At-Risk
chalk,npm,https://github.com/chalk/chalk,MIT,Permissive,1,13.14,59.4,44,3.35,1,55,297,175,210,0.5892,0.7071,0.7756,7,19524,799,139,511,1,510,0.998,0.002,0,11,1849113399.0,9.267,949.0,2.9777,81.69,Critical,0,1,Healthy
commander,npm,https://github.com/tj/commander.js,MIT,Permissive,1,15.11,117.6,124,8.21,2,100,837,383,525,0.4576,0.6272,0.8307,6,24053,1690,234,1836,5,1831,0.9973,0.0027,0,9,1837540044.0,9.2642,1017.0,3.0077,81.99,Critical,0,1,Healthy
yargs,npm,https://github.com/yargs/yargs,MIT,Permissive,1,12.83,3.1,267,20.81,3,100,830,338,378,0.4072,0.4554,0.7191,25,10145,1021,77,2236,342,1894,0.847,0.153,6,22,937218701.0,8.9718,512.0,2.7101,76.86,Critical,0,1,Healthy
typescript,npm,https://github.com/microsoft/TypeScript,Apache-2.0,Permissive,1,13.98,77.3,3834,274.25,7,1200,48000,12259,17413,0.2554,0.3628,0.8853,56,111000,14600,2100,46800,4800,42000,0.8974,0.1026,20,0,1004355023.0,9.0019,5.0,0.7782,56.79,High,0,0,At-Risk
webpack,npm,https://github.com/webpack/webpack,MIT,Permissive,1,14.54,5.5,889,61.14,8,99,9359,5515,6167,0.5893,0.6589,0.856,8,62285,8584,1523,15278,355,14923,0.9768,0.0232,17,103,204113238.0,8.3099,4292.0,3.6328,82.02,Critical,0,1,At-Risk
vite,npm,https://github.com/vitejs/vite,MIT,Permissive,1,6.43,0.0,753,117.11,2,100,4701,1893,2519,0.4027,0.5358,0.8354,10,51296,4440,392,9041,590,8451,0.9347,0.0653,5,56,646926426.0,8.8109,2220.0,3.3465,82.44,Critical,0,0,Healthy
esbuild,npm,https://github.com/evanw/esbuild,MIT,Permissive,1,8.83,46.2,482,54.59,1,95,3465,3316,3329,0.957,0.9608,0.9602,1,34305,950,299,2794,264,2530,0.9055,0.0945,0,0,995721017.0,8.9981,475.0,2.6776,76.7,Critical,0,0,At-Risk
rollup,npm,https://github.com/rollup/rollup,MIT,Permissive,1,11.36,0.0,948,83.45,5,100,4240,2050,3139,0.4835,0.7403,0.903,3,22838,1268,259,4787,420,4367,0.9123,0.0877,1,89,450677133.0,8.6539,634.0,2.8028,75.66,Critical,0,1,At-Risk
prettier,npm,https://github.com/prettier/prettier,MIT,Permissive,1,9.7,0.7,198,20.41,11,100,6553,1489,2656,0.2272,0.4053,0.8634,9,44622,3690,417,13988,1134,12854,0.9189,0.0811,0,0,472473901.0,8.6744,1845.0,3.2662,80.67,Critical,0,1,At-Risk
eslint,npm,https://github.com/eslint/eslint,MIT,Permissive,1,13.22,5.2,430,32.53,2,100,4880,872,1398,0.1787,0.2865,0.7536,17,22026,4019,318,16007,139,15868,0.9913,0.0087,30,58,575060073.0,8.7597,2009.0,3.3032,81.64,Critical,0,1,Healthy
prisma,npm,https://github.com/prisma/prisma-cli,Apache-2.0,Permissive,1,10.31,9.7,9336,905.53,1,100,8865,2164,3831,0.2441,0.4321,0.9141,6,28313,1017,233,12439,2549,9890,0.7951,0.2049,12,8,61873753.0,7.7915,508.0,2.7067,68.76,Critical,0,1,At-Risk
mongoose,npm,https://github.com/Automattic/mongoose,MIT,Permissive,1,15.76,1.3,1018,64.59,3,100,13541,7632,9579,0.5636,0.7074,0.9174,4,25174,3646,495,12664,291,12373,0.977,0.023,7,37,24270058.0,7.3851,1823.0,3.261,71.79,Critical,0,1,At-Risk
zod,npm,https://github.com/colinhacks/zod,MIT,Permissive,1,6.55,10.0,1011,154.35,1,100,286,20,36,0.0699,0.1259,0.4959,46,15200,531,36,1364,129,1235,0.9054,0.0946,0,0,1022521791.0,9.0097,265.0,2.4249,74.13,Critical,0,1,Healthy
dotenv,npm,https://github.com/motdotla/dotenv,BSD-2-Clause,Permissive,1,13.22,1.4,108,8.17,3,56,351,241,270,0.6866,0.7692,0.806,4,16293,810,107,685,45,640,0.9343,0.0657,0,8,645050307.0,8.8096,449.0,2.6532,75.16,Critical,0,1,Healthy
winston,npm,https://github.com/winstonjs/winston,MIT,Permissive,1,15.68,290.7,94,5.99,8,100,1058,526,591,0.4972,0.5586,0.7978,12,19899,1738,223,2254,455,1799,0.7981,0.2019,11,16,91793655.0,7.9628,869.0,2.9395,72.37,Critical,0,1,At-Risk
pino,npm,https://github.com/pinojs/pino,MIT,Permissive,1,10.59,226.3,333,31.44,4,100,977,471,646,0.4821,0.6612,0.8161,11,10582,765,86,1602,103,1499,0.9357,0.0643,11,39,175710264.0,8.2448,382.0,2.5832,70.56,Critical,0,1,At-Risk
rxjs,npm,https://github.com/reactivex/rxjs,Apache-2.0,Permissive,1,14.55,578.9,167,11.48,3,100,4067,1638,2107,0.4028,0.5181,0.8404,11,28141,2899,453,6802,258,6544,0.9621,0.0379,1,61,373208940.0,8.572,1449.0,3.1614,78.87,Critical,0,1,Abandonment-Imminent
dayjs,npm,https://github.com/iamkun/dayjs,MIT,Permissive,1,8.46,37.5,136,16.08,1,100,865,533,616,0.6162,0.7121,0.8083,12,41711,2083,280,2165,628,1537,0.7099,0.2901,0,30,239641048.0,8.3796,1041.0,3.0179,76.04,Critical,0,1,Healthy
date-fns,npm,https://github.com/date-fns/date-fns,MIT,Permissive,1,11.97,117.0,209,17.46,1,480,2800,630,945,0.225,0.3375,0.7837,59,35500,2200,450,2580,180,2400,0.9302,0.0698,0,0,334516886.0,8.5244,53.0,1.7324,63.54,Critical,0,1,Healthy
jest,npm,https://github.com/jestjs/jest,MIT,Permissive,1,14.59,5.4,383,26.25,5,100,4385,1432,2094,0.3266,0.4775,0.7529,20,40675,6138,563,13508,994,12514,0.9264,0.0736,4,0,171196024.0,8.2335,3069.0,3.4871,79.97,Critical,0,0,Healthy
playwright,npm,https://github.com/microsoft/playwright,Apache-2.0,Permissive,1,11.67,19.1,5696,488.09,5,100,9642,2038,3851,0.2114,0.3994,0.9174,5,46658,2286,382,18945,701,18244,0.963,0.037,1,0,332948067.0,8.5224,1143.0,3.0584,77.45,Critical,0,0,At-Risk
puppeteer,npm,https://github.com/puppeteer/puppeteer#main,Apache-2.0,Permissive,1,13.51,0.5,1009,74.69,2,100,2896,914,1182,0.3156,0.4081,0.8436,9,81495,8766,1211,9374,247,9127,0.9737,0.0263,6,1,13237932.0,7.1218,4383.0,3.6419,73.99,Critical,0,0,Healthy
ws,npm,https://github.com/websockets/ws,MIT,Permissive,1,14.81,47.4,188,12.69,1,100,1480,649,1040,0.4385,0.7027,0.8852,4,19254,2272,385,2091,6,2085,0.9971,0.0029,0,11,978300298.0,8.9905,1136.0,3.0558,80.62,Critical,0,1,Healthy
socket.io,npm,https://github.com/socketio/socket.io,MIT,Permissive,1,15.75,274.3,161,10.22,2,100,1490,797,1061,0.5349,0.7121,0.8929,4,57218,10111,1565,4084,98,3986,0.976,0.024,7,0,65547425.0,7.8166,5055.0,3.7038,79.39,Critical,0,1,At-Risk
cheerio,npm,https://github.com/cheeriojs/cheerio,MIT,Permissive,1,14.96,243.3,74,4.95,2,100,1920,812,1111,0.4229,0.5786,0.8972,4,25660,1574,372,2834,19,2815,0.9933,0.0067,11,27,99091908.0,7.996,787.0,2.8965,72.15,Critical,0,1,At-Risk
sharp,npm,https://github.com/lovell/sharp,Apache-2.0,Permissive,1,13.09,28.6,192,14.67,1,100,1621,1427,1444,0.8803,0.8908,0.9189,1,24068,1186,229,3495,112,3383,0.968,0.032,3,18,336112378.0,8.5265,593.0,2.7738,74.49,Critical,0,1,At-Risk
cross-spawn,npm,ssh://git@github.com/moxystudio/node-cross-spawn,MIT,Permissive,1,12.24,674.4,58,4.74,1,18,201,176,180,0.8756,0.8955,0.8472,1,962,69,23,148,14,134,0.9054,0.0946,3,13,236817216.0,8.3744,49.0,1.699,62.17,Critical,0,1,Abandonment-Imminent
execa,npm,https://github.com/sindresorhus/execa,MIT,Permissive,1,10.8,54.9,66,6.11,2,45,355,159,278,0.4479,0.7831,0.8248,3,5077,196,34,512,29,483,0.9434,0.0566,12,13,612137944.0,8.7868,98.0,1.9956,68.1,Critical,0,1,Healthy
semver,npm,https://github.com/npm/node-semver,ISC,Permissive,1,15.61,96.2,119,7.62,4,71,409,260,284,0.6357,0.6944,0.7871,8,4495,459,99,480,53,427,0.8896,0.1104,0,4,2955510746.0,9.4706,229.0,2.3617,76.62,Critical,0,1,Healthy
uuid,npm,https://github.com/uuidjs/uuid,MIT,Permissive,1,15.48,36.2,55,3.55,2,58,429,232,343,0.5408,0.7995,0.8326,3,12616,836,140,648,9,639,0.9861,0.0139,0,17,1041827754.0,9.0178,418.0,2.6222,76.26,Critical,0,1,Healthy
nanoid,npm,https://github.com/ai/nanoid,MIT,Permissive,1,9.13,51.5,133,14.57,1,100,900,747,760,0.83,0.8444,0.8728,1,17741,644,144,361,3,358,0.9917,0.0083,0,0,887628411.0,8.9482,322.0,2.5092,74.59,Critical,0,1,Healthy
turbo,npm,https://github.com/vercel/turborepo,MIT,Permissive,1,13.38,1.1,1074,80.27,2,100,3370,659,1301,0.1955,0.3861,0.8329,13,18728,1112,113,2745,391,2354,0.8576,0.1424,0,0,86937089.0,7.9392,556.0,2.7459,70.18,Critical,0,0,Healthy
tailwindcss,npm,https://github.com/tailwindlabs/tailwindcss,MIT,Permissive,1,8.96,69.5,2657,296.54,3,100,4124,2215,2581,0.5371,0.6258,0.9034,5,64059,3271,579,4722,11,4711,0.9977,0.0023,0,7,459226577.0,8.662,1635.0,3.2138,80.03,Critical,0,1,Healthy
postcss,npm,https://github.com/postcss/postcss,MIT,Permissive,1,12.88,20.4,292,22.67,1,100,3036,2455,2508,0.8086,0.8261,0.8917,1,27065,1556,527,1762,18,1744,0.9898,0.0102,3,0,1042989782.0,9.0183,778.0,2.8915,79.09,Critical,0,1,Healthy
esbuild-loader,npm,https://github.com/privatenumber/esbuild-loader,MIT,Permissive,1,6.37,100.8,58,9.11,1,35,280,96,136,0.3429,0.4857,0.678,10,2800,180,35,146,6,140,0.9589,0.0411,4,0,5356517.0,6.7289,46.0,1.6721,50.63,High,0,1,Healthy
zod-to-json-schema,npm,https://github.com/StefanTerdell/zod-to-json-schema,ISC,Permissive,1,5.58,180.7,91,16.31,1,8,229,205,219,0.8952,0.9563,0.8182,1,234,21,4,38,1,37,0.9737,0.0263,0,11,181557.0,5.259,10.0,1.0414,33.95,Medium,0,1,At-Risk
supertest,npm,https://github.com/ladjs/supertest,MIT,Permissive,1,14.24,1.5,78,5.48,6,77,304,66,125,0.2171,0.4112,0.6783,21,12599,767,110,803,161,642,0.7995,0.2005,3,14,14645411.0,7.1657,383.0,2.5843,63.19,Critical,0,1,Healthy
nodemon,npm,https://github.com/remy/nodemon,MIT,Permissive,1,15.64,215.0,263,16.82,1,100,995,807,823,0.8111,0.8271,0.8728,1,24810,1689,266,2083,19,2064,0.9909,0.0091,10,11,17687189.0,7.2477,844.0,2.9269,67.35,Critical,0,1,At-Risk
ts-node,npm,https://github.com/TypeStrong/ts-node,MIT,Permissive,1,11.02,1020.5,128,11.62,2,98,782,368,639,0.4706,0.8171,0.8518,2,10556,451,77,1697,115,1582,0.9322,0.0678,13,31,74944344.0,7.8747,225.0,2.3541,65.62,Critical,0,1,Abandonment-Imminent
vitest,npm,https://github.com/vitest-dev/vitest,MIT,Permissive,1,4.81,8.6,484,100.62,5,100,2312,1178,1617,0.5095,0.6994,0.8677,6,7518,638,39,2305,181,2124,0.9215,0.0785,13,33,3167621.0,6.5007,319.0,2.5051,57.81,High,0,0,At-Risk
pinia,npm,https://github.com/vuejs/pinia,MIT,Permissive,1,6.85,42.5,132,19.27,1,100,1476,1090,1209,0.7385,0.8191,0.9086,2,9602,657,48,1149,36,1113,0.9687,0.0313,1,3,1416001.0,6.1511,328.0,2.5172,55.55,High,0,1,At-Risk
lucide-react,npm,https://github.com/lucide-icons/lucide,ISC,Permissive,1,5.93,0.0,700,118.04,1,85,862,353,487,0.4095,0.565,0.8289,7,2974,161,14,878,54,824,0.9385,0.0615,0,16,51809.0,4.7144,80.0,1.9085,39.33,Medium,0,1,Healthy
ioredis,npm,https://github.com/redis/ioredis,MIT,Permissive,1,11.49,54.4,251,21.85,2,100,1135,855,943,0.7533,0.8308,0.89,2,11636,1043,154,1703,220,1483,0.8708,0.1292,6,29,10675358.0,7.0284,521.0,2.7177,63.65,Critical,0,1,At-Risk
knex,npm,https://github.com/knex/knex,MIT,Permissive,1,13.4,89.4,264,19.7,5,100,1978,713,1067,0.3605,0.5394,0.7763,14,16921,1994,204,5427,770,4657,0.8581,0.1419,14,45,4594016.0,6.6622,997.0,2.9991,64.1,Critical,0,1,Healthy
typeorm,npm,https://github.com/typeorm/typeorm,MIT,Permissive,1,10.43,22.5,1285,123.2,2,100,1787,426,685,0.2384,0.3833,0.699,27,30134,5615,356,9696,1813,7883,0.813,0.187,10,3,4197271.0,6.623,2807.0,3.4484,68.55,Critical,0,1,Healthy
drizzle-orm,npm,https://github.com/drizzle-team/drizzle-orm,Apache-2.0,Permissive,1,5.04,2.6,564,111.9,4,3,283,137,233,0.4841,0.8233,0.2049,2,99,1,6,119,4,115,0.9664,0.0336,0,44,4368.0,3.6404,5.0,0.7782,20.12,Medium,0,0,Healthy
trpc,npm,https://github.com/trpc/trpc,MIT,Permissive,1,6.14,2108.1,35,5.7,1,420,4200,1106,1582,0.2633,0.3767,0.8329,39,37500,1500,280,3885,85,3800,0.9781,0.0219,1,13,77.0,1.8921,5.0,0.7782,8.16,Low,1,1,Abandonment-Imminent
hono,npm,https://github.com/honojs/hono,MIT,Permissive,1,4.78,0.0,451,94.35,1,34,733,616,661,0.8404,0.9018,0.9111,1,3185,96,21,792,63,729,0.9205,0.0795,0,24,26178.0,4.418,48.0,1.6902,35.01,Medium,0,1,At-Risk
core-js,npm,https://github.com/zloirock/core-js,MIT,Permissive,1,13.18,49.6,289,21.93,1,100,4693,4486,4505,0.9559,0.9599,0.9657,1,17787,1353,229,1122,24,1098,0.9786,0.0214,0,0,163116431.0,8.2125,676.0,2.8306,72.94,Critical,0,0,Healthy
minimatch,npm,ssh://git@github.com/isaacs/minimatch,BlueOak-1.0.0,Permissive,1,15.19,58.2,145,9.55,1,22,228,202,205,0.886,0.8991,0.8589,1,2878,255,52,173,1,172,0.9942,0.0058,1,8,293752537.0,8.468,127.0,2.1072,67.09,Critical,0,1,Healthy
globby,npm,https://github.com/sindresorhus/globby,MIT,Permissive,1,12.26,35.3,59,4.81,1,46,206,104,129,0.5049,0.6262,0.7292,8,2191,144,22,242,29,213,0.8802,0.1198,7,8,242093003.0,8.384,72.0,1.8633,63.96,Critical,0,1,Healthy
del,npm,https://github.com/sindresorhus/del,MIT,Permissive,1,12.26,370.4,29,2.37,1,22,115,83,92,0.7217,0.8,0.7601,2,1272,69,19,148,16,132,0.8919,0.1081,7,5,66670481.0,7.8239,279.0,2.4472,66.25,Critical,0,1,Abandonment-Imminent
figures,npm,https://github.com/sindresorhus/figures,MIT,Permissive,1,12.21,933.2,25,2.05,1,12,113,56,97,0.4956,0.8584,0.7367,2,515,28,13,94,1,93,0.9894,0.0106,1,3,118650867.0,8.0743,14.0,1.1761,54.63,High,0,1,Abandonment-Imminent
log-symbols,npm,https://github.com/sindresorhus/log-symbols,MIT,Permissive,1,12.21,490.4,14,1.15,1,10,38,25,29,0.6579,0.7632,0.6368,3,658,30,9,31,0,31,1.0,0.0,2,4,111291984.0,8.0465,34.0,1.5441,58.3,High,0,1,Healthy
cli-spinners,npm,https://github.com/sindresorhus/cli-spinners,MIT,Permissive,1,10.56,253.4,30,2.84,1,27,67,38,40,0.5672,0.597,0.5683,14,1994,108,19,62,3,59,0.9516,0.0484,0,5,45704329.0,7.66,54.0,1.7404,57.71,High,0,1,At-Risk
boxen,npm,https://github.com/sindresorhus/boxen,MIT,Permissive,1,10.76,2.1,42,3.9,1,21,113,71,80,0.6283,0.708,0.7198,5,1267,66,10,82,1,81,0.9878,0.0122,7,2,64699912.0,7.8109,33.0,1.5315,56.55,High,0,1,Healthy
table,npm,https://github.com/gajus/table,BSD-3-Clause,Permissive,1,15.72,659.3,87,5.53,2,24,244,167,202,0.6844,0.8279,0.835,2,769,79,10,214,24,190,0.8879,0.1121,5,25,75560776.0,7.8783,39.0,1.6021,57.76,High,0,1,Abandonment-Imminent
strip-json-comments,npm,https://github.com/sindresorhus/strip-json-comments,MIT,Permissive,1,12.85,411.4,20,1.56,1,16,62,46,48,0.7419,0.7742,0.6935,4,535,46,15,58,1,57,0.9828,0.0172,0,4,180452512.0,8.2564,24.0,1.3979,58.2,High,0,1,Abandonment-Imminent
json5,npm,https://github.com/json5/json5,MIT,Permissive,1,14.32,1362.3,27,1.89,2,21,377,200,326,0.5305,0.8647,0.842,2,5574,196,79,292,24,268,0.9178,0.0822,0,17,264069291.0,8.4217,98.0,1.9956,65.6,Critical,0,1,Abandonment-Imminent
ini,npm,https://github.com/npm/ini,ISC,Permissive,1,15.13,138.2,29,1.92,4,19,114,57,71,0.5,0.6228,0.6925,5,690,217,48,170,50,120,0.7059,0.2941,0,3,129301970.0,8.1116,108.0,2.0374,63.92,Critical,0,1,Healthy
deepmerge,npm,https://github.com/TehShrike/deepmerge,MIT,Permissive,1,14.65,1287.0,46,3.14,1,24,182,135,142,0.7418,0.7802,0.7843,3,2502,212,15,252,51,201,0.7976,0.2024,0,11,116590819.0,8.0667,106.0,2.0294,63.53,Critical,0,1,Abandonment-Imminent
extend,npm,https://github.com/justmoon/node-extend,MIT,Permissive,1,15.36,2988.1,13,0.85,2,13,176,137,152,0.7784,0.8636,0.8164,2,336,66,14,60,0,60,1.0,0.0,0,5,96444441.0,7.9843,52.0,1.7243,59.76,High,0,1,Abandonment-Imminent
object-assign,npm,https://github.com/sindresorhus/object-assign,MIT,Permissive,1,12.64,3537.4,17,1.34,3,13,59,41,44,0.6949,0.7458,0.6858,4,907,78,20,31,0,31,1.0,0.0,0,4,136175058.0,8.1341,71.0,1.8573,62.18,Critical,0,1,Abandonment-Imminent
clone-deep,npm,https://github.com/jonschlinkert/clone-deep,MIT,Permissive,1,11.98,2863.0,16,1.34,2,2,48,46,48,0.9583,1.0,0.4583,1,280,44,3,23,5,18,0.7826,0.2174,3,2,58118732.0,7.7643,22.0,1.3617,54.45,High,0,1,Abandonment-Imminent
is-plain-object,npm,https://github.com/jonschlinkert/is-plain-object,MIT,Permissive,1,12.01,33.6,14,1.17,3,7,47,19,36,0.4043,0.766,0.5471,3,124,23,7,29,7,22,0.7586,0.2414,0,1,135257673.0,8.1312,11.0,1.0792,54.0,High,0,1,Healthy
kind-of,npm,https://github.com/jonschlinkert/kind-of,MIT,Permissive,1,11.99,2442.3,26,2.17,2,9,102,89,92,0.8725,0.902,0.7908,1,312,37,11,41,8,33,0.8049,0.1951,0,5,547986459.0,8.7388,27.0,1.4472,62.02,Critical,0,1,Abandonment-Imminent
is-number,npm,https://github.com/jonschlinkert/is-number,MIT,Permissive,1,12.01,3003.4,15,1.25,3,3,53,51,52,0.9623,0.9811,0.6289,1,209,39,7,33,9,24,0.7273,0.2727,0,4,279345332.0,8.4461,19.0,1.301,58.48,High,0,1,Abandonment-Imminent
is-glob,npm,https://github.com/micromatch/is-glob,MIT,Permissive,1,11.77,1820.3,16,1.36,3,5,61,49,54,0.8033,0.8852,0.6492,1,78,6,5,16,2,14,0.875,0.125,1,2,238920972.0,8.3783,5.0,0.7782,52.53,High,0,1,Abandonment-Imminent
fill-range,npm,https://github.com/jonschlinkert/fill-range,MIT,Permissive,1,11.83,855.6,33,2.79,3,6,129,119,123,0.9225,0.9535,0.7739,1,42,15,5,16,2,14,0.875,0.125,1,3,248262915.0,8.3949,7.0,0.9031,53.95,High,0,1,Abandonment-Imminent
to-regex-range,npm,https://github.com/micromatch/to-regex-range,MIT,Permissive,1,11.13,2726.7,18,1.62,2,3,74,69,72,0.9324,0.973,0.6036,1,112,14,5,15,6,9,0.6,0.4,1,5,216998285.0,8.3365,7.0,0.9031,53.55,High,0,1,Abandonment-Imminent
braces,npm,https://github.com/micromatch/braces,MIT,Permissive,1,11.93,855.6,37,3.1,2,8,217,202,208,0.9309,0.9585,0.8301,1,156,23,8,32,2,30,0.9375,0.0625,1,4,229117384.0,8.3601,11.0,1.0792,55.56,High,0,1,Abandonment-Imminent
anymatch,npm,https://github.com/micromatch/anymatch,ISC,Permissive,1,12.83,1402.2,18,1.4,4,12,155,99,138,0.6387,0.8903,0.7876,2,334,44,11,47,7,40,0.8511,0.1489,2,2,204543961.0,8.3108,22.0,1.3617,58.19,High,0,1,Abandonment-Imminent
micromatch,npm,https://github.com/micromatch/micromatch,MIT,Permissive,1,11.83,761.3,69,5.83,3,29,538,474,483,0.881,0.8978,0.895,1,2162,137,22,229,27,202,0.8821,0.1179,2,5,252056531.0,8.4015,68.0,1.8388,63.82,Critical,0,1,Abandonment-Imminent
picomatch,npm,https://github.com/micromatch/picomatch,MIT,Permissive,1,7.88,30.4,35,4.44,4,18,177,105,126,0.5932,0.7119,0.7643,4,572,44,11,107,30,77,0.7196,0.2804,0,5,146778780.0,8.1667,22.0,1.3617,57.21,High,0,1,Healthy
nanomatch,npm,https://github.com/micromatch/nanomatch,MIT,Permissive,1,10.05,3010.5,28,2.79,2,4,172,166,170,0.9651,0.9884,0.7238,1,84,21,6,28,8,20,0.7143,0.2857,11,11,70433205.0,7.8478,10.0,1.0414,51.66,High,0,1,Abandonment-Imminent
arr-diff,npm,https://github.com/jonschlinkert/arr-diff,MIT,Permissive,1,11.99,3449.8,11,0.92,2,3,37,34,36,0.9189,0.973,0.5946,1,42,17,3,16,5,11,0.6875,0.3125,0,7,88502015.0,7.947,8.0,0.9542,51.43,High,0,1,Abandonment-Imminent
arr-flatten,npm,https://github.com/jonschlinkert/arr-flatten,MIT,Permissive,1,11.99,3367.2,8,0.67,1,2,23,22,23,0.9565,1.0,0.4565,1,57,14,5,10,7,3,0.3,0.7,0,16,65894359.0,7.8188,7.0,0.9031,50.01,High,0,1,Abandonment-Imminent
array-unique,npm,https://github.com/jonschlinkert/array-unique,MIT,Permissive,1,11.82,3706.0,4,0.34,2,2,11,10,11,0.9091,1.0,0.4091,1,58,14,4,10,5,5,0.5,0.5,0,5,84137899.0,7.925,7.0,0.9031,50.74,High,0,1,Abandonment-Imminent
repeat-element,npm,https://github.com/jonschlinkert/repeat-element,MIT,Permissive,1,11.7,1995.0,6,0.51,1,3,22,18,21,0.8182,0.9545,0.5152,1,19,6,2,6,0,6,1.0,0.0,0,6,71244621.0,7.8528,5.0,0.7782,48.93,High,0,1,Abandonment-Imminent
repeat-string,npm,https://github.com/jonschlinkert/repeat-string,MIT,Permissive,1,12.49,3622.3,17,1.36,2,5,66,60,62,0.9091,0.9394,0.7212,1,43,15,5,12,4,8,0.6667,0.3333,0,8,76920626.0,7.886,7.0,0.9031,50.47,High,0,1,Abandonment-Imminent
split-string,npm,https://github.com/jonschlinkert/split-string,MIT,Permissive,1,11.08,2711.0,19,1.71,2,4,71,53,65,0.7465,0.9155,0.5739,2,54,14,3,21,8,13,0.619,0.381,0,4,67106283.0,7.8268,7.0,0.9031,50.07,High,0,1,Abandonment-Imminent
set-value,npm,https://github.com/jonschlinkert/set-value,MIT,Permissive,1,11.5,1837.6,25,2.17,2,10,90,78,81,0.8667,0.9,0.7911,1,246,43,9,45,11,34,0.7556,0.2444,2,3,76810457.0,7.8854,21.0,1.3424,55.08,High,0,1,Abandonment-Imminent
get-value,npm,https://github.com/jonschlinkert/get-value,MIT,Permissive,1,11.97,101.5,34,2.84,2,3,91,87,89,0.956,0.978,0.6227,1,212,23,7,25,5,20,0.8,0.2,0,21,74187338.0,7.8703,11.0,1.0792,52.21,High,0,1,Healthy
has-value,npm,https://github.com/jonschlinkert/has-value,MIT,Permissive,1,12.01,3126.1,9,0.75,1,3,35,32,34,0.9143,0.9714,0.5905,1,24,7,3,7,2,5,0.7143,0.2857,2,2,141802220.0,8.1517,6.0,0.8451,51.68,High,0,1,Abandonment-Imminent
union-value,npm,https://github.com/jonschlinkert/union-value,MIT,Permissive,1,11.22,2652.4,11,0.98,2,4,27,22,25,0.8148,0.9259,0.6019,1,23,13,5,13,6,7,0.5385,0.4615,2,2,68364670.0,7.8348,6.0,0.8451,49.51,High,0,1,Abandonment-Imminent
pascalcase,npm,https://github.com/jonschlinkert/pascalcase,MIT,Permissive,1,11.1,1729.4,4,0.36,1,1,12,12,12,1.0,1.0,1.0,1,34,4,3,2,1,1,0.5,0.5,1,2,70152285.0,7.846,5.0,0.7782,48.89,High,0,1,Abandonment-Imminent
decamelize,npm,https://github.com/sindresorhus/decamelize,MIT,Permissive,1,11.66,400.4,15,1.29,1,13,50,32,36,0.64,0.72,0.6523,4,216,26,10,40,2,38,0.95,0.05,0,3,113778325.0,8.0561,13.0,1.1461,54.19,High,0,1,Abandonment-Imminent
camelcase,npm,https://github.com/sindresorhus/camelcase,MIT,Permissive,1,12.9,317.1,27,2.09,1,25,89,57,62,0.6404,0.6966,0.6769,8,600,85,14,102,1,101,0.9902,0.0098,0,3,337838527.0,8.5287,42.0,1.6335,62.53,Critical,0,1,At-Risk
strip-ansi,npm,https://github.com/chalk/strip-ansi,MIT,Permissive,1,12.79,209.4,22,1.72,1,9,60,48,50,0.8,0.8333,0.7185,1,329,32,10,43,1,42,0.9767,0.0233,1,3,484974326.0,8.6857,16.0,1.2304,59.38,High,0,1,At-Risk
supports-color,npm,https://github.com/chalk/supports-color,MIT,Permissive,1,12.28,59.4,55,4.48,1,34,177,118,137,0.6667,0.774,0.7685,4,314,85,12,143,3,140,0.979,0.021,0,4,1051982623.0,9.022,42.0,1.6335,65.91,Critical,0,1,Healthy
picocolors,npm,https://github.com/alexeyraspopov/picocolors,ISC,Permissive,1,4.99,707.2,9,1.8,1,7,27,20,22,0.7407,0.8148,0.6243,2,781,23,7,48,7,41,0.8542,0.1458,0,0,216122602.0,8.3347,11.0,1.0792,55.39,High,0,1,Abandonment-Imminent
kleur,npm,https://github.com/lukeed/kleur,MIT,Permissive,1,8.21,1550.2,21,2.56,1,16,123,106,108,0.8618,0.878,0.8125,1,1344,44,11,57,10,47,0.8246,0.1754,0,2,69599429.0,7.8426,22.0,1.3617,54.99,High,0,1,Abandonment-Imminent
colorette,npm,https://github.com/jorgebucaran/colorette,MIT,Permissive,1,8.09,1256.4,37,4.57,1,14,347,332,335,0.9568,0.9654,0.8903,1,1412,54,11,87,4,83,0.954,0.046,0,2,94341873.0,7.9747,27.0,1.4472,56.79,High,0,1,Abandonment-Imminent
pretty-bytes,npm,https://github.com/sindresorhus/pretty-bytes,MIT,Permissive,1,12.62,20.1,32,2.54,1,15,69,50,53,0.7246,0.7681,0.7092,4,860,80,12,74,3,71,0.9595,0.0405,0,3,45567814.0,7.6587,40.0,1.6128,56.37,High,0,1,Healthy
ms,npm,https://github.com/vercel/ms,MIT,Permissive,1,14.76,2115.4,32,2.17,6,50,350,113,161,0.3229,0.46,0.7063,13,4500,450,75,227,17,210,0.9251,0.0749,0,6,770489731.0,8.8868,125.0,2.1004,69.88,Critical,0,1,Abandonment-Imminent
bytes,npm,https://github.com/visionmedia/bytes.js,MIT,Permissive,1,14.28,1699.8,18,1.26,2,18,159,123,138,0.7736,0.8679,0.8166,2,405,56,9,61,4,57,0.9344,0.0656,0,4,183571595.0,8.2638,28.0,1.4624,58.93,High,0,1,Abandonment-Imminent
filesize,npm,https://github.com/avoidwork/filesize.js,BSD-3-Clause,Permissive,1,14.38,8.9,149,10.36,1,20,304,274,281,0.9013,0.9243,0.8803,1,1336,99,15,167,0,167,1.0,0.0,0,6,42880052.0,7.6323,49.0,1.699,57.09,High,0,1,Healthy
humanize-duration,npm,https://github.com/EvanHahn/HumanizeDuration.js,Unlicense,Permissive,1,13.2,12.8,84,6.36,1,53,593,507,518,0.855,0.8735,0.8808,1,1429,174,10,210,5,205,0.9762,0.0238,0,9,2249987.0,6.3522,87.0,1.9445,50.91,High,0,1,Healthy
is-wsl,npm,https://github.com/sindresorhus/is-wsl,MIT,Permissive,1,9.44,220.6,9,0.95,1,6,17,12,13,0.7059,0.7647,0.5392,3,167,5,9,9,0,9,1.0,0.0,1,4,140692367.0,8.1483,5.0,0.7782,50.96,High,0,1,Healthy
open,npm,https://github.com/sindresorhus/open,MIT,Permissive,1,14.44,9.1,56,3.88,1,45,178,118,124,0.6629,0.6966,0.7179,10,2762,181,30,290,36,254,0.8759,0.1241,6,4,97275724.0,7.988,90.0,1.959,62.25,Critical,0,1,Healthy
cpy,npm,https://github.com/sindresorhus/cpy,MIT,Permissive,1,12.24,22.2,44,3.59,1,27,107,65,73,0.6075,0.6822,0.6874,8,368,61,13,103,11,92,0.8932,0.1068,6,5,13276213.0,7.1231,30.0,1.4914,51.43,High,0,1,Healthy
make-dir,npm,https://github.com/sindresorhus/make-dir,MIT,Permissive,1,9.38,378.2,13,1.39,1,8,48,32,37,0.6667,0.7708,0.6406,3,453,35,10,38,4,34,0.8947,0.1053,0,8,215250824.0,8.3329,17.0,1.2553,57.23,High,0,1,Abandonment-Imminent
p-map,npm,https://github.com/sindresorhus/p-map,MIT,Permissive,1,9.92,11.0,24,2.42,1,14,51,32,35,0.6275,0.6863,0.6289,5,884,53,12,60,5,55,0.9167,0.0833,0,8,153941163.0,8.1874,26.0,1.4314,58.08,High,0,1,Healthy
p-filter,npm,https://github.com/sindresorhus/p-filter,MIT,Permissive,1,9.92,1001.3,6,0.6,1,4,16,12,14,0.75,0.875,0.5312,2,60,6,6,6,0,6,1.0,0.0,1,3,16662792.0,7.2217,5.0,0.7782,44.62,High,0,1,Abandonment-Imminent
p-all,npm,https://github.com/sindresorhus/p-all,MIT,Permissive,1,9.92,370.8,7,0.71,1,5,17,12,14,0.7059,0.8235,0.5412,2,199,10,10,11,0,11,1.0,0.0,1,4,13592563.0,7.1333,5.0,0.7782,44.01,High,0,1,Healthy
p-series,npm,https://github.com/sindresorhus/p-series,MIT,Permissive,1,9.84,1868.0,5,0.51,1,4,14,10,12,0.7143,0.8571,0.5,2,58,2,6,5,0,5,1.0,0.0,0,3,131335.0,5.1184,5.0,0.7782,30.23,Medium,0,1,Abandonment-Imminent
p-waterfall,npm,https://github.com/sindresorhus/p-waterfall,MIT,Permissive,1,9.84,1993.7,5,0.51,1,3,13,10,12,0.7692,0.9231,0.4615,2,70,4,6,9,1,8,0.8889,0.1111,1,3,5263176.0,6.7212,5.0,0.7782,41.19,High,0,1,Abandonment-Imminent
request,npm,https://github.com/request/request,Apache-2.0,Permissive,1,15.67,2416.3,126,8.04,4,100,1262,367,626,0.2908,0.496,0.7812,14,25586,3211,442,3402,93,3309,0.9727,0.0273,20,20,62863404.0,7.7984,1605.0,3.2057,74.04,Critical,1,1,Abandonment-Imminent
left-pad,npm,ssh://git@github.com/stevemao/left-pad,WTFPL,Permissive,1,12.53,3090.0,15,1.2,2,17,54,17,26,0.3148,0.4815,0.5447,7,1222,144,24,67,10,57,0.8507,0.1493,0,3,11046209.0,7.0432,72.0,1.8633,54.78,High,1,1,Abandonment-Imminent
nomnom,npm,http://github.com/harthur/nomnom,MIT,Permissive,1,15.46,4338.2,25,1.62,1,11,126,111,116,0.881,0.9206,0.8211,1,473,60,9,83,52,31,0.3735,0.6265,2,1,2850946.0,6.455,32.0,1.5185,47.14,High,1,1,Abandonment-Imminent
colors,npm,ssh://git@github.com/Marak/colors.js,MIT,Permissive,1,15.53,2558.0,26,1.67,1,40,196,73,121,0.3724,0.6173,0.7247,8,4972,455,56,334,83,251,0.7515,0.2485,0,2,91502258.0,7.9614,455.0,2.659,69.42,Critical,0,1,Abandonment-Imminent
event-stream,npm,https://github.com/dominictarr/event-stream,MIT,Permissive,1,15.09,2916.7,84,5.57,1,33,273,217,223,0.7949,0.8168,0.8263,2,2187,157,70,122,7,115,0.9426,0.0574,7,5,15644573.0,7.1944,101.0,2.0086,57.34,High,0,1,Abandonment-Imminent
jade,npm,https://github.com/jadejs/jade,MIT,Permissive,1,15.76,4121.8,131,8.31,1,100,1824,1077,1308,0.5905,0.7171,0.8836,3,20815,1974,553,3368,280,3088,0.9169,0.0831,10,33,1821466.0,6.2604,987.0,2.9948,61.31,Critical,1,1,Abandonment-Imminent
coffee-script,npm,https://github.com/jashkenas/coffeescript,MIT,Permissive,1,15.75,3355.7,45,2.86,4,100,3792,1962,2348,0.5174,0.6192,0.8743,7,16238,2026,521,5364,72,5292,0.9866,0.0134,0,6,3654046.0,6.5628,1013.0,3.006,63.49,Critical,1,1,Abandonment-Imminent
bower,npm,bower/bower,MIT,Permissive,1,14.05,1654.3,99,7.05,2,99,2172,1176,1630,0.5414,0.7505,0.8783,4,15064,1955,725,2592,3,2589,0.9988,0.0012,0,0,1277093.0,6.1062,977.0,2.9903,60.2,Critical,0,1,Abandonment-Imminent
gulp-util,npm,https://github.com/gulpjs/gulp-util,MIT,Permissive,1,13.22,3558.0,40,3.03,2,36,89,16,25,0.1798,0.2809,0.4878,19,837,105,24,168,2,166,0.9881,0.0119,18,10,4712088.0,6.6732,219.0,2.3424,57.28,High,1,1,Abandonment-Imminent
uglify-js,npm,https://github.com/mishoo/UglifyJS,BSD-2-Clause,Permissive,1,15.72,755.4,288,18.32,3,100,3168,2279,2796,0.7194,0.8826,0.9466,2,12338,1245,274,5724,33,5691,0.9942,0.0058,0,2,73475996.0,7.8661,622.0,2.7945,70.19,Critical,0,1,Abandonment-Imminent
babel-core,npm,https://github.com/babel/babel,MIT,Permissive,1,11.6,3071.6,257,22.16,3,1100,18000,4599,6539,0.2555,0.3633,0.8807,55,43000,5600,850,14150,150,14000,0.9894,0.0106,19,3,26393821.0,7.4215,5.0,0.7782,45.98,High,0,0,Abandonment-Imminent
grunt,npm,https://github.com/gruntjs/grunt,MIT,Permissive,1,14.7,57.5,73,4.97,5,71,1395,1126,1200,0.8072,0.8602,0.921,1,12179,1539,492,1732,157,1575,0.9094,0.0906,13,7,2654981.0,6.4241,769.0,2.8865,61.29,Critical,0,1,At-Risk
optimist,npm,https://github.com/substack/node-optimist,MIT,Permissive,1,15.76,4612.8,39,2.47,2,30,250,86,122,0.344,0.488,0.6547,9,1400,220,45,235,45,190,0.8085,0.1915,2,2,14710224.0,7.1676,142.0,2.1553,58.7,High,0,1,Abandonment-Imminent
connect,npm,https://github.com/senchalabs/connect,MIT,Permissive,1,15.74,2686.0,234,14.87,1,100,3130,1905,2763,0.6086,0.8827,0.94,2,9485,1145,310,1133,4,1129,0.9965,0.0035,4,4,21374513.0,7.3299,572.0,2.7582,66.14,Critical,0,1,Abandonment-Imminent
restify,npm,https://github.com/restify/node-restify,MIT,Permissive,1,15.41,29.3,186,12.07,15,100,884,228,332,0.2579,0.3756,0.7492,19,10535,1016,247,1934,101,1833,0.9478,0.0522,19,24,1241172.0,6.0938,508.0,2.7067,57.14,High,0,1,Healthy
async-listener,npm,https://github.com/othiym23/async-listener,BSD-2-Clause,Permissive,1,13.06,2888.2,36,2.76,3,9,65,20,35,0.3077,0.5385,0.5094,4,166,50,15,144,24,120,0.8333,0.1667,2,1,8277128.0,6.9179,25.0,1.415,49.22,High,0,1,Abandonment-Imminent
node-uuid,npm,https://github.com/broofa/node-uuid,MIT,Permissive,1,14.63,3473.0,14,0.96,2,23,196,90,160,0.4592,0.8163,0.7972,2,270,32,9,1,0,1,1.0,0.0,0,1,4657800.0,6.6682,193.0,2.2878,56.68,High,1,1,Abandonment-Imminent
mkdirp-then,npm,https://github.com/fs-utils/mkdirp-then,MIT,Permissive,1,12.11,3860.9,5,0.41,2,3,12,8,11,0.6667,0.9167,0.3889,2,12,1,4,8,0,8,1.0,0.0,2,4,97496.0,4.989,5.0,0.7782,29.34,Medium,0,1,Abandonment-Imminent
fs-promise,npm,https://github.com/kevinbeaty/fs-promise,MIT,Permissive,1,13.34,3428.0,14,1.05,1,10,40,22,28,0.55,0.7,0.6,4,171,11,7,33,2,31,0.9394,0.0606,4,8,338175.0,5.5291,27.0,1.4472,40.06,High,1,1,Abandonment-Imminent
q,npm,https://github.com/kriskowal/q,MIT,Permissive,1,15.75,3261.3,76,4.83,2,71,716,346,553,0.4832,0.7723,0.8573,3,14957,1242,418,854,117,737,0.863,0.137,0,9,59231253.0,7.7726,621.0,2.7938,69.54,Critical,1,1,Abandonment-Imminent
when,npm,https://github.com/cujojs/when,MIT,Permissive,1,14.32,3503.0,63,4.4,1,53,1368,1207,1277,0.8823,0.9335,0.9324,1,3445,409,137,511,68,443,0.8669,0.1331,0,16,6652303.0,6.823,204.0,2.3118,57.99,High,0,1,Abandonment-Imminent
bluebird,npm,https://github.com/petkaantonov/bluebird,MIT,Permissive,1,13.0,2491.0,223,17.15,1,99,1735,1466,1538,0.845,0.8865,0.9165,1,20109,2425,352,1680,114,1566,0.9321,0.0679,0,25,97415257.0,7.9886,1212.0,3.0839,74.06,Critical,0,1,Abandonment-Imminent
co,npm,https://github.com/tj/co,MIT,Permissive,1,13.3,4094.1,34,2.56,3,51,221,90,153,0.4072,0.6923,0.7282,9,11793,826,273,333,44,289,0.8679,0.1321,0,4,85387073.0,7.9314,413.0,2.617,68.77,Critical,0,1,Abandonment-Imminent
step,npm,ssh://git@github.com/creationix/step,MIT,Permissive,1,15.59,3547.1,5,0.32,1,8,31,14,23,0.4516,0.7419,0.5444,3,2220,199,83,59,22,37,0.6271,0.3729,0,0,160601.0,5.2058,99.0,2.0,43.65,High,0,0,Abandonment-Imminent
consolidate,npm,https://github.com/ladjs/consolidate,MIT,Permissive,1,14.84,805.1,30,2.02,4,77,275,78,109,0.2836,0.3964,0.6134,28,3436,374,65,344,46,298,0.8663,0.1337,0,59,11651351.0,7.0664,187.0,2.2742,59.26,High,0,1,Abandonment-Imminent
swig,npm,http://github.com/paularmstrong/swig,MIT,Permissive,1,15.06,4433.2,53,3.52,1,38,931,817,839,0.8776,0.9012,0.9064,1,3124,462,80,144,0,144,1.0,0.0,2,14,142932.0,5.1551,231.0,2.3655,47.14,High,1,1,Abandonment-Imminent
dustjs-linkedin,npm,https://github.com/linkedin/dustjs,MIT,Permissive,1,14.35,1729.2,55,3.83,7,35,350,92,160,0.2629,0.4571,0.7402,7,2908,501,140,806,80,726,0.9007,0.0993,2,24,78441.0,4.8945,250.0,2.3997,45.72,High,0,1,Abandonment-Imminent
vows,npm,https://github.com/cloudhead/vows,MIT,Permissive,1,15.74,2535.1,37,2.35,6,3,52,28,51,0.5385,0.9808,0.3462,2,1570,171,30,408,29,379,0.9289,0.0711,3,0,118223.0,5.0727,85.0,1.9345,42.05,High,0,1,Abandonment-Imminent
expresso,npm,https://github.com/visionmedia/expresso,MIT,Permissive,1,15.74,5460.4,26,1.65,2,17,238,191,204,0.8025,0.8571,0.8428,1,762,98,10,177,78,99,0.5593,0.4407,0,0,671.0,2.8274,49.0,1.699,24.22,Medium,0,0,Abandonment-Imminent
should,npm,https://github.com/shouldjs/should.js,MIT,Permissive,1,15.47,2977.4,114,7.37,3,65,599,359,491,0.5993,0.8197,0.8578,2,1911,132,42,187,11,176,0.9412,0.0588,5,11,3517716.0,6.5463,130.0,2.1173,54.05,High,0,1,Abandonment-Imminent
expect.js,npm,https://github.com/LearnBoost/expect.js,MIT,Permissive,1,14.77,4598.4,6,0.41,1,19,49,25,28,0.5102,0.5714,0.5521,10,2101,220,160,171,88,83,0.4854,0.5146,0,2,419206.0,5.6224,110.0,2.0453,46.98,High,0,1,Abandonment-Imminent
urllib,npm,https://github.com/node-modules/urllib,MIT,Permissive,1,15.36,284.3,250,16.28,11,41,513,386,425,0.7524,0.8285,0.8654,2,693,110,34,431,3,428,0.993,0.007,7,28,957401.0,5.9811,55.0,1.7482,46.31,High,0,1,At-Risk
querystring,npm,https://github.com/Gozala/querystring,MIT,Permissive,1,15.44,2046.4,5,0.32,2,10,32,18,22,0.5625,0.6875,0.5687,4,279,73,6,55,16,39,0.7091,0.2909,0,3,99063251.0,7.9959,41.0,1.6232,58.78,High,1,1,Abandonment-Imminent
url,npm,https://github.com/defunctzombie/node-url,MIT,Permissive,1,15.21,789.2,11,0.72,3,11,51,22,41,0.4314,0.8039,0.6417,2,343,87,5,61,16,45,0.7377,0.2623,2,7,86383828.0,7.9364,75.0,1.8808,61.08,Critical,0,1,Abandonment-Imminent
punycode,npm,https://github.com/mathiasbynens/punycode.js,MIT,Permissive,1,15.05,1059.2,31,2.06,2,12,126,112,114,0.8889,0.9048,0.8214,1,1434,164,37,123,46,77,0.626,0.374,0,3,259231088.0,8.4137,82.0,1.9191,64.75,Critical,0,1,Abandonment-Imminent
builtin-modules,npm,https://github.com/sindresorhus/builtin-modules,MIT,Permissive,1,11.39,6.7,15,1.32,1,7,29,23,24,0.7931,0.8276,0.6502,2,108,11,6,15,1,14,0.9333,0.0667,0,3,44919489.0,7.6524,5.0,0.7782,47.56,High,0,1,Healthy
resolve-from,npm,https://github.com/sindresorhus/resolve-from,MIT,Permissive,1,12.18,2718.8,6,0.49,1,7,30,22,25,0.7333,0.8333,0.6381,2,123,14,7,17,1,16,0.9412,0.0588,0,3,252706742.0,8.4026,7.0,0.9031,54.01,High,0,1,Abandonment-Imminent
find-up,npm,https://github.com/sindresorhus/find-up,MIT,Permissive,1,11.06,372.9,16,1.45,1,15,64,42,46,0.6562,0.7188,0.6792,4,457,45,11,63,2,61,0.9683,0.0317,2,5,408227273.0,8.6109,22.0,1.3617,60.24,Critical,0,1,Abandonment-Imminent
locate-path,npm,https://github.com/sindresorhus/locate-path,MIT,Permissive,1,9.84,373.0,12,1.22,1,7,27,20,22,0.7407,0.8148,0.6243,2,52,16,5,10,0,10,1.0,0.0,1,3,368477346.0,8.5664,8.0,0.9542,55.66,High,0,1,Healthy
p-locate,npm,https://github.com/sindresorhus/p-locate,MIT,Permissive,1,9.84,232.7,8,0.81,1,5,22,17,19,0.7727,0.8636,0.6,2,66,7,6,8,0,8,1.0,0.0,1,6,355184304.0,8.5505,5.0,0.7782,53.71,High,0,1,Healthy
p-limit,npm,https://github.com/sindresorhus/p-limit,MIT,Permissive,1,9.92,5.2,27,2.72,1,11,44,33,35,0.75,0.7955,0.6777,3,999,73,11,63,3,60,0.9524,0.0476,1,6,313404484.0,8.4961,36.0,1.5682,61.63,Critical,0,1,Healthy
p-try,npm,https://github.com/sindresorhus/p-try,MIT,Permissive,1,9.92,1815.3,5,0.5,1,5,16,11,13,0.6875,0.8125,0.525,2,42,11,6,8,0,8,1.0,0.0,0,3,202147879.0,8.3057,5.0,0.7782,52.03,High,0,1,Abandonment-Imminent
p-finally,npm,https://github.com/sindresorhus/p-finally,MIT,Permissive,1,9.92,1993.8,4,0.4,1,3,14,12,13,0.8571,0.9286,0.5238,1,47,7,7,3,0,3,1.0,0.0,0,2,91881443.0,7.9632,5.0,0.7782,49.69,High,1,1,Abandonment-Imminent
p-queue,npm,https://github.com/sindresorhus/p-queue,MIT,Permissive,1,9.9,63.5,56,5.66,1,30,133,85,94,0.6391,0.7068,0.715,8,2285,158,22,169,29,140,0.8284,0.1716,2,14,18473015.0,7.2665,79.0,1.9031,56.73,High,0,1,Healthy
p-retry,npm,https://github.com/sindresorhus/p-retry,MIT,Permissive,1,9.92,22.4,27,2.72,1,19,59,40,42,0.678,0.7119,0.6405,8,583,50,7,67,12,55,0.8209,0.1791,1,5,59553283.0,7.7749,25.0,1.415,55.08,High,0,1,Healthy
amdefine,npm,https://github.com/jrburke/amdefine,BSD-3-Clause,Permissive,1,14.79,3612.8,12,0.81,1,6,36,26,31,0.7222,0.8611,0.6389,2,211,42,9,37,7,30,0.8108,0.1892,0,0,23488508.0,7.3709,21.0,1.3424,51.56,High,0,0,Abandonment-Imminent
source-map-support,npm,https://github.com/evanw/node-source-map-support,MIT,Permissive,1,13.68,1769.5,66,4.82,3,62,242,86,135,0.3554,0.5579,0.6918,16,2026,232,17,315,114,201,0.6381,0.3619,2,5,156491016.0,8.1945,116.0,2.0682,64.81,Critical,0,1,Abandonment-Imminent
clean-css,npm,https://github.com/clean-css/clean-css,MIT,Permissive,1,15.57,1028.6,211,13.55,2,83,1313,1065,1185,0.8111,0.9025,0.9175,1,3945,322,76,1213,5,1208,0.9959,0.0041,1,8,61658676.0,7.79,161.0,2.2095,63.53,Critical,0,1,Abandonment-Imminent
html-minifier,npm,https://github.com/kangax/html-minifier,MIT,Permissive,1,15.13,2732.2,80,5.29,3,73,1001,399,637,0.3986,0.6364,0.8802,3,4648,588,99,1124,88,1036,0.9217,0.0783,7,6,16430804.0,7.2157,294.0,2.4698,62.33,Critical,0,1,Abandonment-Imminent
uglifyjs-webpack-plugin,npm,https://github.com/webpack-contrib/uglifyjs-webpack-plugin,MIT,Permissive,1,9.66,2611.5,50,5.18,3,47,160,52,78,0.325,0.4875,0.6545,15,1368,199,29,409,4,405,0.9902,0.0098,9,25,4713472.0,6.6733,99.0,2.0,53.69,High,0,1,Abandonment-Imminent
node-sass,npm,https://github.com/sass/node-sass,MIT,Permissive,1,14.28,1222.7,148,10.36,2,180,2400,690,978,0.2875,0.4075,0.8038,24,8900,1500,220,2964,164,2800,0.9447,0.0553,14,6,13943194.0,7.1444,668.0,2.8254,65.57,Critical,1,1,Abandonment-Imminent
charenc,npm,https://github.com/pvorb/node-charenc,BSD-3-Clause,Permissive,1,15.02,3562.0,3,0.2,1,2,5,4,5,0.8,1.0,0.3,1,13,2,2,3,0,3,1.0,0.0,0,0,20113176.0,7.3035,5.0,0.7782,45.18,High,0,0,Abandonment-Imminent
crypt,npm,https://github.com/pvorb/node-crypt,BSD-3-Clause,Permissive,1,15.02,3562.0,3,0.2,1,2,5,4,5,0.8,1.0,0.3,1,14,10,2,3,1,2,0.6667,0.3333,0,0,20144091.0,7.3041,5.0,0.7782,45.18,High,0,0,Abandonment-Imminent
is-buffer,npm,https://github.com/feross/is-buffer,MIT,Permissive,1,11.9,2150.2,16,1.34,1,6,80,66,74,0.825,0.925,0.7208,1,86,25,3,44,4,40,0.9091,0.0909,0,3,152477312.0,8.1832,12.0,1.1139,54.72,High,0,1,Abandonment-Imminent
core-util-is,npm,https://github.com/isaacs/core-util-is,MIT,Permissive,1,13.08,1849.4,4,0.31,1,4,24,19,22,0.7917,0.9167,0.5833,2,94,26,5,29,3,26,0.8966,0.1034,0,1,170974810.0,8.2329,13.0,1.1461,55.4,High,0,1,Abandonment-Imminent
inherits,npm,https://github.com/isaacs/inherits,ISC,Permissive,1,15.47,2653.2,7,0.45,1,2,26,25,26,0.9615,1.0,0.4615,1,344,78,22,47,8,39,0.8298,0.1702,0,1,297513103.0,8.4735,45.0,1.6628,62.46,Critical,0,1,Abandonment-Imminent
type-fest,npm,https://github.com/sindresorhus/type-fest,MIT,Permissive,1,7.53,6.6,194,25.76,1,100,456,258,277,0.5658,0.6075,0.7281,23,9802,369,47,543,122,421,0.7753,0.2247,1,13,399599391.0,8.6016,184.0,2.2672,69.68,Critical,0,1,Healthy
validate-npm-package-name,npm,https://github.com/npm/validate-npm-package-name,ISC,Permissive,1,11.86,138.2,22,1.85,4,13,67,23,36,0.3433,0.5373,0.5832,5,260,45,27,63,1,62,0.9841,0.0159,0,2,32179174.0,7.5076,22.0,1.3617,52.7,High,0,1,Healthy
express-fileupload,npm,https://github.com/richardgirges/express-fileupload,MIT,Permissive,1,11.15,445.4,50,4.48,2,35,320,179,255,0.5594,0.7969,0.8171,3,1318,236,24,320,21,299,0.9344,0.0656,1,9,891120.0,5.9499,118.0,2.0755,49.53,High,0,1,Abandonment-Imminent
jayson,npm,https://github.com/tedeh/jayson,MIT,Permissive,1,14.23,5.6,60,4.22,1,18,473,435,446,0.9197,0.9429,0.8968,1,633,125,13,206,0,206,1.0,0.0,9,17,937284.0,5.9719,62.0,1.7993,46.79,High,0,1,Healthy
ora,npm,https://github.com/sindresorhus/ora,MIT,Permissive,1,10.56,93.5,57,5.4,1,46,153,98,104,0.6405,0.6797,0.6787,16,7942,289,45,215,15,200,0.9302,0.0698,8,5,63877744.0,7.8053,149.0,2.1761,63.28,Critical,0,1,Healthy
helmet-csp,npm,https://github.com/helmetjs/helmet,MIT,Permissive,1,11.91,73.9,43,3.61,1,41,756,694,700,0.918,0.9259,0.9174,1,9021,376,99,367,6,361,0.9837,0.0163,0,0,2702397.0,6.4317,188.0,2.2765,54.94,High,0,1,Healthy
react-use-gesture,npm,https://github.com/pmndrs/react-use-gesture,MIT,Permissive,1,7.5,2026.1,173,23.07,2,50,1385,1074,1181,0.7755,0.8527,0.9279,2,6508,244,38,432,9,423,0.9792,0.0208,0,29,708309.0,5.8502,122.0,2.0899,49.0,High,1,1,Abandonment-Imminent
koa-compose,npm,https://github.com/koajs/compose,MIT,Permissive,1,13.11,3046.4,16,1.22,12,17,127,64,86,0.5039,0.6772,0.7281,3,943,142,16,151,13,138,0.9139,0.0861,0,4,7150001.0,6.8543,71.0,1.8573,53.43,High,0,1,Abandonment-Imminent
parse5,npm,https://github.com/inikulin/parse5,MIT,Permissive,1,13.23,157.2,61,4.61,5,33,894,490,732,0.5481,0.8188,0.8871,2,3184,238,45,736,21,715,0.9715,0.0285,1,0,142318649.0,8.1533,119.0,2.0792,64.64,Critical,0,0,At-Risk
@aws-sdk/util-middleware,npm,https://github.com/aws/aws-sdk-js-v3,Apache-2.0,Permissive,1,4.51,1161.2,52,11.53,2,100,2434,1184,1660,0.4864,0.682,0.9134,5,2019,384,39,4130,377,3753,0.9087,0.0913,2,8,17678042.0,7.2474,192.0,2.2856,60.61,Critical,1,1,Abandonment-Imminent
jest-serializer,npm,https://github.com/facebook/jest,MIT,Permissive,1,8.59,1612.5,63,7.33,2,100,4101,1283,1943,0.3129,0.4738,0.7436,21,39523,5917,555,12914,1096,11818,0.9151,0.0849,2,1,85407816.0,7.9315,2958.0,3.4711,77.74,Critical,1,0,Abandonment-Imminent
@prisma/client,npm,https://github.com/prisma/prisma,Apache-2.0,Permissive,1,6.69,29.5,10658,1593.12,4,100,8865,2164,3831,0.2441,0.4321,0.9141,6,28313,1017,233,12439,2549,9890,0.7951,0.2049,1,100,3105178.0,6.4921,508.0,2.7067,59.87,High,0,1,At-Risk
@middy/util,npm,https://github.com/middyjs/middy,MIT,Permissive,1,5.66,27.0,201,35.51,3,100,1320,894,1010,0.6773,0.7652,0.8678,4,3187,313,38,986,4,982,0.9959,0.0041,0,4,730597.0,5.8637,156.0,2.1959,50.21,High,0,1,Healthy
log-update,npm,https://github.com/sindresorhus/log-update,MIT,Permissive,1,11.11,171.7,24,2.16,1,14,58,40,44,0.6897,0.7586,0.6847,4,941,47,11,58,4,54,0.931,0.069,6,5,47928472.0,7.6806,27.0,1.4472,54.78,High,0,1,Healthy
dependency-cruiser,npm,https://github.com/sverweij/dependency-cruiser,MIT,Permissive,1,9.84,3.6,587,59.65,2,32,1731,1686,1692,0.974,0.9775,0.9492,1,3458,204,19,725,22,703,0.9697,0.0303,18,27,722428.0,5.8588,102.0,2.0128,48.25,High,0,1,Healthy
follow-redirects,npm,ssh://git@github.com/follow-redirects/follow-redirects,MIT,Permissive,1,13.85,163.5,71,5.13,2,31,319,225,262,0.7053,0.8213,0.85,2,458,134,15,212,7,205,0.967,0.033,0,6,149018103.0,8.1732,67.0,1.8325,62.19,Critical,0,1,At-Risk
xss-filters,npm,https://github.com/yahoo/xss-filters,BSD-2-Clause,Permissive,1,11.61,3663.2,18,1.55,4,5,29,15,22,0.5172,0.7586,0.4552,3,1054,151,52,62,7,55,0.8871,0.1129,0,20,317852.0,5.5022,75.0,1.8808,44.43,High,0,1,Abandonment-Imminent
mdast-util-to-hast,npm,https://github.com/syntax-tree/mdast-util-to-hast,MIT,Permissive,1,10.27,304.1,60,5.84,2,29,229,197,200,0.8603,0.8734,0.8411,1,66,62,9,62,0,62,1.0,0.0,9,14,19283946.0,7.2852,31.0,1.5051,52.68,High,0,1,At-Risk
wrap-ansi,npm,https://github.com/chalk/wrap-ansi,MIT,Permissive,1,11.1,2.8,24,2.16,1,2,288,203,288,0.7049,1.0,0.2049,2,97,27,5,49,3,46,0.9388,0.0612,2,5,301969751.0,8.48,13.0,1.1461,57.09,High,0,1,Healthy
preact,npm,https://github.com/preactjs/preact,MIT,Permissive,1,11.04,53.6,286,25.91,6,100,3726,957,1754,0.2568,0.4707,0.8803,4,33303,1833,415,3606,223,3383,0.9382,0.0618,0,37,8328956.0,6.9206,916.0,2.9624,65.48,Critical,0,1,At-Risk
@openzeppelin/contracts,npm,https://github.com/OpenZeppelin/openzeppelin-contracts,MIT,Permissive,1,7.16,208.4,104,14.53,7,100,2620,828,1244,0.316,0.4748,0.7977,14,21128,10846,643,3860,180,3680,0.9534,0.0466,0,0,930244.0,5.9686,5423.0,3.7343,67.07,Critical,0,0,At-Risk
yeoman-environment,npm,https://github.com/yeoman/environment,BSD-2-Clause,Permissive,1,11.97,1.5,144,12.03,8,100,1191,359,678,0.3014,0.5693,0.855,6,115,73,14,441,8,433,0.9819,0.0181,21,17,2255070.0,6.3532,36.0,1.5682,46.97,High,0,1,Healthy
@redux-saga/core,npm,https://github.com/redux-saga/redux-saga/tree/main/packages/core,MIT,Permissive,1,7.68,59.3,20,2.6,2,100,1244,412,697,0.3312,0.5603,0.799,14,22343,2038,257,2320,29,2291,0.9875,0.0125,6,10,3635806.0,6.5606,1019.0,3.0086,63.5,Critical,0,1,Healthy
jake,npm,https://github.com/jakejs/jake,Apache-2.0,Permissive,1,15.5,121.0,172,11.1,4,86,819,590,614,0.7204,0.7497,0.846,5,1913,212,41,414,71,343,0.8285,0.1715,3,6,24151221.0,7.3829,106.0,2.0294,58.85,High,0,1,Healthy
airbnb-prop-types,npm,https://github.com/airbnb/prop-types,MIT,Permissive,1,9.96,2276.3,35,3.51,5,16,218,200,203,0.9174,0.9312,0.8664,1,669,57,38,75,9,66,0.88,0.12,9,24,8428640.0,6.9258,28.0,1.4624,49.77,High,1,1,Abandonment-Imminent
webpack-notifier,npm,https://github.com/Turbo87/webpack-notifier,ISC,Permissive,1,11.61,17.9,29,2.5,2,23,194,94,154,0.4845,0.7938,0.7871,3,303,44,6,73,3,70,0.9589,0.0411,3,18,2235591.0,6.3494,22.0,1.3617,44.77,High,0,1,Healthy
@babel/parser,npm,https://github.com/babel/babel,MIT,Permissive,1,8.33,5.4,254,30.49,4,1100,18000,4599,6539,0.2555,0.3633,0.8807,55,43000,5600,850,14480,480,14000,0.9669,0.0331,1,6,863623924.0,8.9363,5.0,0.7782,56.35,High,0,0,At-Risk
webpack-license-plugin,npm,https://github.com/codepunkt/webpack-license-plugin,MIT,Permissive,1,8.14,571.6,33,4.05,1,8,307,119,229,0.3876,0.7459,0.6388,3,61,10,1,799,21,778,0.9737,0.0263,5,26,111709.0,5.0481,5.0,0.7782,29.75,Medium,0,1,Abandonment-Imminent
single-spa,npm,https://github.com/single-spa/single-spa,MIT,Permissive,1,10.99,724.9,151,13.74,1,42,585,425,468,0.7265,0.8,0.8709,2,11340,821,176,875,40,835,0.9543,0.0457,0,31,459277.0,5.6621,410.0,2.6138,53.21,High,0,1,Abandonment-Imminent
snyk,npm,https://github.com/snyk/snyk,Apache-2.0,Permissive,1,11.17,0.3,2096,187.65,1,100,3174,478,779,0.1506,0.2454,0.6603,30,4286,520,166,4299,203,4096,0.9528,0.0472,4,4,3118376.0,6.4939,260.0,2.4166,56.83,High,0,1,Healthy
@sansitech/loopback,npm,https://github.com/strongloop/loopback,MIT,Permissive,1,5.44,1584.8,2,0.37,2,98,879,314,495,0.3572,0.5631,0.7732,18,13300,1238,430,4321,11,4310,0.9975,0.0025,23,36,43.0,1.6435,619.0,2.7924,27.6,Medium,0,1,Abandonment-Imminent
range-parser,npm,https://github.com/jshttp/range-parser,MIT,Permissive,1,14.28,90.1,12,0.84,6,7,156,138,150,0.8846,0.9615,0.7949,1,84,16,8,22,1,21,0.9545,0.0455,0,10,102944947.0,8.0126,8.0,0.9542,51.87,High,0,1,Healthy
@microsoft/rush,npm,https://github.com/microsoft/rushstack,MIT,Permissive,1,9.72,18.9,564,58.02,3,99,13197,2929,5446,0.2219,0.4127,0.8736,8,4668,509,51,3846,737,3109,0.8084,0.1916,5,8,2482030.0,6.3948,254.0,2.4065,56.05,High,0,0,At-Risk
@sideway/address,npm,https://github.com/sideway/address,BSD-3-Clause,Permissive,1,5.92,1605.8,7,1.18,2,8,66,56,59,0.8485,0.8939,0.7538,1,26,26,8,43,1,42,0.9767,0.0233,1,9,24937049.0,7.3968,13.0,1.1461,49.68,High,0,1,Abandonment-Imminent
dynamoose,npm,https://github.com/dynamoose/dynamoose,Unlicense,Permissive,1,12.57,141.2,128,10.18,2,100,2807,2077,2223,0.7399,0.7919,0.9033,3,1877,321,24,1432,59,1373,0.9588,0.0412,4,1,294717.0,5.4694,160.0,2.2068,47.62,High,0,1,At-Risk
request-ip,npm,https://github.com/pbojinov/request-ip,MIT,Permissive,1,12.79,1539.8,27,2.11,1,22,129,90,100,0.6977,0.7752,0.7685,3,637,86,11,67,10,57,0.8507,0.1493,0,11,2785143.0,6.4448,43.0,1.6435,48.38,High,0,1,Abandonment-Imminent
@humanwhocodes/object-schema,npm,https://github.com/humanwhocodes/object-schema,BSD-3-Clause,Permissive,1,7.64,905.1,11,1.44,1,3,26,23,25,0.8846,0.9615,0.5641,1,19,1,2,11,2,9,0.8182,0.1818,0,3,58973017.0,7.7707,5.0,0.7782,48.37,High,1,1,Abandonment-Imminent
app-builder-lib,npm,https://github.com/electron-userland/electron-builder,MIT,Permissive,1,8.18,106.3,312,38.14,2,100,2258,1597,1719,0.7073,0.7613,0.8797,4,12531,1621,148,7244,347,6897,0.9521,0.0479,41,32,786225.0,5.8955,810.0,2.909,57.91,High,0,0,At-Risk
inferno-create-class,npm,https://github.com/infernojs/inferno,MIT,Permissive,1,10.23,1018.2,283,27.66,5,150,4200,1216,1727,0.2895,0.4112,0.7885,23,16000,850,280,1425,25,1400,0.9825,0.0175,1,2,264111.0,5.4218,338.0,2.5302,50.69,High,0,0,Abandonment-Imminent
unist-util-stringify-position,npm,https://github.com/syntax-tree/unist-util-stringify-position,MIT,Permissive,1,10.44,1174.6,13,1.25,2,3,80,76,78,0.95,0.975,0.6167,1,4,2,6,5,0,5,1.0,0.0,1,9,33370876.0,7.5234,5.0,0.7782,46.68,High,0,1,Abandonment-Imminent
@middy/core,npm,https://github.com/middyjs/middy,MIT,Permissive,1,8.35,27.0,289,34.61,3,100,1320,894,1010,0.6773,0.7652,0.8678,4,3187,313,38,986,4,982,0.9959,0.0041,1,5,825041.0,5.9165,156.0,2.1959,50.57,High,0,1,Healthy
graphile-build-pg,npm,https://github.com/graphile/crystal,MIT,Permissive,1,9.15,19.4,262,28.63,1,58,1079,924,953,0.8563,0.8832,0.9201,1,717,130,11,823,59,764,0.9283,0.0717,7,0,134780.0,5.1296,65.0,1.8195,41.24,High,0,1,At-Risk
uglify-es,npm,https://github.com/mishoo/UglifyJS2#harmony,BSD-2-Clause,Permissive,1,9.37,3161.3,50,5.34,1,99,3042,2154,2671,0.7081,0.878,0.945,2,12106,1235,272,5515,32,5483,0.9942,0.0058,2,3,5741324.0,6.759,617.0,2.791,62.58,Critical,1,1,Abandonment-Imminent
lowdb-umd,npm,https://github.com/typicode/lowdb,MIT,Permissive,1,4.43,1617.8,2,0.45,1,32,426,380,387,0.892,0.9085,0.8901,1,17842,837,230,540,7,533,0.987,0.013,1,16,8.0,0.9542,418.0,2.6222,21.1,Medium,0,1,Abandonment-Imminent
escape-goat,npm,https://github.com/sindresorhus/escape-goat,MIT,Permissive,1,9.33,1986.8,10,1.07,1,9,31,19,24,0.6129,0.7742,0.6022,3,437,34,7,22,0,22,1.0,0.0,0,3,29475398.0,7.4695,17.0,1.2553,51.32,High,0,1,Abandonment-Imminent
validator,npm,https://github.com/validatorjs/validator.js,MIT,Permissive,1,15.72,174.2,218,13.87,3,100,1230,718,758,0.5837,0.6163,0.7635,19,19747,1948,229,1982,265,1717,0.8663,0.1337,0,17,28341406.0,7.4524,974.0,2.989,69.4,Critical,0,1,Healthy
grant,npm,https://github.com/simov/grant,MIT,Permissive,1,12.26,596.3,101,8.24,1,43,1124,1072,1075,0.9537,0.9564,0.9378,1,3652,242,49,275,19,256,0.9309,0.0691,3,24,578114.0,5.762,121.0,2.0864,48.36,High,0,1,Abandonment-Imminent
mime-db,npm,https://github.com/jshttp/mime-db,MIT,Permissive,1,12.11,554.4,64,5.28,4,63,799,713,724,0.8924,0.9061,0.9041,1,831,217,33,259,13,246,0.9498,0.0502,0,13,189322956.0,8.2772,108.0,2.0374,65.05,Critical,0,1,Abandonment-Imminent
koa-convert,npm,https://github.com/gyson/koa-convert,MIT,Permissive,1,10.95,2204.2,6,0.55,2,4,31,28,29,0.9032,0.9355,0.6532,1,251,19,7,13,4,9,0.6923,0.3077,2,7,4879113.0,6.6883,16.0,1.2304,45.71,High,0,1,Abandonment-Imminent
joi,npm,https://github.com/hapijs/joi,BSD-3-Clause,Permissive,1,14.02,12.4,259,18.47,6,100,1492,538,1044,0.3606,0.6997,0.8414,6,19320,1512,179,2863,121,2742,0.9577,0.0423,7,9,31717961.0,7.5013,756.0,2.8791,68.58,Critical,0,1,Healthy
umzug,npm,https://github.com/sequelize/umzug,MIT,Permissive,1,11.81,145.1,71,6.01,5,45,612,168,266,0.2745,0.4346,0.8109,5,1644,137,24,514,1,513,0.9981,0.0019,5,24,2836724.0,6.4528,68.0,1.8388,50.49,High,0,1,Healthy
xss,npm,https://github.com/leizongmin/js-xss,MIT,Permissive,1,14.01,934.9,71,5.07,1,32,369,321,327,0.8699,0.8862,0.8746,1,4625,619,114,263,48,215,0.8175,0.1825,2,7,11193512.0,7.049,309.0,2.4914,61.42,Critical,0,1,Abandonment-Imminent
validate-npm-package-license,npm,https://github.com/kemitchell/validate-npm-package-license.js,Apache-2.0,Permissive,1,11.39,2971.3,10,0.88,1,2,55,54,55,0.9818,1.0,0.4818,1,23,17,4,14,1,13,0.9286,0.0714,2,2,81981173.0,7.9137,8.0,0.9542,51.2,High,0,1,Abandonment-Imminent
xmlchars,npm,https://github.com/lddubeau/xmlchars,MIT,Permissive,1,8.22,2574.3,9,1.09,1,5,211,166,206,0.7867,0.9763,0.6995,2,2,3,2,49,6,43,0.8776,0.1224,0,12,61485660.0,7.7888,5.0,0.7782,48.5,High,0,1,Abandonment-Imminent
npm-run-path,npm,https://github.com/sindresorhus/npm-run-path,MIT,Permissive,1,10.74,758.6,14,1.3,1,7,29,19,23,0.6552,0.7931,0.601,3,92,21,6,15,0,15,1.0,0.0,2,3,173142948.0,8.2384,10.0,1.0414,54.33,High,0,1,Abandonment-Imminent
flag-icon-css,npm,ssh://git@github.com/lipis/flag-icons,MIT,Permissive,1,11.06,1743.4,29,2.62,1,66,699,423,552,0.6052,0.7897,0.866,3,8684,1473,157,1019,4,1015,0.9961,0.0039,0,4,1292659.0,6.1115,736.0,2.8675,58.95,High,1,1,Abandonment-Imminent
bootstrap-beta,npm,https://github.com/twbs/bootstrap,MIT,Permissive,1,9.04,3302.4,1,0.11,1,100,15471,6998,8802,0.4523,0.5689,0.8782,7,158304,76853,6905,35026,364,34662,0.9896,0.0104,0,26,859.0,2.9345,38426.0,4.5846,55.24,High,0,1,Abandonment-Imminent
@chakra-ui/form-control,npm,https://github.com/chakra-ui/chakra-ui,MIT,Permissive,1,6.26,1049.3,473,75.56,2,100,6213,3309,3680,0.5326,0.5923,0.8676,8,30655,2740,205,5805,100,5705,0.9828,0.0172,5,3,1401648.0,6.1466,1370.0,3.137,62.02,Critical,0,0,Abandonment-Imminent
@vee-validate/rules,npm,https://github.com/logaretm/vee-validate,MIT,Permissive,1,6.18,473.4,134,21.68,1,100,3758,3436,3466,0.9143,0.9223,0.935,1,9388,1129,118,3728,37,3691,0.9901,0.0099,1,0,127202.0,5.1045,564.0,2.752,50.85,High,0,0,Abandonment-Imminent
strapi-hook-bookshelf,npm,https://github.com/strapi/strapi,MIT,Permissive,1,8.17,2488.1,95,11.63,5,100,12954,4042,5791,0.312,0.447,0.8556,10,45935,5637,652,12648,430,12218,0.966,0.034,8,0,19325.0,4.2861,2818.0,3.4501,52.58,High,1,1,Abandonment-Imminent
requires-port,npm,https://github.com/unshiftio/requires-port,MIT,Permissive,1,11.88,3981.4,3,0.25,2,4,41,18,31,0.439,0.7561,0.3354,3,7,3,4,14,0,14,1.0,0.0,0,4,65791061.0,7.8182,5.0,0.7782,48.7,High,0,1,Abandonment-Imminent
webpack-dev-middleware,npm,https://github.com/webpack/webpack-dev-middleware,MIT,Permissive,1,14.12,20.9,130,9.21,8,96,1180,321,574,0.272,0.4864,0.8628,7,2424,368,35,1380,22,1358,0.9841,0.0159,5,43,81348274.0,7.9103,184.0,2.2672,64.96,Critical,0,1,Healthy
unist-builder,npm,https://github.com/syntax-tree/unist-builder,MIT,Permissive,1,10.99,1174.6,12,1.09,2,3,64,53,61,0.8281,0.9531,0.5208,1,48,2,8,11,2,9,0.8182,0.1818,1,10,18515177.0,7.2675,5.0,0.7782,44.93,High,0,1,Abandonment-Imminent
@react-native-firebase/database,npm,https://github.com/invertase/react-native-firebase,Apache-2.0,Permissive,1,7.3,18.9,305,41.78,4,8,3660,1625,2308,0.444,0.6306,0.4786,4,0,0,0,20,0,20,1.0,0.0,0,2,66176.0,4.8207,5.0,0.7782,28.19,Medium,0,0,Healthy
inferno-vnode-flags,npm,https://github.com/infernojs/inferno,MIT,Permissive,1,9.86,169.4,238,24.14,5,100,3151,1459,2325,0.463,0.7379,0.91,3,15597,676,279,1614,31,1583,0.9808,0.0192,0,0,447386.0,5.6507,338.0,2.5302,52.26,High,0,0,At-Risk
sequelize,npm,https://github.com/sequelize/sequelize,MIT,Permissive,1,15.39,200.2,627,40.74,9,100,6634,1711,2840,0.2579,0.4281,0.8223,10,27201,4134,422,15196,822,14374,0.9459,0.0541,16,60,6025230.0,6.78,2067.0,3.3156,68.23,Critical,0,1,At-Risk
x-xss-protection,npm,https://github.com/helmetjs/helmet,MIT,Permissive,1,11.91,2243.3,9,0.76,1,41,756,694,700,0.918,0.9259,0.9174,1,9010,370,99,365,4,361,0.989,0.011,0,0,2747942.0,6.439,185.0,2.2695,54.92,High,0,1,Abandonment-Imminent
plop,npm,https://github.com/plopjs/plop,MIT,Permissive,1,11.96,245.0,63,5.27,2,59,606,210,380,0.3465,0.6271,0.8204,6,5864,251,27,361,44,317,0.8781,0.1219,7,6,2233580.0,6.349,125.0,2.1004,52.52,High,0,1,At-Risk
@hapi/joi,npm,https://github.com/hapijs/joi,BSD-3-Clause,Permissive,1,7.49,2385.0,28,3.74,6,100,1490,538,1044,0.3611,0.7007,0.8428,6,19585,1525,180,2891,140,2751,0.9516,0.0484,5,4,12611234.0,7.1008,762.0,2.8825,65.88,Critical,1,1,Abandonment-Imminent
firebase-admin,npm,https://github.com/firebase/firebase-admin-node,Apache-2.0,Permissive,1,12.19,0.1,158,12.96,4,68,887,285,555,0.3213,0.6257,0.8485,5,1403,336,104,1942,105,1837,0.9459,0.0541,7,49,4754359.0,6.6771,168.0,2.2279,56.11,High,0,1,Healthy
source-map-resolve,npm,https://github.com/lydell/source-map-resolve,MIT,Permissive,1,12.56,2377.1,14,1.11,1,4,74,67,71,0.9054,0.9595,0.6757,1,68,27,2,31,2,29,0.9355,0.0645,2,5,104079683.0,8.0174,13.0,1.1461,53.92,High,1,1,Abandonment-Imminent
@react-native-firebase/firestore,npm,https://github.com/invertase/react-native-firebase,Apache-2.0,Permissive,1,7.59,18.9,330,43.48,4,8,3960,1758,2497,0.4439,0.6306,0.4787,4,0,0,0,20,0,20,1.0,0.0,1,2,125808.0,5.0997,5.0,0.7782,30.1,Medium,0,0,Healthy
@typescript-eslint/typescript-estree,npm,https://github.com/typescript-eslint/typescript-eslint,MIT,Permissive,1,7.68,2.3,4896,637.5,2,100,2963,581,1109,0.1961,0.3743,0.8191,11,12740,2413,90,6266,424,5842,0.9323,0.0677,9,8,98811476.0,7.9948,1206.0,3.0817,74.08,Critical,0,1,Healthy
parse5-htmlparser2-tree-adapter,npm,https://github.com/inikulin/parse5,MIT,Permissive,1,8.34,157.2,9,1.08,5,31,749,490,611,0.6542,0.8158,0.8854,2,2911,229,46,607,27,580,0.9555,0.0445,2,0,28976781.0,7.4621,114.0,2.0607,59.72,High,0,0,At-Risk
redux-saga,npm,https://github.com/redux-saga/redux-saga/tree/main/packages/core,MIT,Permissive,1,10.81,59.3,80,7.4,2,100,1244,412,697,0.3312,0.5603,0.799,14,22343,2038,257,2320,29,2291,0.9875,0.0125,2,4,4572286.0,6.6601,1019.0,3.0086,64.18,Critical,0,0,Healthy
mdast-util-to-string,npm,https://github.com/syntax-tree/mdast-util-to-string,MIT,Permissive,1,11.23,1174.3,17,1.51,2,4,109,103,106,0.945,0.9725,0.7041,1,23,8,7,9,0,9,1.0,0.0,1,8,28297389.0,7.4517,5.0,0.7782,46.19,High,0,1,Abandonment-Imminent
gatsby-image,npm,https://github.com/gatsbyjs/gatsby,MIT,Permissive,1,8.98,1876.2,310,34.52,4,8,3720,1651,2345,0.4438,0.6304,0.4784,4,0,0,0,20,0,20,1.0,0.0,3,6,421210.0,5.6245,5.0,0.7782,33.69,Medium,1,0,Abandonment-Imminent
hint,npm,https://github.com/webhintio/hint,Apache-2.0,Permissive,1,12.36,755.3,115,9.3,5,100,6140,2140,3178,0.3485,0.5176,0.9238,5,3412,487,72,5291,343,4948,0.9352,0.0648,18,18,167186.0,5.2232,243.0,2.3874,47.84,High,0,1,Abandonment-Imminent
vee-validate,npm,https://github.com/logaretm/vee-validate,MIT,Permissive,1,10.11,473.4,347,34.32,1,100,3758,3436,3466,0.9143,0.9223,0.935,1,9388,1129,118,3728,37,3691,0.9901,0.0099,2,0,1596350.0,6.2031,564.0,2.752,58.37,High,0,0,Abandonment-Imminent
ansi-escapes,npm,https://github.com/sindresorhus/ansi-escapes,MIT,Permissive,1,11.11,231.3,28,2.52,1,12,59,46,49,0.7797,0.8305,0.7246,2,400,48,7,29,6,23,0.7931,0.2069,1,4,159789542.0,8.2035,24.0,1.3979,57.84,High,0,1,At-Risk
espree,npm,https://github.com/eslint/js,BSD-2-Clause,Permissive,1,11.8,201.1,103,8.73,2,48,348,180,204,0.5172,0.5862,0.7823,7,1942,200,56,550,4,546,0.9927,0.0073,3,2,118628192.0,8.0742,100.0,2.0043,63.32,Critical,0,1,At-Risk
loopback,npm,https://github.com/strongloop/loopback,MIT,Permissive,1,13.03,2128.1,183,14.04,4,100,881,314,495,0.3564,0.5619,0.7737,18,13288,1247,426,4323,13,4310,0.997,0.003,24,36,145285.0,5.1622,623.0,2.7952,51.7,High,0,1,Abandonment-Imminent
evented-require,npm,https://github.com/gulpjs/gulp,MIT,Permissive,1,7.41,2706.3,1,0.13,1,99,546,126,189,0.2308,0.3462,0.6659,32,32554,4403,1071,2526,30,2496,0.9881,0.0119,1,6,5.0,0.7782,2201.0,3.3428,27.46,Medium,1,1,Abandonment-Imminent
ajv-formats,npm,https://github.com/ajv-validator/ajv-formats,MIT,Permissive,1,6.69,907.5,36,5.38,3,7,85,72,79,0.8471,0.9294,0.7597,1,112,17,3,69,26,43,0.6232,0.3768,1,15,30368067.0,7.4824,8.0,0.9542,48.25,High,0,1,Abandonment-Imminent
@hookform/resolvers,npm,https://github.com/react-hook-form/resolvers,MIT,Permissive,1,6.35,37.7,151,23.78,3,36,277,100,181,0.361,0.6534,0.8009,3,741,80,12,451,12,439,0.9734,0.0266,1,51,3818015.0,6.5818,40.0,1.6128,49.0,High,0,1,Healthy
unist-util-is,npm,https://github.com/syntax-tree/unist-util-is,MIT,Permissive,1,11.06,342.2,20,1.81,2,4,104,96,100,0.9231,0.9615,0.6827,1,25,7,7,18,0,18,1.0,0.0,1,10,35818685.0,7.5541,5.0,0.7782,46.89,High,0,1,At-Risk
os-tmpdir,npm,https://github.com/sindresorhus/os-tmpdir,MIT,Permissive,1,11.38,2876.5,4,0.35,1,1,10,10,10,1.0,1.0,1.0,1,34,5,7,20,0,20,1.0,0.0,0,2,81431010.0,7.9108,5.0,0.7782,49.33,High,1,1,Abandonment-Imminent
arr-union,npm,https://github.com/jonschlinkert/arr-union,MIT,Permissive,1,11.78,3865.5,6,0.51,1,1,27,27,27,1.0,1.0,1.0,1,24,10,4,3,2,1,0.3333,0.6667,0,8,74201943.0,7.8704,5.0,0.7782,49.05,High,0,1,Abandonment-Imminent
penthouse,npm,https://github.com/pocketjoso/penthouse#master,MIT,Permissive,1,12.3,1586.3,232,18.86,2,30,708,612,629,0.8644,0.8884,0.8937,1,2513,158,42,345,9,336,0.9739,0.0261,5,19,125885.0,5.1,79.0,1.9031,41.91,High,0,1,Abandonment-Imminent
redux-thunk,npm,https://github.com/reduxjs/redux-thunk,MIT,Permissive,1,11.2,1024.4,23,2.05,5,43,131,25,50,0.1908,0.3817,0.6032,17,17408,1062,175,323,3,320,0.9907,0.0093,0,11,17608713.0,7.2457,531.0,2.7259,65.22,Critical,0,1,Abandonment-Imminent
serve-favicon,npm,https://github.com/expressjs/serve-favicon,MIT,Permissive,1,12.39,470.6,22,1.78,2,7,205,195,200,0.9512,0.9756,0.8223,1,600,66,19,44,0,44,1.0,0.0,5,11,16238578.0,7.2105,125.0,2.1004,58.42,High,0,1,At-Risk
levelup,npm,https://github.com/Level/levelup,MIT,Permissive,1,14.1,1817.6,101,7.16,3,41,802,305,445,0.3803,0.5549,0.8326,5,4020,291,91,723,0,723,1.0,0.0,6,22,3834226.0,6.5837,145.0,2.1644,54.8,High,1,1,Abandonment-Imminent
snowpack4,npm,https://github.com/snowpackjs/snowpack,MIT,Permissive,1,5.07,1852.9,10,1.97,1,100,2815,2003,2234,0.7115,0.7936,0.8876,3,19800,1000,151,2359,396,1963,0.8321,0.1679,52,1,15.0,1.2041,500.0,2.6998,23.62,Medium,0,0,Abandonment-Imminent
graphile-utils,npm,https://github.com/graphile/crystal,MIT,Permissive,1,8.23,63.6,218,26.49,1,58,1079,924,953,0.8563,0.8832,0.9201,1,717,130,11,823,59,764,0.9283,0.0717,3,0,158717.0,5.2006,65.0,1.8195,41.72,High,0,1,At-Risk
extend-shallow,npm,https://github.com/jonschlinkert/extend-shallow,MIT,Permissive,1,11.97,3199.2,13,1.09,2,3,46,39,45,0.8478,0.9783,0.5507,1,30,10,4,9,3,6,0.6667,0.3333,2,9,309190258.0,8.4902,5.0,0.7782,53.29,High,0,1,Abandonment-Imminent
@commitlint/cli,npm,https://github.com/conventional-changelog/commitlint,MIT,Permissive,1,9.21,4.3,167,18.13,4,100,2966,1028,1902,0.3466,0.6413,0.9258,3,12970,793,58,3491,128,3363,0.9633,0.0367,8,6,7219256.0,6.8585,396.0,2.5988,61.24,Critical,0,0,At-Risk
inferno,npm,https://github.com/infernojs/inferno,MIT,Permissive,1,13.08,169.4,351,26.83,4,100,3151,1459,2325,0.463,0.7379,0.91,3,15597,676,279,1614,31,1583,0.9808,0.0192,3,2,455742.0,5.6587,338.0,2.5302,52.31,High,0,0,At-Risk
ant-design-vue,npm,https://github.com/vueComponent/ant-design-vue,MIT,Permissive,1,8.14,681.6,235,28.87,1,100,4129,3076,3399,0.745,0.8232,0.9431,2,17454,3330,308,5978,168,5810,0.9719,0.0281,22,182,330348.0,5.519,1665.0,3.2217,58.62,High,0,1,Abandonment-Imminent
@nrwl/cli,npm,https://github.com/nrwl/nx,MIT,Permissive,1,7.22,1245.2,997,138.09,7,100,7215,1547,2554,0.2144,0.354,0.8247,13,16088,1593,146,13709,771,12938,0.9438,0.0562,1,0,8315944.0,6.9199,796.0,2.9015,64.84,Critical,0,0,Abandonment-Imminent
inferno-clone-vnode,npm,https://github.com/infernojs/inferno,MIT,Permissive,1,8.79,169.4,147,16.72,1,100,3151,1459,2325,0.463,0.7379,0.91,3,15597,676,279,1614,31,1583,0.9808,0.0192,1,2,264156.0,5.4219,338.0,2.5302,50.69,High,0,0,At-Risk
lowdb-cjs,npm,https://github.com/typicode/lowdb,MIT,Permissive,1,4.99,1821.2,2,0.4,1,32,426,380,387,0.892,0.9085,0.8901,1,17842,837,230,540,7,533,0.987,0.013,0,13,525.0,2.721,418.0,2.6222,33.18,Medium,0,1,Abandonment-Imminent
koa-helmet,npm,https://github.com/venables/koa-helmet,MIT,Permissive,1,12.49,269.1,40,3.2,1,24,182,104,147,0.5714,0.8077,0.7926,2,624,37,7,73,5,68,0.9315,0.0685,0,14,707602.0,5.8498,18.0,1.2788,40.49,High,0,1,At-Risk
lolex,npm,ssh://git@github.com/sinonjs/lolex,BSD-3-Clause,Permissive,1,11.86,2423.5,44,3.71,4,57,462,153,224,0.3312,0.4848,0.7412,12,707,102,18,433,18,415,0.9584,0.0416,1,16,16553117.0,7.2189,51.0,1.716,54.44,High,1,1,Abandonment-Imminent
safe-buffer,npm,https://github.com/feross/safe-buffer,MIT,Permissive,1,10.7,2327.3,11,1.03,2,8,72,60,64,0.8333,0.8889,0.75,1,323,40,6,34,5,29,0.8529,0.1471,0,2,345532269.0,8.5385,20.0,1.3222,59.33,High,0,1,Abandonment-Imminent
rate-limiter-flexible,npm,https://github.com/animir/node-rate-limiter-flexible,ISC,Permissive,1,8.38,6.2,196,23.39,1,31,487,314,431,0.6448,0.885,0.8708,2,2286,122,21,183,7,176,0.9617,0.0383,0,27,782080.0,5.8933,61.0,1.7924,46.18,High,0,1,Healthy
trough,npm,https://github.com/wooorm/trough,MIT,Permissive,1,10.14,961.4,11,1.08,1,3,67,63,66,0.9403,0.9851,0.6169,1,54,4,2,11,0,11,1.0,0.0,0,8,26470442.0,7.4228,5.0,0.7782,45.99,High,0,1,Abandonment-Imminent
hastscript,npm,https://github.com/syntax-tree/hastscript,MIT,Permissive,1,10.58,581.4,22,2.08,2,6,129,124,125,0.9612,0.969,0.7946,1,100,9,11,18,1,17,0.9444,0.0556,5,14,20890132.0,7.3199,5.0,0.7782,45.29,High,0,1,Abandonment-Imminent
redis-parser,npm,https://github.com/NodeRedis/node-redis-parser,MIT,Permissive,1,10.93,3408.2,18,1.65,2,6,48,23,39,0.4792,0.8125,0.5556,2,82,35,8,62,8,54,0.871,0.129,1,6,17674778.0,7.2474,17.0,1.2553,49.8,High,0,1,Abandonment-Imminent
@nswbmw/koa,npm,https://github.com/koajs/koa,MIT,Permissive,1,5.04,681.7,3,0.6,1,100,874,257,507,0.2941,0.5801,0.8227,8,32864,3198,839,1635,52,1583,0.9682,0.0318,23,10,4.0,0.699,1599.0,3.2041,25.46,Medium,0,1,Abandonment-Imminent
react-hook-form,npm,https://github.com/react-hook-form/react-hook-form,MIT,Permissive,1,7.51,12.0,1098,146.21,1,100,3349,2875,2988,0.8585,0.8922,0.9459,1,32690,1618,166,5672,11,5661,0.9981,0.0019,0,38,9280430.0,6.9676,809.0,2.9085,65.24,Critical,0,1,Healthy
ansi-colors,npm,https://github.com/doowb/ansi-colors,MIT,Permissive,1,10.82,1591.3,29,2.68,2,9,105,56,92,0.5333,0.8762,0.7111,2,353,29,6,55,13,42,0.7636,0.2364,0,5,118898178.0,8.0752,14.0,1.1761,54.63,High,0,1,Abandonment-Imminent
pg-pool,npm,https://github.com/brianc/node-postgres,MIT,Permissive,1,10.31,128.5,61,5.92,1,100,1976,1458,1518,0.7379,0.7682,0.8703,4,10598,1123,185,2787,383,2404,0.8626,0.1374,0,5,13731608.0,7.1377,561.0,2.7497,64.73,Critical,0,1,At-Risk
expect-ct,npm,https://github.com/helmetjs/helmet,MIT,Permissive,1,9.39,2243.3,5,0.53,1,41,756,694,700,0.918,0.9259,0.9174,1,9015,370,99,365,4,361,0.989,0.011,0,0,991359.0,5.9962,185.0,2.2695,51.89,High,0,1,Abandonment-Imminent
react-native-firebase,npm,https://github.com/invertase/react-native-firebase,Apache-2.0,Permissive,1,10.94,2479.7,145,13.25,4,100,4382,2358,2946,0.5381,0.6723,0.918,4,10088,2015,177,5531,65,5466,0.9882,0.0118,2,27,46409.0,4.6666,1007.0,3.0035,50.5,High,1,0,Abandonment-Imminent
argparse,npm,https://github.com/nodeca/argparse,PSF-2.0,Permissive,1,14.35,13.2,33,2.3,1,20,186,91,140,0.4892,0.7527,0.7683,3,445,61,18,168,1,167,0.994,0.006,0,2,177104382.0,8.2482,30.0,1.4914,59.12,High,0,1,Healthy
dompurify,npm,https://github.com/cure53/DOMPurify,Apache-2.0,Permissive,1,12.34,0.4,153,12.4,1,83,1327,842,944,0.6345,0.7114,0.8794,5,10214,632,141,744,2,742,0.9973,0.0027,0,25,10844579.0,7.0352,316.0,2.5011,61.42,Critical,0,1,Healthy
webpack-cli,npm,https://github.com/webpack/webpack-cli,MIT,Permissive,1,11.32,26.5,134,11.84,6,100,2984,483,955,0.1619,0.32,0.8638,9,2437,549,53,3504,40,3464,0.9886,0.0114,8,1,31281219.0,7.4953,274.0,2.4393,63.92,Critical,0,0,At-Risk
has-values,npm,https://github.com/jonschlinkert/has-values,MIT,Permissive,1,11.5,3158.0,7,0.61,1,1,21,21,21,1.0,1.0,1.0,1,23,4,2,4,2,2,0.5,0.5,1,2,141965770.0,8.1522,5.0,0.7782,50.98,High,0,1,Abandonment-Imminent
lmdb,npm,ssh://git@github.com/kriszyp/lmdb-js,MIT,Permissive,1,13.32,97.4,197,14.79,3,28,1692,1412,1607,0.8345,0.9498,0.9271,1,289,25,12,175,20,155,0.8857,0.1143,6,14,2768690.0,6.4423,12.0,1.1139,42.81,High,0,1,Healthy
next-build-id,npm,https://github.com/nexdrew/next-build-id,ISC,Permissive,1,8.78,2595.4,9,1.03,1,3,24,17,23,0.7083,0.9583,0.4444,2,277,12,3,56,7,49,0.875,0.125,0,6,96436.0,4.9842,6.0,0.8451,30.01,Medium,0,1,Abandonment-Imminent
path-is-absolute,npm,https://github.com/sindresorhus/path-is-absolute,MIT,Permissive,1,11.6,2876.5,3,0.26,1,2,11,10,11,0.9091,1.0,0.4091,1,39,9,6,4,0,4,1.0,0.0,0,1,144601769.0,8.1602,8.0,0.9542,52.88,High,1,1,Abandonment-Imminent
pg,npm,https://github.com/brianc/node-postgres,MIT,Permissive,1,15.76,46.2,249,15.8,1,100,1997,1466,1526,0.7341,0.7641,0.8701,4,10835,1139,184,2874,410,2464,0.8573,0.1427,6,9,16581785.0,7.2196,569.0,2.7559,65.36,Critical,0,1,At-Risk
esprima,npm,https://github.com/jquery/esprima,BSD-2-Clause,Permissive,1,14.83,2994.6,46,3.1,1,65,1228,1016,1058,0.8274,0.8616,0.9142,1,6639,789,152,1431,140,1291,0.9022,0.0978,0,26,156088918.0,8.1934,394.0,2.5966,70.35,Critical,0,1,Abandonment-Imminent
gulp,npm,https://github.com/gulpjs/gulp,MIT,Permissive,1,13.22,479.1,68,5.14,2,100,537,127,190,0.2365,0.3538,0.6678,32,32664,4390,1060,2540,30,2510,0.9882,0.0118,4,8,5385564.0,6.7312,2195.0,3.3416,68.17,Critical,0,1,Abandonment-Imminent
json-parse-better-errors,npm,https://github.com/zkat/json-parse-better-errors,MIT,Permissive,1,9.11,3099.4,3,0.33,1,2,8,7,8,0.875,1.0,0.375,1,63,10,2,4,3,1,0.25,0.75,0,6,77122795.0,7.8872,5.0,0.7782,49.17,High,0,1,Abandonment-Imminent
ssri,npm,https://github.com/npm/ssri,ISC,Permissive,1,9.51,138.2,44,4.63,4,13,162,93,111,0.5741,0.6852,0.7009,4,41,20,10,63,1,62,0.9841,0.0159,1,3,104633173.0,8.0197,10.0,1.0414,52.84,High,0,1,Healthy
ajv,npm,https://github.com/ajv-validator/ajv,MIT,Permissive,1,11.32,152.4,359,31.71,2,100,2149,1791,1836,0.8334,0.8544,0.9222,1,12004,868,108,2180,219,1961,0.8995,0.1005,4,40,301184400.0,8.4788,434.0,2.6385,72.74,Critical,0,1,At-Risk
ccxt,npm,https://github.com/ccxt/ccxt,MIT,Permissive,1,9.24,0.0,2016,218.18,2,100,36812,21369,24948,0.5805,0.6777,0.9114,5,26910,6586,934,16414,948,15466,0.9422,0.0578,6,36,86994.0,4.9395,3293.0,3.5177,57.76,High,0,1,At-Risk
@redocly/ajv,npm,https://github.com/Redocly/ajv,MIT,Permissive,1,6.24,170.3,22,3.53,5,100,2107,1765,1810,0.8377,0.859,0.922,1,11761,851,109,2132,247,1885,0.8841,0.1159,4,41,1039359.0,6.0168,425.0,2.6294,55.8,High,0,1,At-Risk
@sindresorhus/is,npm,https://github.com/sindresorhus/is,MIT,Permissive,1,9.01,135.5,63,6.99,1,42,184,114,122,0.6196,0.663,0.7158,11,1382,101,19,170,12,158,0.9294,0.0706,0,12,69503912.0,7.842,50.0,1.7076,58.61,High,0,1,Healthy
boom,npm,https://github.com/hapijs/boom,BSD-3-Clause,Permissive,1,13.69,2856.1,69,5.04,4,48,223,83,128,0.3722,0.574,0.6877,14,2890,215,45,297,4,293,0.9865,0.0135,1,3,9742606.0,6.9887,117.0,2.0719,56.6,High,1,1,Abandonment-Imminent
@typescript-eslint/parser,npm,https://github.com/typescript-eslint/typescript-eslint,MIT,Permissive,1,7.68,2.3,4892,636.98,2,100,2963,581,1109,0.1961,0.3743,0.8191,11,12740,2413,90,6266,424,5842,0.9323,0.0677,5,7,70497411.0,7.8482,1206.0,3.0817,73.08,Critical,0,1,Healthy
snowpack,npm,https://github.com/snowpackjs/snowpack,MIT,Permissive,1,6.87,1854.3,229,33.33,3,100,2815,2003,2234,0.7115,0.7936,0.8876,3,19800,1000,151,2359,396,1963,0.8321,0.1679,52,1,102261.0,5.0097,500.0,2.6998,49.65,High,0,0,Abandonment-Imminent
http-proxy-middleware,npm,https://github.com/chimurai/http-proxy-middleware,MIT,Permissive,1,11.53,81.1,108,9.37,1,29,355,319,324,0.8986,0.9127,0.8837,1,9195,753,120,686,67,619,0.9023,0.0977,5,32,57249000.0,7.7578,376.0,2.5763,67.16,Critical,0,1,At-Risk
urix,npm,https://github.com/lydell/urix,MIT,Permissive,1,12.56,4589.1,1,0.08,1,2,6,5,6,0.8333,1.0,0.3333,1,56,29,4,4,0,4,1.0,0.0,0,2,74159150.0,7.8702,14.0,1.1761,53.23,High,1,1,Abandonment-Imminent
ansi-styles,npm,https://github.com/chalk/ansi-styles,MIT,Permissive,1,13.15,59.4,29,2.21,1,2,348,245,348,0.704,1.0,0.204,2,0,0,0,20,0,20,1.0,0.0,0,4,851116255.0,8.93,11.0,1.0792,59.46,High,0,1,Healthy
egg,npm,https://github.com/eggjs/egg,MIT,Permissive,1,13.13,248.7,278,21.17,13,100,927,177,352,0.1909,0.3797,0.7936,13,18307,1789,474,5083,256,4827,0.9496,0.0504,42,35,356173.0,5.5517,894.0,2.9518,56.01,High,0,1,At-Risk
ienoopen,npm,https://github.com/helmetjs/helmet,MIT,Permissive,1,11.91,2290.3,4,0.34,1,41,756,694,700,0.918,0.9259,0.9174,1,9021,376,99,367,6,361,0.9837,0.0163,0,0,1008775.0,6.0038,188.0,2.2765,52.01,High,0,1,Abandonment-Imminent
tcomb-validation,npm,https://github.com/gcanti/tcomb-validation,MIT,Permissive,1,12.08,3325.7,35,2.9,1,6,91,85,87,0.9341,0.956,0.7747,1,400,20,12,70,13,57,0.8143,0.1857,1,2,3492508.0,6.5431,10.0,1.0414,42.74,High,0,1,Abandonment-Imminent
hoek,npm,https://github.com/hapijs/hoek,BSD-3-Clause,Permissive,1,14.02,2738.0,116,8.27,5,46,428,119,176,0.278,0.4112,0.7198,10,473,170,52,382,3,379,0.9921,0.0079,0,2,15240367.0,7.183,85.0,1.9345,56.49,High,1,1,Abandonment-Imminent
secure-json-parse,npm,https://github.com/fastify/secure-json-parse,BSD-3-Clause,Permissive,1,7.4,353.5,17,2.3,6,19,143,34,60,0.2378,0.4196,0.6132,6,168,11,12,90,0,90,1.0,0.0,0,8,7492254.0,6.8746,5.0,0.7782,42.24,High,0,1,Healthy
formik,npm,https://github.com/jaredpalmer/formik,Apache-2.0,Permissive,1,9.28,317.3,214,23.06,1,98,1225,1002,1013,0.818,0.8269,0.8742,1,30738,2560,236,3276,728,2548,0.7778,0.2222,8,11,8132748.0,6.9102,1280.0,3.1075,66.93,Critical,0,1,At-Risk
express-rate-limit,npm,https://github.com/express-rate-limit/express-rate-limit,MIT,Permissive,1,11.79,26.0,130,11.03,2,54,497,222,364,0.4467,0.7324,0.8191,6,2241,192,15,318,11,307,0.9654,0.0346,2,25,2331862.0,6.3677,96.0,1.9868,51.46,High,0,1,Healthy
@oroinc/bootstrap,npm,https://github.com/oroinc/bootstrap,MIT,Permissive,1,4.96,35.4,4,0.81,5,15,450,175,248,0.3889,0.5511,0.5707,6,350,120,25,140,12,128,0.9143,0.0857,0,44,1842100.0,6.2653,5.0,0.7782,38.07,Medium,0,0,Healthy
regexpp,npm,https://github.com/mysticatea/regexpp,MIT,Permissive,1,8.57,1927.5,10,1.17,1,4,50,47,48,0.94,0.96,0.69,1,123,10,5,28,10,18,0.6429,0.3571,0,18,96424687.0,7.9842,5.0,0.7782,49.83,High,0,1,Abandonment-Imminent
bootstrap,npm,https://github.com/twbs/bootstrap,MIT,Permissive,1,15.07,393.4,68,4.51,3,100,15672,7024,8846,0.4482,0.5644,0.8789,7,160972,77680,6856,35835,370,35465,0.9897,0.0103,0,73,18680170.0,7.2714,38840.0,4.5893,84.96,Critical,0,1,Abandonment-Imminent
helmet,npm,https://github.com/helmetjs/helmet,MIT,Permissive,1,14.64,73.9,135,9.22,2,43,774,709,716,0.916,0.9251,0.9175,1,9279,391,99,385,4,381,0.9896,0.0104,0,0,9631445.0,6.9837,282.0,2.4518,60.55,Critical,0,1,Healthy
unist-util-visit-parents,npm,https://github.com/syntax-tree/unist-util-visit-parents,MIT,Permissive,1,10.5,342.2,25,2.38,2,4,107,103,105,0.9626,0.9813,0.7173,1,30,6,8,12,0,12,1.0,0.0,2,16,36112802.0,7.5577,5.0,0.7782,46.92,High,0,1,At-Risk
swiper,npm,https://github.com/nolimits4web/Swiper,MIT,Permissive,1,11.79,28.3,365,30.96,1,100,2416,1796,2098,0.7434,0.8684,0.9186,2,33575,9653,694,5420,269,5151,0.9504,0.0496,0,0,5991823.0,6.7776,4826.0,3.6837,72.07,Critical,0,0,At-Risk
flatted,npm,https://github.com/WebReflection/flatted,ISC,Permissive,1,8.41,55.6,44,5.23,1,11,94,84,85,0.8936,0.9043,0.8027,1,828,46,10,59,0,59,1.0,0.0,0,14,106254210.0,8.0263,23.0,1.3802,56.44,High,0,1,Healthy
firebase,npm,https://github.com/firebase/firebase-js-sdk,Apache-2.0,Permissive,1,14.59,14.2,4215,288.9,4,100,3345,660,1182,0.1973,0.3534,0.8318,12,4344,810,194,6684,553,6131,0.9173,0.0827,28,11,4518355.0,6.655,405.0,2.6085,59.95,High,0,1,Healthy
mssql,npm,https://github.com/tediousjs/node-mssql,MIT,Permissive,1,13.12,13.4,195,14.86,4,77,764,335,600,0.4385,0.7853,0.8573,3,2043,446,84,1420,12,1408,0.9915,0.0085,5,9,1161707.0,6.0651,223.0,2.3502,53.2,High,0,1,Healthy
release-it,npm,https://github.com/release-it/release-it,MIT,Permissive,1,12.69,5.7,443,34.91,1,2,5316,3742,5316,0.7039,1.0,0.2039,2,5979,486,34,954,19,935,0.9801,0.0199,22,15,789723.0,5.8975,243.0,2.3874,52.45,High,0,1,Healthy
classnames,npm,https://github.com/JedWatson/classnames,MIT,Permissive,1,11.88,999.3,30,2.53,2,41,241,90,155,0.3734,0.6432,0.7432,8,15822,539,131,281,6,275,0.9786,0.0214,0,10,43583461.0,7.6393,269.0,2.4314,64.82,Critical,0,1,Abandonment-Imminent
cli-progress,npm,https://github.com/npkgz/cli-progress,MIT,Permissive,1,10.78,1312.5,39,3.62,1,17,118,90,98,0.7627,0.8305,0.7876,2,701,68,6,127,2,125,0.9843,0.0157,1,3,10545642.0,7.0231,34.0,1.5441,51.3,High,0,1,Abandonment-Imminent
antd,npm,https://github.com/ant-design/ant-design,MIT,Permissive,1,11.25,3.6,943,83.82,7,100,17920,8269,10104,0.4614,0.5638,0.8293,12,83824,37784,192,38779,943,37836,0.9757,0.0243,48,169,3657856.0,6.5632,18892.0,4.2763,76.83,Critical,0,1,Healthy
foundation-sites,npm,https://github.com/foundation/foundation-sites,MIT,Permissive,1,11.4,726.2,63,5.53,4,100,7722,1252,2435,0.1621,0.3153,0.8159,11,29255,5652,1292,12225,19,12206,0.9984,0.0016,0,66,452918.0,5.656,2826.0,3.4513,61.96,Critical,0,1,Abandonment-Imminent
@react-native-firebase/app,npm,https://github.com/invertase/react-native-firebase,Apache-2.0,Permissive,1,7.65,18.9,318,41.57,4,100,4627,2447,3185,0.5289,0.6884,0.921,3,10490,2108,174,5819,87,5732,0.985,0.015,1,2,1157586.0,6.0636,1054.0,3.0233,60.26,Critical,0,0,At-Risk
@webassemblyjs/wasm-parser,npm,https://github.com/xtuc/webassemblyjs,MIT,Permissive,1,8.58,686.1,89,10.37,1,30,1417,1222,1334,0.8624,0.9414,0.9261,1,669,82,9,1132,74,1058,0.9346,0.0654,6,7,81393554.0,7.9106,41.0,1.6232,58.2,High,0,1,Abandonment-Imminent
fraction.js,npm,ssh://git@github.com/rawify/Fraction.js,MIT,Permissive,1,12.54,397.5,70,5.58,1,9,257,243,246,0.9455,0.9572,0.8474,1,382,56,12,54,5,49,0.9074,0.0926,0,2,24716226.0,7.393,28.0,1.4624,52.97,High,0,1,Abandonment-Imminent
graphile-build,npm,https://github.com/graphile/crystal,MIT,Permissive,1,9.15,56.7,211,23.06,1,58,1079,924,953,0.8563,0.8832,0.9201,1,717,130,11,823,59,764,0.9283,0.0717,13,0,135098.0,5.1307,65.0,1.8195,41.24,High,0,1,At-Risk
css-tree,npm,https://github.com/csstree/csstree,MIT,Permissive,1,10.03,202.4,60,5.98,2,19,1087,1065,1067,0.9798,0.9816,0.9298,1,1614,90,21,215,33,182,0.8465,0.1535,2,7,98411954.0,7.993,45.0,1.6628,59.18,High,0,1,At-Risk
@formatjs/intl-unified-numberformat,npm,https://github.com/formatjs/formatjs,MIT,Permissive,1,7.11,2321.9,43,6.05,3,100,3534,2008,2625,0.5682,0.7428,0.9252,3,13245,1331,135,3521,36,3485,0.9898,0.0102,1,6,1295641.0,6.1125,665.0,2.8235,58.5,High,1,1,Abandonment-Imminent
strapi,npm,https://github.com/strapi/strapi,MIT,Permissive,1,13.25,1401.4,303,22.87,11,100,15357,4126,5997,0.2687,0.3905,0.837,12,50017,6063,662,13961,410,13551,0.9706,0.0294,53,0,72454.0,4.8601,3031.0,3.4817,56.84,High,1,0,Abandonment-Imminent
lowdb,npm,https://github.com/typicode/lowdb,MIT,Permissive,1,12.48,1002.0,76,6.09,1,33,457,409,416,0.895,0.9103,0.8938,1,18799,870,235,558,5,553,0.991,0.009,1,17,1787013.0,6.2521,435.0,2.6395,57.52,High,0,1,Abandonment-Imminent
async,npm,https://github.com/caolan/async,MIT,Permissive,1,15.76,765.0,93,5.9,5,100,1039,414,582,0.3985,0.5602,0.7863,15,27632,2449,680,1847,4,1843,0.9978,0.0022,0,36,183676730.0,8.2641,1224.0,3.0881,75.99,Critical,0,1,Abandonment-Imminent
yeoman-generator,npm,https://github.com/yeoman/generator,BSD-2-Clause,Permissive,1,13.6,9.1,195,14.34,9,100,1187,424,698,0.3572,0.588,0.8561,7,1097,307,47,1360,4,1356,0.9971,0.0029,16,22,3050256.0,6.4843,153.0,2.1875,54.36,High,0,1,Healthy
inferno-compat,npm,https://github.com/infernojs/inferno,MIT,Permissive,1,10.22,169.4,303,29.65,5,100,3151,1459,2325,0.463,0.7379,0.91,3,15597,676,279,1614,31,1583,0.9808,0.0192,5,4,265329.0,5.4238,338.0,2.5302,50.71,High,0,0,At-Risk
hapi,npm,https://github.com/hapijs/hapi,BSD-3-Clause,Permissive,1,15.13,2788.1,295,19.5,4,100,2268,810,1392,0.3571,0.6138,0.8602,6,13953,1360,416,4347,36,4311,0.9917,0.0083,18,6,372024.0,5.5706,680.0,2.8331,54.89,High,1,1,Abandonment-Imminent
ethereumjs-vm,npm,https://github.com/ethereumjs/ethereumjs-vm,MPL-2.0,Copyleft,0,11.19,2331.3,43,3.84,5,99,4484,1218,1883,0.2716,0.4199,0.8482,10,1804,536,58,1978,131,1847,0.9338,0.0662,15,32,1512581.0,6.1797,268.0,2.4298,54.82,High,1,1,Abandonment-Imminent
vuex-persistedstate,npm,https://github.com/robinvdvleuten/vuex-persistedstate,MIT,Permissive,1,9.99,1828.5,38,3.8,1,43,290,167,232,0.5759,0.8,0.8148,2,5697,359,51,444,27,417,0.9392,0.0608,2,17,710652.0,5.8517,179.0,2.2553,50.75,High,1,1,Abandonment-Imminent
electron-builder,npm,https://github.com/electron-userland/electron-builder,MIT,Permissive,1,11.33,106.3,998,88.08,3,100,2258,1597,1719,0.7073,0.7613,0.8797,4,12531,1621,148,7244,347,6897,0.9521,0.0479,10,2,742599.0,5.8708,810.0,2.909,57.74,High,0,0,At-Risk
unist-util-visit,npm,https://github.com/syntax-tree/unist-util-visit,MIT,Permissive,1,11.15,244.2,24,2.15,2,13,148,134,136,0.9054,0.9189,0.8389,1,154,19,9,35,0,35,1.0,0.0,3,13,34459947.0,7.5373,9.0,1.0,49.1,High,0,1,At-Risk
@openzeppelin/contracts-ethereum-package,npm,https://github.com/OpenZeppelin/openzeppelin-contracts,MIT,Permissive,1,7.18,2324.0,7,0.97,8,100,2514,768,1184,0.3055,0.471,0.7965,15,20107,10331,628,3667,146,3521,0.9602,0.0398,0,23,8060.0,3.9064,5165.0,3.7132,52.74,High,1,1,Abandonment-Imminent
markdown-it,npm,https://github.com/markdown-it/markdown-it,MIT,Permissive,1,11.76,12.8,87,7.4,1,71,988,672,898,0.6802,0.9089,0.9049,2,13680,1483,171,864,10,854,0.9884,0.0116,6,22,11267228.0,7.0518,741.0,2.8704,65.41,Critical,0,1,Healthy
webpack-hot-middleware,npm,https://github.com/webpack-contrib/webpack-hot-middleware,MIT,Permissive,1,11.39,965.3,67,5.88,3,65,253,132,143,0.5217,0.5652,0.6824,20,2319,313,37,428,73,355,0.8294,0.1706,3,10,21404301.0,7.3305,156.0,2.1959,60.24,Critical,0,1,Abandonment-Imminent
string.prototype.trimend,npm,https://github.com/es-shims/String.prototype.trimEnd,MIT,Permissive,1,8.76,109.7,13,1.48,2,2,57,52,57,0.9123,1.0,0.4123,1,5,5,4,5,1,4,0.8,0.2,4,11,122603967.0,8.0885,5.0,0.7782,50.55,High,0,1,Healthy
html-minifier-terser,npm,https://github.com/terser/html-minifier-terser,MIT,Permissive,1,6.89,1261.8,19,2.76,2,86,1179,399,637,0.3384,0.5403,0.8749,5,234,19,8,135,11,124,0.9185,0.0815,7,18,50266539.0,7.7013,9.0,1.0,50.23,High,0,1,Abandonment-Imminent
cookie-parser,npm,https://github.com/expressjs/cookie-parser,MIT,Permissive,1,12.6,715.2,18,1.43,3,14,254,238,241,0.937,0.9488,0.8751,1,1765,203,35,51,4,47,0.9216,0.0784,2,10,10814814.0,7.034,236.0,2.3747,60.09,Critical,0,1,Abandonment-Imminent
fb-watchman,npm,ssh://git@github.com/facebook/watchman,Apache-2.0,Permissive,1,11.89,1463.2,17,1.43,2,100,3634,1792,2381,0.4931,0.6552,0.8626,7,11298,928,268,1054,151,903,0.8567,0.1433,1,0,78211864.0,7.8933,464.0,2.6675,69.04,Critical,0,0,Abandonment-Imminent
cors,npm,https://github.com/expressjs/cors,MIT,Permissive,1,13.64,244.4,35,2.57,3,39,282,143,236,0.5071,0.8369,0.818,2,5622,446,88,184,18,166,0.9022,0.0978,2,6,39155643.0,7.5928,275.0,2.4409,64.61,Critical,0,1,At-Risk
ng-zorro-antd,npm,https://github.com/NG-ZORRO/ng-zorro-antd,MIT,Permissive,1,9.11,1.8,254,27.88,8,100,1982,484,952,0.2442,0.4803,0.8096,11,8358,3366,238,7679,768,6911,0.9,0.1,5,0,185220.0,5.2677,1683.0,3.2263,56.95,High,0,1,Healthy
estree-util-build-jsx,npm,https://github.com/syntax-tree/estree-util-build-jsx,MIT,Permissive,1,5.75,1067.7,9,1.57,2,4,45,42,43,0.9333,0.9556,0.6833,1,18,4,8,5,0,5,1.0,0.0,4,11,1153396.0,6.062,5.0,0.7782,36.68,Medium,0,1,Abandonment-Imminent
bugsnag-build-reporter,npm,https://github.com/bugsnag/bugsnag-build-reporter-node,MIT,Permissive,1,8.7,1906.6,12,1.38,2,8,55,47,49,0.8545,0.8909,0.7432,1,4,5,20,20,3,17,0.85,0.15,7,6,336242.0,5.5267,5.0,0.7782,33.02,Medium,0,1,Abandonment-Imminent
bin-build,npm,https://github.com/kevva/bin-build,MIT,Permissive,1,12.42,3385.6,13,1.05,3,4,80,65,78,0.8125,0.975,0.6375,1,37,7,5,20,6,14,0.7,0.3,5,5,3982975.0,6.6002,5.0,0.7782,40.37,High,0,1,Abandonment-Imminent
@gusoku/openzeppelin-solidity,npm,https://github.com/OpenZeppelin/openzeppelin-contracts,MIT,Permissive,1,5.63,2057.9,1,0.18,1,100,2134,571,962,0.2676,0.4508,0.7819,16,18897,9690,616,3459,132,3327,0.9618,0.0382,0,28,4.0,0.699,4845.0,3.6854,30.51,Medium,0,1,Abandonment-Imminent
multer,npm,https://github.com/expressjs/multer,MIT,Permissive,1,12.64,9.7,57,4.51,5,10,684,289,410,0.4225,0.5994,0.5152,5,0,0,0,20,0,20,1.0,0.0,3,8,15226290.0,7.1826,280.0,2.4487,61.88,Critical,0,1,Healthy
level,npm,https://github.com/Level/level,MIT,Permissive,1,13.44,521.1,47,3.5,3,17,192,70,122,0.3646,0.6354,0.7157,4,1324,103,19,223,2,221,0.991,0.009,3,12,1401808.0,6.1467,51.0,1.716,47.11,High,0,1,Abandonment-Imminent
htmlparser2,npm,https://github.com/fb55/htmlparser2,MIT,Permissive,1,15.07,187.0,80,5.31,1,53,1515,610,1058,0.4026,0.6983,0.9091,3,3697,371,50,1370,2,1368,0.9985,0.0015,4,8,98259130.0,7.9924,185.0,2.2695,65.54,Critical,0,1,At-Risk
frameguard,npm,https://github.com/helmetjs/helmet,MIT,Permissive,1,11.91,2102.2,10,0.84,1,41,756,694,700,0.918,0.9259,0.9174,1,9021,376,99,367,6,361,0.9837,0.0163,0,0,1032954.0,6.0141,188.0,2.2765,52.08,High,0,1,Abandonment-Imminent
gatsby-recipes,npm,https://github.com/gatsbyjs/gatsby,MIT,Permissive,1,6.44,1744.4,356,55.28,3,6,4272,2043,2902,0.4782,0.6793,0.4307,3,0,0,0,20,0,20,1.0,0.0,59,24,647784.0,5.8114,5.0,0.7782,34.97,Medium,1,1,Abandonment-Imminent
rxdb,npm,https://github.com/pubkey/rxdb,Apache-2.0,Permissive,1,9.85,34.5,650,65.99,1,100,7531,3934,6176,0.5224,0.8201,0.945,2,18648,926,225,4211,16,4195,0.9962,0.0038,23,104,24857.0,4.3955,463.0,2.6665,45.1,High,0,1,Healthy
string-width,npm,https://github.com/sindresorhus/string-width,MIT,Permissive,1,11.19,77.1,30,2.68,1,12,51,36,39,0.7059,0.7647,0.6781,3,332,23,11,41,4,37,0.9024,0.0976,2,3,367693690.0,8.5655,11.0,1.0792,56.97,High,0,1,Healthy
intl-locales-supported,npm,https://github.com/formatjs/formatjs,BSD-3-Clause,Permissive,1,11.32,2273.9,42,3.71,5,100,3533,2007,2624,0.5681,0.7427,0.9251,3,13242,1330,135,3516,36,3480,0.9898,0.0102,0,0,359580.0,5.5558,665.0,2.8235,54.69,High,1,1,Abandonment-Imminent
openzeppelin-solidity,npm,https://github.com/OpenZeppelin/openzeppelin-contracts,MIT,Permissive,1,8.41,1854.1,77,9.16,3,100,2620,828,1244,0.316,0.4748,0.7977,14,21128,10846,643,3860,180,3680,0.9534,0.0466,0,27,79644.0,4.9012,5423.0,3.7343,59.77,High,0,1,Abandonment-Imminent
gatsby-plugin-graphql-config,npm,https://github.com/gatsbyjs/gatsby,MIT,Permissive,1,6.0,1597.4,118,19.67,3,6,1416,676,961,0.4774,0.6787,0.4301,3,0,0,0,20,0,20,1.0,0.0,2,4,9001.0,3.9543,5.0,0.7782,22.27,Medium,1,0,Abandonment-Imminent
vfile-message,npm,https://github.com/vfile/vfile-message,MIT,Permissive,1,8.85,424.4,22,2.49,1,4,87,81,84,0.931,0.9655,0.6925,1,10,3,7,15,2,13,0.8667,0.1333,2,8,39312941.0,7.5945,5.0,0.7782,47.17,High,0,1,Abandonment-Imminent
intl-messageformat,npm,git@github.com:formatjs/formatjs,BSD-3-Clause,Permissive,1,12.68,4.1,317,25.0,3,100,3671,2100,2717,0.5721,0.7401,0.9232,3,13464,1366,135,3725,33,3692,0.9911,0.0089,2,0,11041491.0,7.043,683.0,2.8351,64.98,Critical,0,0,At-Risk
@nrwl/tao,npm,https://github.com/nrwl/nx,MIT,Permissive,1,7.19,719.0,1629,226.56,7,100,7215,1547,2554,0.2144,0.354,0.8247,13,16088,1593,146,13709,771,12938,0.9438,0.0562,2,0,9714279.0,6.9874,796.0,2.9015,65.3,Critical,0,0,Abandonment-Imminent
has-flag,npm,https://github.com/sindresorhus/has-flag,MIT,Permissive,1,11.21,1892.3,6,0.54,1,7,22,16,17,0.7273,0.7727,0.5844,3,82,11,8,13,0,13,1.0,0.0,0,3,607850533.0,8.7838,5.0,0.7782,55.3,High,0,1,Abandonment-Imminent
string.prototype.trimstart,npm,https://github.com/es-shims/String.prototype.trimStart,MIT,Permissive,1,8.76,916.3,11,1.26,2,2,57,52,57,0.9123,1.0,0.4123,1,4,5,4,4,1,3,0.75,0.25,3,12,122573323.0,8.0884,5.0,0.7782,50.55,High,0,1,Abandonment-Imminent
superstruct,npm,https://github.com/ianstormtaylor/superstruct,MIT,Permissive,1,8.83,809.5,90,10.19,2,63,911,419,737,0.4599,0.809,0.8952,2,6225,218,43,1146,55,1091,0.952,0.048,0,15,3975672.0,6.5994,109.0,2.0414,53.62,High,0,1,Abandonment-Imminent
@hapi/hapi,npm,https://github.com/hapijs/hapi,BSD-3-Clause,Permissive,1,7.48,63.6,61,8.16,6,100,2307,820,1402,0.3554,0.6077,0.8594,6,14136,1370,418,4390,40,4350,0.9909,0.0091,18,12,2303502.0,6.3624,685.0,2.8363,60.34,Critical,0,1,At-Risk
colord,npm,https://github.com/omgovich/colord,MIT,Permissive,1,5.82,34.3,54,9.28,1,10,220,173,210,0.7864,0.9545,0.8227,2,982,33,7,95,9,86,0.9053,0.0947,0,23,21598054.0,7.3344,16.0,1.2304,50.13,High,0,1,Healthy
@babel/polyfill,npm,https://github.com/babel/babel,MIT,Permissive,1,8.9,2169.1,48,5.39,4,1100,18000,4599,6539,0.2555,0.3633,0.8807,55,43000,5600,850,14120,120,14000,0.9915,0.0085,2,4,6915336.0,6.8398,5.0,0.7782,42.0,High,1,0,Abandonment-Imminent
cucumber,npm,https://github.com/cucumber/cucumber-js,MIT,Permissive,1,15.16,1617.6,111,7.32,3,100,1410,457,737,0.3241,0.5227,0.8774,5,4607,1016,223,2069,31,2038,0.985,0.015,27,36,2550136.0,6.4066,508.0,2.7067,59.28,High,1,1,Abandonment-Imminent
@hapi/cryptiles,npm,https://github.com/hapijs/cryptiles,BSD-3-Clause,Permissive,1,7.48,286.5,8,1.07,6,10,59,38,43,0.6441,0.7288,0.6424,4,181,27,14,57,0,57,1.0,0.0,1,5,2827344.0,6.4514,13.0,1.1461,43.21,High,0,1,Healthy
hsts,npm,https://github.com/helmetjs/hsts,MIT,Permissive,1,11.91,2754.3,9,0.76,1,6,81,76,77,0.9383,0.9506,0.7716,1,88,13,6,28,0,28,1.0,0.0,1,4,2892837.0,6.4613,6.0,0.8451,40.12,High,0,1,Abandonment-Imminent
yaml,npm,https://github.com/eemeli/yaml,ISC,Permissive,1,15.44,12.1,105,6.8,1,18,1310,1270,1286,0.9695,0.9817,0.9282,1,802,78,11,366,8,358,0.9781,0.0219,0,21,100533702.0,8.0023,39.0,1.6021,58.6,High,0,1,Healthy
vfile-location,npm,https://github.com/vfile/vfile-location,MIT,Permissive,1,10.63,800.4,18,1.69,1,3,82,77,80,0.939,0.9756,0.6098,1,11,2,5,9,0,9,1.0,0.0,2,9,23236725.0,7.3662,5.0,0.7782,45.61,High,0,1,Abandonment-Imminent
admin-lte,npm,https://github.com/ColorlibHQ/AdminLTE,MIT,Permissive,1,11.45,28.6,80,6.99,3,100,2255,729,1317,0.3233,0.584,0.9117,4,41172,17703,2031,4423,65,4358,0.9853,0.0147,0,40,142406.0,5.1535,8851.0,3.947,63.73,Critical,0,1,At-Risk
lodash.isarray,npm,https://github.com/lodash/lodash,MIT,Permissive,1,13.0,3906.5,13,1.0,2,4,156,85,120,0.5449,0.7692,0.359,3,0,0,0,20,0,20,1.0,0.0,0,0,11384400.0,7.0563,5.0,0.7782,43.49,High,1,1,Abandonment-Imminent
requests,pypi,https://github.com/psf/requests,Apache-2.0,Permissive,1,15.61,132.2,163,10.44,1,380,6500,1771,2512,0.2725,0.3865,0.8432,35,54300,10750,1600,5350,150,5200,0.972,0.028,6,0,1164000000.0,9.066,5375.0,3.7305,88.22,Critical,0,1,Healthy
django,pypi,https://github.com/django/django,BSD-3-Clause,Permissive,1,16.35,21.3,442,27.03,1,2400,34000,8184,11737,0.2407,0.3452,0.8921,78,82000,32500,2300,32180,180,32000,0.9944,0.0056,5,0,120000000.0,8.0792,16250.0,4.2109,86.51,Critical,0,1,At-Risk
pydantic,pypi,https://github.com/pydantic/pydantic,MIT,Permissive,1,9.39,14.1,206,21.94,1,450,4200,1092,1566,0.26,0.3729,0.8309,41,25000,2100,320,7820,320,7500,0.9591,0.0409,6,0,320000000.0,8.5051,1050.0,3.0216,76.94,Critical,0,1,Healthy
fastapi,pypi,https://github.com/tiangolo/fastapi,MIT,Permissive,1,7.79,56.3,317,40.69,1,750,2800,408,715,0.1457,0.2554,0.7048,190,82000,6800,1200,5450,650,4800,0.8807,0.1193,32,0,140000000.0,8.1461,3400.0,3.5316,79.84,Critical,0,1,Healthy
scikit-learn,pypi,https://github.com/scikit-learn/scikit-learn,BSD-3-Clause,Permissive,1,15.01,13.2,76,5.06,1,2800,31000,7084,10306,0.2285,0.3325,0.8797,94,63000,26000,1800,30100,2100,28000,0.9302,0.0698,5,0,185000000.0,8.2672,13000.0,4.114,86.78,Critical,0,1,At-Risk
flask,pypi,https://github.com/pallets/flask,BSD-3-Clause,Permissive,1,16.44,216.8,64,3.89,1,750,4800,1061,1588,0.221,0.3308,0.805,72,74800,17000,1900,4612,12,4600,0.9974,0.0026,9,0,190000000.0,8.2788,8500.0,3.9295,84.92,Critical,0,1,At-Risk
pytest,pypi,https://github.com/pytest-dev/pytest,MIT,Permissive,1,15.83,96.5,192,12.13,1,600,14000,3700,5254,0.2643,0.3753,0.8614,42,12500,2600,350,11700,700,11000,0.9402,0.0598,14,0,280000000.0,8.4472,1300.0,3.1143,77.52,Critical,0,1,At-Risk
scipy,pypi,https://github.com/scipy/scipy,BSD-3-Clause,Permissive,1,16.16,33.0,108,6.68,1,1300,34000,8690,12328,0.2556,0.3626,0.8901,57,13500,5200,450,19200,1200,18000,0.9375,0.0625,40,0,210000000.0,8.3222,2600.0,3.4151,79.82,Critical,0,1,At-Risk
numpy,pypi,https://github.com/numpy/numpy,BSD-3-Clause,Permissive,1,19.81,17.3,151,7.62,1,1450,32000,8139,11548,0.2543,0.3609,0.8933,59,32800,12800,1100,25900,1900,24000,0.9266,0.0734,0,0,450000000.0,8.6532,6400.0,3.8062,86.19,Critical,0,1,At-Risk
click,pypi,https://github.com/pallets/click,BSD-3-Clause,Permissive,1,12.41,28.4,65,5.24,1,350,1800,402,608,0.2233,0.3378,0.7578,54,16500,1500,340,1920,120,1800,0.9375,0.0625,0,0,260000000.0,8.415,750.0,2.8756,74.79,Critical,0,1,Healthy
black,pypi,https://github.com/psf/black,MIT,Permissive,1,8.53,128.3,73,8.56,1,420,2900,707,1035,0.2438,0.3569,0.8019,46,39000,2400,420,4150,250,3900,0.9398,0.0602,14,0,110000000.0,8.0414,1200.0,3.0795,74.38,Critical,0,1,Healthy
rich,pypi,https://github.com/Textualize/rich,MIT,Permissive,1,6.87,164.6,207,30.13,1,240,1600,416,604,0.26,0.3775,0.7825,33,51000,2200,550,2180,80,2100,0.9633,0.0367,3,0,95000000.0,7.9777,1100.0,3.0418,73.55,Critical,0,1,Healthy
pandas,pypi,https://github.com/pandas-dev/pandas,BSD-3-Clause,Permissive,1,16.74,6.0,118,7.05,1,3100,38000,8806,12742,0.2317,0.3353,0.8879,93,46500,18200,1400,45800,3800,42000,0.917,0.083,84,0,420000000.0,8.6232,9100.0,3.9591,87.59,Critical,0,1,At-Risk
httpx,pypi,https://github.com/encode/httpx,BSD-3-Clause,Permissive,1,7.18,23.3,77,10.72,1,250,1900,505,728,0.2658,0.3832,0.7962,32,15000,850,180,2190,90,2100,0.9589,0.0411,12,0,85000000.0,7.9294,425.0,2.6294,68.89,Critical,0,1,Healthy
celery,pypi,https://github.com/celery/celery,BSD-3-Clause,Permissive,1,17.41,1.6,225,12.92,1,900,16000,4148,5889,0.2592,0.3681,0.8767,50,25500,4800,720,14850,850,14000,0.9428,0.0572,53,0,75000000.0,7.8751,2400.0,3.3804,76.4,Critical,0,1,At-Risk
redis,pypi,https://github.com/redis/redis-py,MIT,Permissive,1,13.96,55.6,169,12.11,1,350,3200,846,1213,0.2644,0.3791,0.8216,36,13500,2600,380,3110,210,2900,0.9325,0.0675,11,0,90000000.0,7.9542,1300.0,3.1143,74.15,Critical,0,1,Healthy
cryptography,pypi,https://github.com/pyca/cryptography,Apache-2.0,Permissive,1,12.71,29.2,159,12.51,1,380,8500,2304,3273,0.2711,0.3851,0.8392,35,6500,1400,220,7910,110,7800,0.9861,0.0139,3,0,240000000.0,8.3802,700.0,2.8457,74.24,Critical,0,1,Healthy
pillow,pypi,https://github.com/python-pillow/Pillow,MIT,Permissive,1,16.15,84.5,107,6.63,1,420,14500,3914,5556,0.2699,0.3832,0.8455,37,12800,2400,320,6895,95,6800,0.9862,0.0138,25,0,175000000.0,8.243,1200.0,3.0795,75.76,Critical,0,1,Healthy
alembic,pypi,https://github.com/sqlalchemy/alembic,MIT,Permissive,1,14.81,12.2,148,9.99,1,280,4200,1171,1659,0.2788,0.395,0.8286,30,3500,550,95,1920,120,1800,0.9375,0.0625,5,0,95000000.0,7.9777,275.0,2.4409,67.24,Critical,0,1,Healthy
beautifulsoup4,pypi,https://github.com/wention/BeautifulSoup4,MIT,Permissive,1,12.98,108.3,54,4.16,1,40,1200,399,567,0.3325,0.4725,0.6831,11,2500,650,90,525,45,480,0.9143,0.0857,7,0,292000000.0,8.4654,325.0,2.5132,71.33,Critical,0,1,Healthy
jinja2,pypi,https://github.com/pallets/jinja,BSD-3-Clause,Permissive,1,18.29,567.2,52,2.84,1,300,2200,571,826,0.2595,0.3755,0.7993,36,10800,1800,290,1760,60,1700,0.9659,0.0341,2,0,250000000.0,8.3979,900.0,2.9547,75.51,Critical,0,1,Abandonment-Imminent
pyyaml,pypi,https://github.com/yaml/pyyaml,MIT,Permissive,1,15.23,359.1,40,2.63,1,60,850,267,380,0.3141,0.4471,0.7164,14,2900,650,95,630,180,450,0.7143,0.2857,0,0,310000000.0,8.4914,325.0,2.5132,71.51,Critical,0,1,At-Risk
fabric,pypi,https://github.com/fabric/fabric,BSD-3-Clause,Permissive,1,18.69,171.0,131,7.01,1,180,2800,805,1141,0.2875,0.4075,0.8029,24,15000,2100,550,2250,350,1900,0.8444,0.1556,5,0,18000000.0,7.2553,1050.0,3.0216,68.39,Critical,0,1,Healthy
tqdm,pypi,https://github.com/tqdm/tqdm,MIT,Permissive,1,12.91,12.7,151,11.7,1,140,1450,425,603,0.2931,0.4159,0.7868,22,29500,1400,320,1440,190,1250,0.8681,0.1319,8,0,160000000.0,8.2041,700.0,2.8457,73.04,Critical,0,1,Healthy
werkzeug,pypi,https://github.com/pallets/werkzeug,BSD-3-Clause,Permissive,1,18.79,174.2,106,5.64,1,450,4500,1174,1682,0.2609,0.3738,0.8349,40,7100,1800,220,2685,85,2600,0.9683,0.0317,2,0,177000000.0,8.248,900.0,2.9547,74.48,Critical,0,1,Healthy
paramiko,pypi,https://github.com/paramiko/paramiko,LGPL-2.1,Copyleft,0,15.91,137.2,151,9.49,1,220,1600,432,621,0.27,0.3881,0.7887,30,9200,2100,380,2220,320,1900,0.8559,0.1441,4,0,85000000.0,7.9294,1050.0,3.0216,73.0,Critical,0,1,Healthy
feedparser,pypi,https://github.com/kurtmckee/feedparser,BSD-2-Clause,Permissive,1,19.28,55.4,27,1.4,1,45,650,212,301,0.3262,0.4631,0.6955,12,1900,450,80,520,140,380,0.7308,0.2692,1,0,15000000.0,7.1761,225.0,2.3541,60.85,Critical,0,1,Healthy
colorama,pypi,https://github.com/tartley/colorama,BSD-3-Clause,Permissive,1,16.43,1429.9,46,2.8,1,50,420,138,195,0.3286,0.4643,0.7114,12,3600,400,75,340,60,280,0.8235,0.1765,0,0,260000000.0,8.415,200.0,2.3032,68.79,Critical,0,1,Abandonment-Imminent
lxml,pypi,https://github.com/lxml/lxml,BSD-3-Clause,Permissive,1,19.23,20.5,130,6.76,1,120,7500,2212,3143,0.2949,0.4191,0.7734,20,2800,580,85,1490,90,1400,0.9396,0.0604,4,0,180000000.0,8.2553,290.0,2.4639,69.38,Critical,0,1,Healthy
idna,pypi,https://github.com/kjd/idna,BSD-3-Clause,Permissive,1,13.19,6.4,43,3.26,1,30,380,132,187,0.3474,0.4921,0.6554,9,1800,250,55,230,40,190,0.8261,0.1739,6,0,320000000.0,8.5051,125.0,2.1004,67.27,Critical,0,1,Healthy
theano,pypi,https://github.com/Theano/Theano,BSD-3-Clause,Permissive,1,15.84,2249.3,45,2.84,1,340,28000,7645,10858,0.273,0.3878,0.8347,33,10000,2450,620,6790,590,6200,0.9131,0.0869,0,0,2500000.0,6.3979,1225.0,3.0885,63.23,Critical,0,1,Abandonment-Imminent
joblib,pypi,https://github.com/joblib/joblib,BSD-3-Clause,Permissive,1,17.91,23.6,109,6.09,1,180,2100,602,854,0.2867,0.4067,0.8029,25,3800,700,110,1185,85,1100,0.9283,0.0717,24,0,140000000.0,8.1461,350.0,2.5453,69.49,Critical,0,1,Healthy
chardet,pypi,https://github.com/chardet/chardet,LGPL-2.1,Copyleft,0,19.75,40.1,31,1.57,1,65,950,297,422,0.3126,0.4442,0.7247,15,2100,350,70,540,120,420,0.7778,0.2222,0,0,180000000.0,8.2553,175.0,2.2455,67.09,Critical,0,1,Healthy
six,pypi,https://github.com/benjaminp/six,MIT,Permissive,1,16.24,658.3,29,1.79,1,75,720,224,317,0.3111,0.4403,0.7441,15,1100,310,60,425,45,380,0.8941,0.1059,0,0,190000000.0,8.2788,155.0,2.1931,66.7,Critical,0,1,Abandonment-Imminent
simplejson,pypi,https://github.com/simplejson/simplejson,MIT,Permissive,1,20.73,28.0,113,5.45,1,50,850,278,393,0.3271,0.4624,0.7088,12,1800,320,65,370,60,310,0.8378,0.1622,0,0,45000000.0,7.6532,160.0,2.2068,62.56,Critical,0,1,Healthy
sqlalchemy,pypi,https://github.com/sqlalchemy/sqlalchemy,MIT,Permissive,1,20.61,8.1,330,16.01,1,500,42000,11200,15910,0.2667,0.3788,0.8523,39,10500,1500,310,12450,450,12000,0.9639,0.0361,32,0,160000000.0,8.2041,750.0,2.8756,73.35,Critical,0,1,At-Risk
certifi,pypi,https://github.com/certifi/python-certifi,MPL-2.0,Copyleft,0,14.74,63.9,76,5.16,1,45,480,156,222,0.325,0.4625,0.6938,12,1200,450,60,235,25,210,0.8936,0.1064,0,0,380000000.0,8.5798,225.0,2.3541,70.45,Critical,0,1,Healthy
nose,pypi,https://github.com/nose-devs/nose,LGPL-2.1,Copyleft,0,15.78,4131.6,14,0.89,1,110,1300,389,552,0.2992,0.4246,0.7724,19,2100,550,110,1170,320,850,0.7265,0.2735,0,0,8500000.0,6.9294,275.0,2.4409,60.07,Critical,0,1,Abandonment-Imminent
pycrypto,pypi,https://github.com/dlitz/pycrypto,Unlicense,Permissive,1,15.77,4478.7,13,0.82,1,45,650,212,301,0.3262,0.4631,0.6955,12,2400,850,180,670,290,380,0.5672,0.4328,0,0,12000000.0,7.0792,425.0,2.6294,63.07,Critical,0,1,Abandonment-Imminent
supervisor,pypi,https://github.com/Supervisor/supervisor,BSD-3-Clause,Permissive,1,17.33,396.2,52,3.0,1,180,3100,881,1253,0.2842,0.4042,0.7997,25,9200,1600,320,1670,220,1450,0.8683,0.1317,2,0,22000000.0,7.3424,800.0,2.9036,67.75,Critical,0,1,Abandonment-Imminent
pathlib,pypi,https://github.com/pitrou/pathlib,MIT,Permissive,1,14.65,1603.4,11,0.75,1,15,280,108,154,0.3857,0.55,0.5695,6,650,110,30,140,50,90,0.6429,0.3571,0,0,14000000.0,7.1461,55.0,1.7482,54.28,High,0,1,Abandonment-Imminent
pysqlite,pypi,https://github.com/ghaering/pysqlite,Zlib,Permissive,1,16.86,3676.1,11,0.65,1,8,280,125,177,0.4464,0.6321,0.4804,4,120,35,18,105,45,60,0.5714,0.4286,0,0,450000.0,5.6532,17.0,1.2553,38.9,Medium,1,1,Abandonment-Imminent
pep8,pypi,https://github.com/PyCQA/pep8,MIT,Permissive,1,17.03,3256.4,37,2.17,1,35,520,177,251,0.3404,0.4827,0.6731,10,1400,320,65,530,120,410,0.7736,0.2264,0,0,3500000.0,6.5441,160.0,2.2068,54.98,High,0,1,Abandonment-Imminent
ipaddress,pypi,https://github.com/phihag/ipaddress,PSF-2.0,Permissive,1,13.63,2532.9,22,1.61,1,18,220,82,117,0.3727,0.5318,0.5949,7,280,80,25,130,35,95,0.7308,0.2692,0,0,24000000.0,7.3802,40.0,1.6128,54.46,High,0,1,Abandonment-Imminent
mock,pypi,https://github.com/testing-cabal/mock,BSD-3-Clause,Permissive,1,17.95,569.5,40,2.23,1,40,680,227,322,0.3338,0.4735,0.6844,11,1500,250,55,405,85,320,0.7901,0.2099,6,0,35000000.0,7.5441,125.0,2.1004,60.7,Critical,0,1,Abandonment-Imminent
distutils2,pypi,https://github.com/tarekziade/distutils2,PSF-2.0,Permissive,1,16.38,5307.3,4,0.24,1,12,350,142,202,0.4057,0.5771,0.5419,5,150,40,25,190,80,110,0.5789,0.4211,0,0,150000.0,5.1761,20.0,1.3222,36.33,Medium,0,1,Abandonment-Imminent
functools32,pypi,https://github.com/MiCHaEL-K/functools32,PSF-2.0,Permissive,1,14.01,4092.9,3,0.21,1,8,120,54,76,0.45,0.6333,0.4771,4,140,35,12,63,18,45,0.7143,0.2857,0,0,15000000.0,7.1761,17.0,1.2553,49.31,High,0,1,Abandonment-Imminent
urllib3,pypi,https://github.com/urllib3/urllib3,MIT,Permissive,1,16.78,8.2,109,6.5,1,350,3800,1028,1463,0.2705,0.385,0.8309,34,4100,1200,140,2685,85,2600,0.9683,0.0317,5,0,750000000.0,8.8751,600.0,2.7789,76.93,Critical,0,1,Healthy
tornado,pypi,https://github.com/tornadoweb/tornado,Apache-2.0,Permissive,1,16.35,1.9,87,5.32,1,420,4500,1196,1706,0.2658,0.3791,0.8369,38,21500,5600,1100,3220,120,3100,0.9627,0.0373,0,0,55000000.0,7.7404,2800.0,3.4473,76.18,Critical,0,1,Healthy
cherrypy,pypi,https://github.com/cherrypy/cherrypy,BSD-3-Clause,Permissive,1,20.77,831.4,121,5.83,1,120,3800,1125,1597,0.2961,0.4203,0.7742,20,2100,390,95,1890,140,1750,0.9259,0.0741,27,0,4500000.0,6.6532,195.0,2.2923,56.62,High,0,1,Abandonment-Imminent
enum34,pypi,https://github.com/al45tair/enum34,BSD-3-Clause,Permissive,1,13.27,2388.3,30,2.26,1,10,160,68,96,0.425,0.6,0.515,5,190,45,15,90,25,65,0.7222,0.2778,0,0,18000000.0,7.2553,22.0,1.3617,50.97,High,0,1,Abandonment-Imminent
twisted,pypi,https://github.com/twisted/twisted,MIT,Permissive,1,20.95,135.5,111,5.3,1,320,35000,9589,13621,0.274,0.3892,0.8316,32,5600,1600,280,10150,650,9500,0.936,0.064,150,0,28000000.0,7.4472,800.0,2.9036,68.47,Critical,0,1,Healthy
bottle,pypi,https://github.com/bottlepy/bottle,MIT,Permissive,1,17.22,465.6,85,4.94,1,180,1900,544,772,0.2863,0.4063,0.8011,25,8200,1500,380,1360,110,1250,0.9191,0.0809,0,0,6500000.0,6.8129,750.0,2.8756,63.83,Critical,0,1,Abandonment-Imminent
pastedeploy,pypi,https://github.com/Pylons/pastedeploy,MIT,Permissive,1,21.09,1037.8,25,1.19,1,20,350,130,184,0.3714,0.5257,0.612,7,250,80,20,170,30,140,0.8235,0.1765,7,0,8500000.0,6.9294,40.0,1.6128,51.38,High,0,1,Abandonment-Imminent
asyncio,pypi,https://github.com/python/asyncio,Apache-2.0,Permissive,1,12.92,414.9,8,0.62,1,60,950,303,429,0.3189,0.4516,0.7206,14,1400,320,85,525,45,480,0.9143,0.0857,0,0,45000000.0,7.6532,160.0,2.2068,62.56,Critical,0,1,Abandonment-Imminent
gevent,pypi,https://github.com/gevent/gevent,MIT,Permissive,1,17.18,7.2,99,5.76,1,190,4800,1367,1941,0.2848,0.4044,0.8041,25,5800,1100,250,2010,160,1850,0.9204,0.0796,23,0,35000000.0,7.5441,550.0,2.7412,67.43,Critical,0,1,Healthy
webob,pypi,https://github.com/Pylons/webob,MIT,Permissive,1,19.1,52.7,75,3.93,1,50,1800,581,826,0.3228,0.4589,0.7042,13,650,180,45,585,65,520,0.8889,0.1111,8,0,15000000.0,7.1761,90.0,1.959,56.7,High,0,1,Healthy
