package_name,ecosystem,repository_url,license,created_at,latest_release_date,latest_version,releases_count,maintainers_count,contributors_count,total_commits,top_contributor_commits,top_2_contributor_commits,contributor_commits_json,stars_count,forks_count,subscribers_count,open_issues_count,total_issues_count,dependencies_count,dev_dependencies_count,downloads_monthly,dependents_count,is_deprecated,has_test_script,npms_quality_score,npms_popularity_score,npms_maintenance_score
react,npm,https://github.com/react/react,MIT,2011-10-26T17:46:21.942Z,2026-09-09T17:21:30.071Z,19.3.0,2957,2,100,8947,1574,2718,"[22, 24, 9, 301, 14, 72, 8, 429, 26, 18, 1144, 10, 15, 8, 15, 10, 13, 10, 19, 9, 8, 875, 56, 17, 21, 905, 21, 118, 111, 60, 18, 205, 822, 18, 67, 13, 19, 7, 14, 15, 8, 27, 9, 68, 110, 12, 18, 8, 7, 7, 8, 69, 15, 9, 92, 9, 1574, 7, 94, 9, 13, 90, 116, 93, 48, 10, 10, 9, 8, 67, 7, 9, 10, 7, 45, 8, 48, 61, 22, 9, 14, 9, 140, 14, 10, 13, 126, 30, 8, 7, 9, 29, 39, 11, 8, 9, 21, 9, 9, 16]",200439,41607,6643,1139,25023,0,0,632915294,20803,False,False,1.0,249582.0,1.0
vue,npm,https://github.com/vuejs/core,MIT,2013-12-07T06:09:46.299Z,2026-09-17T08:39:03.208Z,3.5.43,594,2,100,4262,2706,3234,"[2706, 528, 91, 80, 72, 67, 59, 41, 40, 34, 20, 19, 18, 16, 16, 14, 14, 13, 13, 12, 12, 12, 12, 11, 10, 10, 10, 10, 10, 10, 9, 9, 9, 8, 7, 7, 7, 7, 7, 6, 6, 6, 6, 5, 5, 5, 5, 5, 5, 5, 5, 5, 5, 4, 4, 4, 4, 4, 4, 4, 4, 4, 4, 3, 3, 3, 3, 3, 3, 3, 3, 3, 3, 3, 3, 3, 3, 3, 3, 3, 3, 3, 3, 3, 3, 3, 3, 2, 2, 2, 2, 2, 2, 2, 2, 2, 2, 2, 2, 2]",33643,6059,756,732,6704,5,0,57002746,3029,False,False,1.0,40819.0,1.0
svelte,npm,https://github.com/sveltejs/svelte,MIT,2016-11-17T22:58:41.644Z,2026-09-18T23:52:47.113Z,5.57.1,1092,3,100,4937,2743,3524,"[2743, 781, 322, 107, 88, 57, 30, 30, 29, 29, 28, 27, 26, 26, 22, 22, 20, 20, 19, 15, 14, 14, 13, 13, 13, 13, 12, 12, 12, 11, 11, 11, 11, 11, 10, 9, 9, 9, 9, 8, 8, 8, 7, 7, 6, 6, 6, 6, 6, 6, 6, 6, 6, 5, 5, 5, 5, 5, 5, 5, 5, 5, 5, 5, 5, 5, 5, 5, 5, 5, 4, 4, 4, 4, 4, 4, 4, 4, 4, 4, 4, 4, 3, 3, 3, 3, 3, 3, 3, 3, 3, 3, 3, 3, 3, 3, 3, 3, 3, 3]",64636,3166,876,855,8004,15,18,19742537,1583,False,True,1.0,68786.0,1.0
next,npm,https://github.com/vercel/next.js,MIT,2011-07-11T11:00:45.416Z,2026-09-22T16:19:00.458Z,16.3.6,3953,4,3500,26000,5126,7809,"[5126, 2683, 1616, 1128, 853, 679, 560, 474, 409, 359, 318, 286, 258, 236, 216, 199, 185, 172, 161, 151, 142, 134, 127, 120, 114, 109, 104, 99, 95, 91, 87, 84, 81, 78, 75, 72, 70, 68, 65, 63, 61, 60, 58, 56, 55, 53, 52, 50, 49, 48, 47, 46, 45, 44, 43, 42, 41, 40, 39, 38, 37, 37, 36, 35, 35, 34, 33, 33, 32, 32, 31, 30, 30, 29, 29, 28, 28, 28, 27, 27, 26, 26, 25, 25, 25, 24, 24, 24, 23, 23, 23, 22, 22, 22, 22, 21, 21, 21, 20, 20, 20, 20, 19, 19, 19, 19, 19, 18, 18, 18, 18, 18, 17, 17, 17, 17, 17, 16, 16, 16, 16, 16, 16, 15, 15, 15, 15, 15, 15, 15, 14, 14, 14, 14, 14, 14, 14, 13, 13, 13, 13, 13, 13, 13, 13, 13, 12, 12, 12, 12, 12, 12, 12, 12, 12, 12, 11, 11, 11, 11, 11, 11, 11, 11, 11, 11, 11, 11, 10, 10, 10, 10, 10, 10, 10, 10, 10, 10, 10, 10, 10, 10, 9, 9, 9, 9, 9, 9, 9, 9, 9, 9, 9, 9, 9, 9, 9, 9, 9, 8, 8, 8, 8, 8, 8, 8, 8, 8, 8, 8, 8, 8, 8, 8, 8, 8, 8, 8, 8, 8, 7, 7, 7, 7, 7, 7, 7, 7, 7, 7, 7, 7, 7, 7, 7, 7, 7, 7, 7, 7, 7, 7, 7, 7, 7, 7, 7, 6, 6, 6, 6, 6, 6, 6, 6, 6, 6, 6, 6, 6, 6, 6, 6, 6, 6, 6, 6, 6, 6, 6, 6, 6, 6, 6, 6, 6, 6, 6, 6, 6, 6, 6, 5, 5, 5, 5, 5, 5, 5, 5, 5, 5, 5, 5, 5, 5, 5, 5, 5, 5, 5, 5, 5, 5, 5, 5, 5, 5, 5, 5, 5, 5, 5, 5, 5, 5, 5, 5, 5, 5, 5, 5, 5, 5, 5, 5, 5, 5, 5, 5, 5, 5, 4, 4, 4, 4, 4, 4, 4, 4, 4, 4, 4, 4, 4, 4, 4, 4, 4, 4, 4, 4, 4, 4, 4, 4, 4, 4, 4, 4, 4, 4, 4, 4, 4, 4, 4, 4, 4, 4, 4, 4, 4, 4, 4, 4, 4, 4, 4, 4, 4, 4, 4, 4, 4, 4, 4, 4, 4, 4, 4, 4, 4, 4, 4, 4, 4, 4, 4, 4, 4, 4, 4, 4, 4, 4, 3, 3, 3, 3, 3, 3, 3, 3, 3, 3, 3, 3, 3, 3, 3, 3, 3, 3, 3, 3, 3, 3, 3, 3, 3, 3, 3, 3, 3, 3, 3, 3, 3, 3, 3, 3, 3, 3, 3, 3, 3, 3, 3, 3, 3, 3, 3, 3, 3, 3, 3, 3, 3, 3, 3, 3, 3, 3, 3, 3, 3, 3, 3, 3, 3, 3, 3, 3, 3, 3, 3, 3, 3, 3, 3, 3, 3, 3, 3, 3, 3, 3, 3, 3, 3, 3, 3, 3, 3, 3, 3, 3, 3, 3, 3, 3, 3, 3, 3, 3, 3, 3, 3, 3, 3, 3, 3, 3, 3, 3, 3, 3, 3, 3, 3, 3, 3, 3, 3, 3, 3, 3, 3, 3, 3, 2, 2, 2, 2, 2, 2, 2, 2, 2, 2, 2, 2, 2, 2, 2, 2, 2, 2, 2, 2, 2, 2, 2, 2, 2, 2, 2, 2, 2, 2, 2, 2, 2, 2, 2, 2, 2, 2, 2, 2, 2, 2, 2, 2, 2, 2, 2, 2, 2, 2, 2, 2, 2, 2, 2, 2, 2, 2, 2, 2, 2, 2, 2, 2, 2, 2, 2, 2, 2, 2, 2, 2, 2, 2, 2, 2, 2, 2, 2, 2, 2, 2, 2, 2, 2, 2, 2, 2, 2, 2, 2, 2, 2, 2, 2, 2, 2, 2, 2, 2, 2, 2, 2, 2, 2, 2, 2, 2, 2, 2, 2, 2, 2, 2, 2, 2, 2, 2, 2, 2, 2, 2, 2, 2, 2, 2, 2, 2, 2, 2, 2, 2, 2, 2, 2, 2, 2, 2, 2, 2, 2, 2, 2, 2, 2, 2, 2, 2, 2, 2, 2, 2, 2, 2, 2, 2, 2, 2, 2, 2, 2, 2, 2, 2, 2, 2, 2, 2, 2, 2, 2, 2, 2, 2, 2, 2, 2, 2, 2, 2, 2, 2, 2, 2, 2, 2, 2, 2, 2, 2, 2, 2, 2, 2, 2, 2, 2, 2, 2, 2, 2, 2, 2, 2, 2, 2, 2, 2, 2, 2, 2, 2, 2, 2, 2, 2, 2, 2, 2, 2, 2, 2, 2, 2, 2, 2, 2, 2, 2, 2, 2, 2, 2, 2, 2, 2, 2, 2, 2, 2, 2, 2, 2, 2, 2, 2, 2, 2, 2, 2, 2, 2, 2, 2, 2, 2, 2, 2, 2, 2, 2, 2, 2, 2, 2, 2, 2, 2, 1, 1, 1, 1, 1, 1, 1, 1, 1, 1, 1, 1, 1, 1, 1, 1, 1, 1, 1, 1, 1, 1, 1, 1, 1, 1, 1, 1, 1, 1, 1, 1, 1, 1, 1, 1, 1, 1, 1, 1, 1, 1, 1, 1, 1, 1, 1, 1, 1, 1, 1, 1, 1, 1, 1, 1, 1, 1, 1, 1, 1, 1, 1, 1, 1, 1, 1, 1, 1, 1, 1, 1, 1, 1, 1, 1, 1, 1, 1, 1, 1, 1, 1, 1, 1, 1, 1, 1, 1, 1, 1, 1, 1, 1, 1, 1, 1, 1, 1, 1, 1, 1, 1, 1, 1, 1, 1, 1, 1, 1, 1, 1, 1, 1, 1, 1, 1, 1, 1, 1, 1, 1, 1, 1, 1, 1, 1, 1, 1, 1, 1, 1, 1, 1, 1, 1, 1, 1, 1, 1, 1, 1, 1, 1, 1, 1, 1, 1, 1, 1, 1, 1, 1, 1, 1, 1, 1, 1, 1, 1, 1, 1, 1, 1, 1, 1, 1, 1, 1, 1, 1, 1, 1, 1, 1, 1, 1, 1, 1, 1, 1, 1, 1, 1, 1, 1, 1, 1, 1, 1, 1, 1, 1, 1, 1, 1, 1, 1, 1, 1, 1, 1, 1, 1, 1, 1, 1, 1, 1, 1, 1, 1, 1, 1, 1, 1, 1, 1, 1, 1, 1, 1, 1, 1, 1, 1, 1, 1, 1, 1, 1, 1, 1, 1, 1, 1, 1, 1, 1, 1, 1, 1, 1, 1, 1, 1, 1, 1, 1, 1, 1, 1, 1, 1, 1, 1, 1, 1, 1, 1, 1, 1, 1, 1, 1, 1, 1, 1, 1, 1, 1, 1, 1, 1, 1, 1, 1, 1, 1, 1, 1, 1, 1, 1, 1, 1, 1, 1, 1, 1, 1, 1, 1, 1, 1, 1, 1, 1, 1, 1, 1, 1, 1, 1, 1, 1, 1, 1, 1, 1, 1, 1, 1, 1, 1, 1, 1, 1, 1, 1, 1, 1, 1, 1, 1, 1, 1, 1, 1, 1, 1, 1, 1, 1, 1, 1, 1, 1, 1, 1, 1, 1, 1, 1, 1, 1, 1, 1, 1, 1, 1, 1, 1, 1, 1, 1, 1, 1, 1, 1, 1, 1, 1, 1, 1, 1, 1, 1, 1, 1, 1, 1, 1, 1, 1, 1, 1, 1, 1, 1, 1, 1, 1, 1, 1, 1, 1, 1, 1, 1, 1, 1, 1, 1, 1, 1, 1, 1, 1, 1, 1, 1, 1, 1, 1, 1, 1, 1, 1, 1, 1, 1, 1, 1, 1, 1, 1, 1, 1, 1, 1, 1, 1, 1, 1, 1, 1, 1, 1, 1, 1, 1, 1, 1, 1, 1, 1, 1, 1, 1, 1, 1, 1, 1, 1, 1, 1, 1, 1, 1, 1, 1, 1, 1, 1, 1, 1, 1, 1, 1, 1, 1, 1, 1, 1, 1, 1, 1, 1, 1, 1, 1, 1, 1, 1, 1, 1, 1, 1, 1, 1, 1, 1, 1, 1, 1, 1, 1, 1, 1, 1, 1, 1, 1, 1, 1, 1, 1, 1, 1, 1, 1, 1, 1, 1, 1, 1, 1, 1, 1, 1, 1, 1, 1, 1, 1, 1, 1, 1, 1, 1, 1, 1, 1, 1, 1, 1, 1, 1, 1, 1, 1, 1, 1, 1, 1, 1, 1, 1, 1, 1, 1, 1, 1, 1, 1, 1, 1, 1, 1, 1, 1, 1, 1, 1, 1, 1, 1, 1, 1, 1, 1, 1, 1, 1, 1, 1, 1, 1, 1, 1, 1, 1, 1, 1, 1, 1, 1, 1, 1, 1, 1, 1, 1, 1, 1, 1, 1, 1, 1, 1, 1, 1, 1, 1, 1, 1, 1, 1, 1, 1, 1, 1, 1, 1, 1, 1, 1, 1, 1, 1, 1, 1, 1, 1, 1, 1, 1, 1, 1, 1, 1, 1, 1, 1, 1, 1, 1, 1, 1, 1, 1, 1, 1, 1, 1, 1, 1, 1, 1, 1, 1, 1, 1, 1, 1, 1, 1, 1, 1, 1, 1, 1, 1, 1, 1, 1, 1, 1, 1, 1, 1, 1, 1, 1, 1, 1, 1, 1, 1, 1, 1, 1, 1, 1, 1, 1, 1, 1, 1, 1, 1, 1, 1, 1, 1, 1, 1, 1, 1, 1, 1, 1, 1, 1, 1, 1, 1, 1, 1, 1, 1, 1, 1, 1, 1, 1, 1, 1, 1, 1, 1, 1, 1, 1, 1, 1, 1, 1, 1, 1, 1, 1, 1, 1, 1, 1, 1, 1, 1, 1, 1, 1, 1, 1, 1, 1, 1, 1, 1, 1, 1, 1, 1, 1, 1, 1, 1, 1, 1, 1, 1, 1, 1, 1, 1, 1, 1, 1, 1, 1, 1, 1, 1, 1, 1, 1, 1, 1, 1, 1, 1, 1, 1, 1, 1, 1, 1, 1, 1, 1, 1, 1, 1, 1, 1, 1, 1, 1, 1, 1, 1, 1, 1, 1, 1, 1, 1, 1, 1, 1, 1, 1, 1, 1, 1, 1, 1, 1, 1, 1, 1, 1, 1, 1, 1, 1, 1, 1, 1, 1, 1, 1, 1, 1, 1, 1, 1, 1, 1, 1, 1, 1, 1, 1, 1, 1, 1, 1, 1, 1, 1, 1, 1, 1, 1, 1, 1, 1, 1, 1, 1, 1, 1, 1, 1, 1, 1, 1, 1, 1, 1, 1, 1, 1, 1, 1, 1, 1, 1, 1, 1, 1, 1, 1, 1, 1, 1, 1, 1, 1, 1, 1, 1, 1, 1, 1, 1, 1, 1, 1, 1, 1, 1, 1, 1, 1, 1, 1, 1, 1, 1, 1, 1, 1, 1, 1, 1, 1, 1, 1, 1, 1, 1, 1, 1, 1, 1, 1, 1, 1, 1, 1, 1, 1, 1, 1, 1, 1, 1, 1, 1, 1, 1, 1, 1, 1, 1, 1, 1, 1, 1, 1, 1, 1, 1, 1, 1, 1, 1, 1, 1, 1, 1, 1, 1, 1, 1, 1, 1, 1, 1, 1, 1, 1, 1, 1, 1, 1, 1, 1, 1, 1, 1, 1, 1, 1, 1, 1, 1, 1, 1, 1, 1, 1, 1, 1, 1, 1, 1, 1, 1, 1, 1, 1, 1, 1, 1, 1, 1, 1, 1, 1, 1, 1, 1, 1, 1, 1, 1, 1, 1, 1, 1, 1, 1, 1, 1, 1, 1, 1, 1, 1, 1, 1, 1, 1, 1, 1, 1, 1, 1, 1, 1, 1, 1, 1, 1, 1, 1, 1, 1, 1, 1, 1, 1, 1, 1, 1, 1, 1, 1, 1, 1, 1, 1, 1, 1, 1, 1, 1, 1, 1, 1, 1, 1, 1, 1, 1, 1, 1, 1, 1, 1, 1, 1, 1, 1, 1, 1, 1, 1, 1, 1, 1, 1, 1, 1, 1, 1, 1, 1, 1, 1, 1, 1, 1, 1, 1, 1, 1, 1, 1, 1, 1, 1, 1, 1, 1, 1, 1, 1, 1, 1, 1, 1, 1, 1, 1, 1, 1, 1, 1, 1, 1, 1, 1, 1, 1, 1, 1, 1, 1, 1, 1, 1, 1, 1, 1, 1, 1, 1, 1, 1, 1, 1, 1, 1, 1, 1, 1, 1, 1, 1, 1, 1, 1, 1, 1, 1, 1, 1, 1, 1, 1, 1, 1, 1, 1, 1, 1, 1, 1, 1, 1, 1, 1, 1, 1, 1, 1, 1, 1, 1, 1, 1, 1, 1, 1, 1, 1, 1, 1, 1, 1, 1, 1, 1, 1, 1, 1, 1, 1, 1, 1, 1, 1, 1, 1, 1, 1, 1, 1, 1, 1, 1, 1, 1, 1, 1, 1, 1, 1, 1, 1, 1, 1, 1, 1, 1, 1, 1, 1, 1, 1, 1, 1, 1, 1, 1, 1, 1, 1, 1, 1, 1, 1, 1, 1, 1, 1, 1, 1, 1, 1, 1, 1, 1, 1, 1, 1, 1, 1, 1, 1, 1, 1, 1, 1, 1, 1, 1, 1, 1, 1, 1, 1, 1, 1, 1, 1, 1, 1, 1, 1, 1, 1, 1, 1, 1, 1, 1, 1, 1, 1, 1, 1, 1, 1, 1, 1, 1, 1, 1, 1, 1, 1, 1, 1, 1, 1, 1, 1, 1, 1, 1, 1, 1, 1, 1, 1, 1, 1, 1, 1, 1, 1, 1, 1, 1, 1, 1, 1, 1, 1, 1, 1, 1, 1, 1, 1, 1, 1, 1, 1, 1, 1, 1, 1, 1, 1, 1, 1, 1, 1, 1, 1, 1, 1, 1, 1, 1, 1, 1, 1, 1, 1, 1, 1, 1, 1, 1, 1, 1, 1, 1, 1, 1, 1, 1, 1, 1, 1, 1, 1, 1, 1, 1, 1, 1, 1, 1, 1, 1, 1, 1, 1, 1, 1, 1, 1, 1, 1, 1, 1, 1, 1, 1, 1, 1, 1, 1, 1, 1, 1, 1, 1, 1, 1, 1, 1, 1, 1, 1, 1, 1, 1, 1, 1, 1, 1, 1, 1, 1, 1, 1, 1, 1, 1, 1, 1, 1, 1, 1, 1, 1, 1, 1, 1, 1, 1, 1, 1, 1, 1, 1, 1, 1, 1, 1, 1, 1, 1, 1, 1, 1, 1, 1, 1, 1, 1, 1, 1, 1, 1, 1, 1, 1, 1, 1, 1, 1, 1, 1, 1, 1, 1, 1, 1, 1, 1, 1, 1, 1, 1, 1, 1, 1, 1, 1, 1, 1, 1, 1, 1, 1, 1, 1, 1, 1, 1, 1, 1, 1, 1, 1, 1, 1, 1, 1, 1, 1, 1, 1, 1, 1, 1, 1, 1, 1, 1, 1, 1, 1, 1, 1, 1, 1, 1, 1, 1, 1, 1, 1, 1, 1, 1, 1, 1, 1, 1, 1, 1, 1, 1, 1, 1, 1, 1, 1, 1, 1, 1, 1, 1, 1, 1, 1, 1, 1, 1, 1, 1, 1, 1, 1, 1, 1, 1, 1, 1, 1, 1, 1, 1, 1, 1, 1, 1, 1, 1, 1, 1, 1, 1, 1, 1, 1, 1, 1, 1, 1, 1, 1, 1, 1, 1, 1, 1, 1, 1, 1, 1, 1, 1, 1, 1, 1, 1, 1, 1, 1, 1, 1, 1, 1, 1, 1, 1, 1, 1, 1, 1, 1, 1, 1, 1, 1, 1, 1, 1, 1, 1, 1, 1, 1, 1, 1, 1, 1, 1, 1, 1, 1, 1, 1, 1, 1, 1, 1, 1, 1, 1, 1, 1, 1, 1, 1, 1, 1, 1, 1, 1, 1, 1, 1, 1, 1, 1, 1, 1, 1, 1, 1, 1, 1, 1, 1, 1, 1, 1, 1, 1, 1, 1, 1, 1, 1, 1, 1, 1, 1, 1, 1, 1, 1, 1, 1, 1, 1, 1, 1, 1, 1, 1, 1, 1, 1, 1, 1, 1, 1, 1, 1, 1, 1, 1, 1, 1, 1, 1, 1, 1, 1, 1, 1, 1, 1, 1, 1, 1, 1, 1, 1, 1, 1, 1, 1, 1, 1, 1, 1, 1, 1, 1, 1, 1, 1, 1, 1, 1, 1, 1, 1, 1, 1, 1, 1, 1, 1, 1, 1, 1, 1, 1, 1, 1, 1, 1, 1, 1, 1, 1, 1, 1, 1, 1, 1, 1, 1, 1, 1, 1, 1, 1, 1, 1, 1, 1, 1, 1, 1, 1, 1, 1, 1, 1, 1, 1, 1, 1, 1, 1, 1, 1, 1, 1, 1, 1, 1, 1, 1, 1, 1, 1, 1, 1, 1, 1, 1, 1, 1, 1, 1, 1, 1, 1, 1, 1, 1, 1, 1, 1, 1, 1, 1, 1, 1, 1, 1, 1, 1, 1, 1, 1, 1, 1, 1, 1, 1, 1, 1, 1, 1, 1, 1, 1, 1, 1, 1, 1, 1, 1, 1, 1, 1, 1, 1, 1, 1, 1, 1, 1, 1, 1, 1, 1, 1, 1, 1, 1, 1, 1, 1, 1, 1, 1, 1, 1, 1, 1, 1, 1, 1, 1, 1, 1, 1, 1, 1, 1, 1, 1, 1, 1, 1, 1, 1, 1, 1, 1, 1, 1, 1, 1, 1, 1, 1, 1, 1, 1, 1, 1, 1, 1, 1, 1, 1, 1, 1, 1, 1, 1, 1, 1, 1, 1, 1, 1, 1, 1, 1, 1, 1, 1, 1, 1, 1, 1, 1, 1, 1, 1, 1, 1, 1, 1, 1, 1, 1, 1, 1, 1, 1, 1, 1, 1, 1, 1, 1, 1, 1, 1, 1, 1, 1, 1, 1, 1, 1, 1, 1, 1, 1, 1, 1, 1, 1, 1, 1, 1, 1, 1, 1, 1, 1, 1, 1, 1, 1, 1, 1, 1, 1, 1, 1, 1, 1, 1, 1, 1, 1, 1, 1, 1, 1, 1, 1, 1, 1, 1, 1, 1, 1, 1, 1, 1, 1, 1, 1, 1, 1, 1, 1, 1, 1, 1, 1, 1, 1, 1, 1, 1, 1, 1, 1, 1, 1, 1, 1, 1, 1, 1, 1, 1, 1, 1, 1, 1, 1, 1, 1, 1, 1, 1, 1, 1, 1, 1, 1, 1, 1, 1, 1, 1, 1, 1, 1, 1, 1, 1, 1, 1, 1, 1, 1, 1, 1, 1, 1, 1, 1, 1, 1, 1, 1, 1, 1, 1, 1, 1, 1, 1, 1, 1, 1, 1, 1, 1, 1, 1, 1, 1, 1, 1, 1, 1, 1, 1, 1, 1, 1, 1, 1, 1, 1, 1, 1, 1, 1, 1, 1, 1, 1, 1, 1, 1, 1, 1, 1, 1, 1, 1, 1, 1, 1, 1, 1, 1, 1, 1, 1, 1, 1, 1, 1, 1, 1, 1, 1, 1, 1, 1, 1, 1, 1, 1, 1, 1, 1, 1, 1, 1, 1, 1, 1, 1, 1, 1, 1, 1, 1, 1, 1, 1, 1, 1, 1, 1, 1, 1, 1, 1, 1, 1, 1, 1, 1, 1, 1, 1, 1, 1, 1, 1, 1, 1, 1, 1, 1, 1, 1, 1, 1, 1, 1, 1, 1, 1, 1, 1, 1, 1, 1, 1, 1, 1, 1, 1, 1, 1, 1, 1, 1, 1, 1, 1, 1, 1, 1, 1, 1, 1, 1, 1, 1, 1, 1, 1, 1, 1, 1, 1, 1, 1, 1, 1, 1, 1, 1, 1, 1, 1, 1, 1, 1, 1, 1, 1, 1, 1, 1, 1, 1, 1, 1, 1, 1, 1, 1, 1, 1, 1, 1, 1, 1, 1, 1, 1, 1, 1, 1, 1, 1, 1, 1, 1, 1, 1, 1, 1, 1, 1, 1, 1, 1, 1, 1, 1, 1, 1, 1, 1, 1, 1, 1, 1, 1, 1, 1, 1, 1, 1, 1, 1, 1, 1, 1, 1, 1, 1, 1, 1, 1, 1, 1, 1, 1, 1, 1, 1, 1, 1, 1, 1, 1, 1, 1, 1, 1, 1, 1, 1, 1, 1, 1, 1, 1, 1, 1, 1, 1, 1, 1, 1, 1, 1, 1, 1, 1, 1, 1, 1, 1, 1, 1, 1, 1, 1, 1, 1, 1, 1, 1, 1, 1, 1, 1, 1, 1, 1, 1, 1, 1, 1, 1, 1, 1, 1, 1, 1, 1, 1, 1, 1, 1, 1, 1, 1, 1, 1, 1, 1, 1, 1, 1, 1, 1, 1, 1, 1, 1, 1, 1, 1, 1, 1, 1, 1, 1, 1, 1, 1, 1, 1, 1, 1, 1, 1, 1, 1, 1, 1, 1, 1, 1, 1, 1, 1, 1, 1, 1, 1, 1, 1, 1, 1, 1, 1, 1, 1, 1, 1, 1, 1, 1, 1, 1, 1, 1, 1, 1, 1, 1, 1, 1, 1, 1, 1, 1, 1, 1, 1, 1, 1, 1, 1, 1, 1, 1, 1, 1, 1, 1, 1, 1, 1, 1, 1, 1, 1, 1, 1, 1, 1, 1, 1, 1, 1, 1, 1, 1, 1, 1, 1, 1, 1, 1, 1, 1, 1, 1, 1, 1, 1, 1, 1, 1, 1, 1, 1, 1, 1, 1, 1, 1, 1, 1, 1, 1, 1, 1, 1, 1, 1, 1, 1, 1, 1, 1, 1, 1, 1, 1, 1, 1, 1, 1, 1, 1, 1, 1, 1, 1, 1, 1, 1, 1, 1, 1, 1, 1, 1, 1, 1, 1, 1, 1, 1, 1, 1, 1, 1, 1, 1, 1, 1, 1, 1, 1, 1, 1, 1, 1, 1, 1, 1, 1, 1, 1, 1, 1, 1, 1, 1, 1, 1, 1, 1, 1, 1, 1, 1, 1, 1, 1, 1, 1, 1, 1, 1, 1, 1, 1, 1, 1, 1, 1, 1, 1, 1, 1, 1, 1, 1, 1, 1, 1, 1, 1, 1, 1, 1, 1, 1, 1, 1, 1, 1, 1, 1, 1, 1, 1, 1, 1, 1, 1, 1, 1, 1, 1, 1, 1, 1, 1, 1, 1, 1, 1, 1, 1, 1, 1, 1, 1, 1, 1, 1, 1, 1, 1, 1, 1, 1, 1, 1, 1, 1, 1, 1]",131000,28500,1500,2900,37900,6,0,197603366,37,False,False,0.8888888888888888,37.0,1.0
express,npm,https://github.com/expressjs/express,MIT,2010-12-29T19:38:25.450Z,2025-12-01T20:49:43.268Z,5.2.1,289,5,100,4986,3527,4620,"[3527, 1093, 65, 54, 21, 16, 8, 8, 6, 6, 6, 6, 6, 5, 5, 5, 5, 5, 4, 4, 4, 3, 3, 3, 3, 3, 3, 3, 2, 2, 2, 2, 2, 2, 2, 2, 2, 2, 2, 2, 2, 2, 2, 2, 2, 2, 2, 2, 2, 2, 2, 2, 2, 2, 2, 2, 2, 2, 2, 2, 2, 2, 1, 1, 1, 1, 1, 1, 1, 1, 1, 1, 1, 1, 1, 1, 1, 1, 1, 1, 1, 1, 1, 1, 1, 1, 1, 1, 1, 1, 1, 1, 1, 1, 1, 1, 1, 1, 1, 1]",59136,10028,1729,170,4845,28,16,459614879,5014,False,True,0.7419354838709677,73570.0,0.9078767123287672
fastify,npm,https://github.com/fastify/fastify,MIT,2016-10-07T22:35:23.353Z,2026-09-16T07:37:06.302Z,5.12.5,331,6,100,2718,582,1057,"[582, 475, 144, 141, 138, 127, 74, 74, 61, 61, 56, 50, 48, 36, 31, 28, 27, 26, 20, 19, 19, 17, 17, 17, 16, 16, 15, 13, 12, 11, 11, 10, 10, 10, 10, 10, 9, 8, 8, 7, 7, 7, 7, 7, 7, 6, 6, 6, 6, 6, 5, 5, 5, 5, 5, 5, 5, 5, 5, 5, 5, 4, 4, 4, 4, 4, 4, 4, 4, 4, 4, 4, 4, 4, 4, 4, 4, 4, 3, 3, 3, 3, 3, 3, 3, 3, 3, 3, 3, 3, 3, 3, 3, 3, 3, 3, 3, 3, 3, 3]",25975,1918,295,63,4247,15,35,44284831,959,False,True,1.0,28303.0,1.0
koa,npm,https://github.com/koajs/koa,MIT,2013-11-06T20:11:50.797Z,2026-05-21T07:25:34.368Z,3.2.1,125,11,240,850,155,255,"[155, 100, 60, 42, 32, 25, 21, 18, 15, 13, 12, 11, 10, 9, 8, 7, 7, 6, 6, 6, 5, 5, 5, 4, 4, 4, 4, 4, 4, 3, 3, 3, 3, 3, 3, 3, 3, 3, 2, 2, 2, 2, 2, 2, 2, 2, 2, 2, 2, 2, 2, 2, 2, 2, 2, 2, 2, 1, 1, 1, 1, 1, 1, 1, 1, 1, 1, 1, 1, 1, 1, 1, 1, 1, 1, 1, 1, 1, 1, 1, 1, 1, 1, 1, 1, 1, 1, 1, 1, 1, 1, 1, 1, 1, 1, 1, 1, 1, 1, 1, 1, 1, 1, 1, 1, 1, 1, 1, 1, 1, 1, 1, 1, 1, 1, 1, 1, 1, 1, 1, 1, 1, 1, 1, 1, 1, 1, 1, 1, 1, 1, 1, 1, 1, 1, 1, 1, 1, 1, 1, 1, 1, 1, 1, 1, 1, 1, 1, 1, 1, 1, 1, 1, 1, 1, 1, 1, 1, 1, 1, 1, 1, 1, 1, 1, 1, 1, 1, 1, 1, 1, 1, 1, 1, 1, 1, 1, 1, 1, 1, 1, 1, 1, 1, 1, 1, 1, 1, 1, 1, 1, 1, 1, 1, 1, 1, 1, 1, 1, 1, 1, 1, 1, 1, 1, 1, 1, 1, 1, 1, 1, 1, 1, 1, 1, 1, 1, 1, 1, 1, 1, 1, 1, 1, 1, 1, 1, 1, 1, 1, 1, 1, 1, 1, 1, 1, 1, 1, 1, 1]",35200,3200,920,50,1200,18,5,27338652,1626,False,True,0.8260869565217391,37830.0,1.0
axios,npm,https://github.com/axios/axios,MIT,2014-08-29T23:08:36.810Z,2026-08-26T08:20:14.517Z,1.20.0,145,1,100,1020,334,554,"[334, 220, 105, 58, 26, 22, 21, 16, 15, 12, 10, 10, 9, 6, 6, 5, 5, 4, 4, 4, 3, 3, 3, 3, 3, 2, 2, 2, 2, 2, 2, 2, 2, 2, 2, 2, 2, 2, 2, 2, 2, 2, 2, 2, 2, 2, 2, 2, 2, 2, 2, 2, 2, 2, 2, 2, 2, 2, 2, 2, 2, 2, 2, 1, 1, 1, 1, 1, 1, 1, 1, 1, 1, 1, 1, 1, 1, 1, 1, 1, 1, 1, 1, 1, 1, 1, 1, 1, 1, 1, 1, 1, 1, 1, 1, 1, 1, 1, 1, 1]",97937,10085,1217,322,5303,4,39,431717343,5042,False,True,1.0,109918.0,1.0
got,npm,https://github.com/sindresorhus/got,MIT,2014-03-27T22:43:12.196Z,2026-08-30T23:02:13.377Z,16.0.0,201,1,100,1382,491,919,"[491, 428, 223, 28, 16, 14, 13, 12, 11, 10, 6, 5, 4, 3, 3, 3, 3, 3, 3, 3, 2, 2, 2, 2, 2, 2, 2, 2, 2, 2, 2, 2, 2, 2, 2, 2, 2, 2, 2, 2, 1, 1, 1, 1, 1, 1, 1, 1, 1, 1, 1, 1, 1, 1, 1, 1, 1, 1, 1, 1, 1, 1, 1, 1, 1, 1, 1, 1, 1, 1, 1, 1, 1, 1, 1, 1, 1, 1, 1, 1, 1, 1, 1, 1, 1, 1, 1, 1, 1, 1, 1, 1, 1, 1, 1, 1, 1, 1, 1, 1]",12357,863,107,67,2002,10,40,139067949,431,False,True,0.6363636363636364,13554.0,1.0
undici,npm,https://github.com/nodejs/undici,MIT,2018-07-26T17:26:12.234Z,2026-09-24T08:37:55.067Z,8.11.2,307,3,100,2028,1396,1562,"[1396, 166, 117, 26, 26, 22, 17, 16, 13, 12, 9, 9, 9, 9, 8, 7, 7, 6, 6, 5, 5, 4, 4, 4, 4, 4, 4, 3, 3, 3, 3, 3, 3, 2, 2, 2, 2, 2, 2, 2, 2, 2, 2, 2, 2, 2, 2, 2, 2, 2, 2, 2, 2, 2, 2, 2, 2, 2, 2, 2, 2, 1, 1, 1, 1, 1, 1, 1, 1, 1, 1, 1, 1, 1, 1, 1, 1, 1, 1, 1, 1, 1, 1, 1, 1, 1, 1, 1, 1, 1, 1, 1, 1, 1, 1, 1, 1, 1, 1, 1]",4462,319,50,113,1743,0,22,646187461,159,False,True,1.0,4932.0,1.0
lodash,npm,https://github.com/lodash/lodash,MIT,2012-04-23T16:37:11.912Z,2026-04-01T21:01:20.458Z,4.18.1,117,1,100,7497,6643,6957,"[6643, 314, 77, 46, 42, 38, 22, 22, 21, 19, 18, 10, 9, 8, 7, 7, 7, 7, 6, 5, 5, 5, 5, 5, 5, 4, 4, 4, 4, 4, 3, 3, 3, 3, 3, 3, 3, 3, 3, 3, 2, 2, 2, 2, 2, 2, 2, 2, 2, 2, 2, 2, 2, 2, 2, 2, 2, 2, 2, 2, 2, 2, 2, 2, 2, 2, 2, 2, 2, 2, 2, 2, 2, 2, 1, 1, 1, 1, 1, 1, 1, 1, 1, 1, 1, 1, 1, 1, 1, 1, 1, 1, 1, 1, 1, 1, 1, 1, 1, 1]",55066,6730,860,462,5375,0,0,615304886,3365,False,True,1.0,64317.0,0.7622431506849314
chalk,npm,https://github.com/chalk/chalk,MIT,2013-08-03T00:21:56.318Z,2026-07-26T14:51:07.269Z,6.0.0,44,1,55,297,175,210,"[175, 35, 14, 7, 3, 3, 3, 3, 2, 2, 2, 2, 2, 2, 2, 1, 1, 1, 1, 1, 1, 1, 1, 1, 1, 1, 1, 1, 1, 1, 1, 1, 1, 1, 1, 1, 1, 1, 1, 1, 1, 1, 1, 1, 1, 1, 1, 1, 1, 1, 1, 1, 1, 1, 1]",19524,799,139,1,511,0,11,1849113399,949,False,True,1.0,21466.0,0.9988013698630136
commander,npm,https://github.com/tj/commander.js,MIT,2011-08-14T22:17:51.639Z,2026-05-29T09:16:23.076Z,15.0.0,124,2,100,837,383,525,"[383, 142, 76, 58, 9, 8, 6, 6, 6, 5, 4, 4, 4, 4, 3, 3, 3, 3, 3, 3, 3, 3, 2, 2, 2, 2, 2, 2, 2, 2, 2, 2, 2, 2, 2, 2, 2, 2, 2, 2, 2, 2, 1, 1, 1, 1, 1, 1, 1, 1, 1, 1, 1, 1, 1, 1, 1, 1, 1, 1, 1, 1, 1, 1, 1, 1, 1, 1, 1, 1, 1, 1, 1, 1, 1, 1, 1, 1, 1, 1, 1, 1, 1, 1, 1, 1, 1, 1, 1, 1, 1, 1, 1, 1, 1, 1, 1, 1, 1, 1]",24053,1690,234,5,1836,0,9,1837540044,1017,False,True,1.0,27094.0,1.0
yargs,npm,https://github.com/yargs/yargs,MIT,2013-11-23T09:34:05.069Z,2026-09-20T22:34:11.798Z,18.2.0,267,3,100,830,338,378,"[338, 40, 36, 23, 23, 22, 22, 18, 17, 15, 14, 11, 10, 9, 8, 8, 7, 7, 6, 6, 6, 6, 5, 5, 5, 5, 5, 4, 4, 4, 4, 4, 4, 4, 4, 3, 3, 3, 3, 3, 3, 3, 3, 3, 3, 3, 3, 2, 2, 2, 2, 2, 2, 2, 2, 2, 2, 2, 2, 2, 2, 2, 2, 2, 2, 2, 2, 2, 2, 2, 2, 2, 2, 2, 2, 2, 2, 2, 2, 1, 1, 1, 1, 1, 1, 1, 1, 1, 1, 1, 1, 1, 1, 1, 1, 1, 1, 1, 1, 1]",10145,1021,77,342,2236,6,22,937218701,512,False,True,0.75,11855.0,1.0
typescript,npm,https://github.com/microsoft/TypeScript,Apache-2.0,2012-10-01T15:35:39.553Z,2026-07-08T15:55:18.431Z,7.0.2,3834,7,1200,48000,12259,17413,"[12259, 5154, 3105, 2167, 1640, 1305, 1077, 911, 786, 689, 612, 549, 497, 453, 415, 383, 355, 331, 309, 290, 273, 257, 243, 231, 219, 209, 199, 190, 182, 175, 168, 161, 155, 149, 144, 139, 134, 130, 126, 122, 118, 115, 111, 108, 105, 102, 100, 97, 95, 92, 90, 88, 86, 84, 82, 80, 78, 77, 75, 73, 72, 70, 69, 68, 66, 65, 64, 63, 62, 61, 59, 58, 57, 56, 56, 55, 54, 53, 52, 51, 50, 50, 49, 48, 47, 47, 46, 45, 45, 44, 44, 43, 42, 42, 41, 41, 40, 40, 39, 39, 38, 38, 37, 37, 36, 36, 36, 35, 35, 34, 34, 34, 33, 33, 33, 32, 32, 32, 31, 31, 31, 30, 30, 30, 29, 29, 29, 28, 28, 28, 28, 27, 27, 27, 27, 26, 26, 26, 26, 25, 25, 25, 25, 25, 24, 24, 24, 24, 24, 23, 23, 23, 23, 23, 22, 22, 22, 22, 22, 22, 21, 21, 21, 21, 21, 21, 20, 20, 20, 20, 20, 20, 20, 19, 19, 19, 19, 19, 19, 19, 18, 18, 18, 18, 18, 18, 18, 18, 17, 17, 17, 17, 17, 17, 17, 17, 17, 17, 16, 16, 16, 16, 16, 16, 16, 16, 16, 16, 15, 15, 15, 15, 15, 15, 15, 15, 15, 15, 15, 14, 14, 14, 14, 14, 14, 14, 14, 14, 14, 14, 14, 14, 13, 13, 13, 13, 13, 13, 13, 13, 13, 13, 13, 13, 13, 13, 13, 12, 12, 12, 12, 12, 12, 12, 12, 12, 12, 12, 12, 12, 12, 12, 12, 12, 11, 11, 11, 11, 11, 11, 11, 11, 11, 11, 11, 11, 11, 11, 11, 11, 11, 11, 11, 11, 10, 10, 10, 10, 10, 10, 10, 10, 10, 10, 10, 10, 10, 10, 10, 10, 10, 10, 10, 10, 10, 10, 10, 10, 9, 9, 9, 9, 9, 9, 9, 9, 9, 9, 9, 9, 9, 9, 9, 9, 9, 9, 9, 9, 9, 9, 9, 9, 9, 9, 9, 9, 8, 8, 8, 8, 8, 8, 8, 8, 8, 8, 8, 8, 8, 8, 8, 8, 8, 8, 8, 8, 8, 8, 8, 8, 8, 8, 8, 8, 8, 8, 8, 8, 8, 8, 8, 8, 7, 7, 7, 7, 7, 7, 7, 7, 7, 7, 7, 7, 7, 7, 7, 7, 7, 7, 7, 7, 7, 7, 7, 7, 7, 7, 7, 7, 7, 7, 7, 7, 7, 7, 7, 7, 7, 7, 7, 7, 7, 7, 7, 7, 7, 6, 6, 6, 6, 6, 6, 6, 6, 6, 6, 6, 6, 6, 6, 6, 6, 6, 6, 6, 6, 6, 6, 6, 6, 6, 6, 6, 6, 6, 6, 6, 6, 6, 6, 6, 6, 6, 6, 6, 6, 6, 6, 6, 6, 6, 6, 6, 6, 6, 6, 6, 6, 6, 6, 6, 6, 6, 6, 6, 5, 5, 5, 5, 5, 5, 5, 5, 5, 5, 5, 5, 5, 5, 5, 5, 5, 5, 5, 5, 5, 5, 5, 5, 5, 5, 5, 5, 5, 5, 5, 5, 5, 5, 5, 5, 5, 5, 5, 5, 5, 5, 5, 5, 5, 5, 5, 5, 5, 5, 5, 5, 5, 5, 5, 5, 5, 5, 5, 5, 5, 5, 5, 5, 5, 5, 5, 5, 5, 5, 5, 5, 5, 5, 5, 5, 5, 5, 5, 5, 5, 5, 5, 4, 4, 4, 4, 4, 4, 4, 4, 4, 4, 4, 4, 4, 4, 4, 4, 4, 4, 4, 4, 4, 4, 4, 4, 4, 4, 4, 4, 4, 4, 4, 4, 4, 4, 4, 4, 4, 4, 4, 4, 4, 4, 4, 4, 4, 4, 4, 4, 4, 4, 4, 4, 4, 4, 4, 4, 4, 4, 4, 4, 4, 4, 4, 4, 4, 4, 4, 4, 4, 4, 4, 4, 4, 4, 4, 4, 4, 4, 4, 4, 4, 4, 4, 4, 4, 4, 4, 4, 4, 4, 4, 4, 4, 4, 4, 4, 4, 4, 4, 4, 4, 4, 4, 4, 4, 4, 4, 4, 4, 4, 4, 4, 4, 4, 4, 4, 4, 4, 4, 4, 4, 4, 4, 4, 4, 3, 3, 3, 3, 3, 3, 3, 3, 3, 3, 3, 3, 3, 3, 3, 3, 3, 3, 3, 3, 3, 3, 3, 3, 3, 3, 3, 3, 3, 3, 3, 3, 3, 3, 3, 3, 3, 3, 3, 3, 3, 3, 3, 3, 3, 3, 3, 3, 3, 3, 3, 3, 3, 3, 3, 3, 3, 3, 3, 3, 3, 3, 3, 3, 3, 3, 3, 3, 3, 3, 3, 3, 3, 3, 3, 3, 3, 3, 3, 3, 3, 3, 3, 3, 3, 3, 3, 3, 3, 3, 3, 3, 3, 3, 3, 3, 3, 3, 3, 3, 3, 3, 3, 3, 3, 3, 3, 3, 3, 3, 3, 3, 3, 3, 3, 3, 3, 3, 3, 3, 3, 3, 3, 3, 3, 3, 3, 3, 3, 3, 3, 3, 3, 3, 3, 3, 3, 3, 3, 3, 3, 3, 3, 3, 3, 3, 3, 3, 3, 3, 3, 3, 3, 3, 3, 3, 3, 3, 3, 3, 3, 3, 3, 3, 3, 3, 3, 3, 3, 3, 3, 3, 3, 3, 3, 3, 3, 3, 3, 3, 3, 3, 3, 3, 3, 3, 3, 3, 3, 3, 3, 3, 3, 3, 3, 3, 3, 3, 3, 3, 3, 3, 3, 3, 3, 3, 3, 3, 3, 3, 3, 3, 2, 2, 2, 2, 2, 2, 2, 2, 2, 2, 2, 2, 2, 2, 2, 2, 2, 2, 2, 2, 2, 2, 2, 2, 2, 2, 2, 2, 2, 2, 2, 2, 2, 2, 2, 2, 2, 2, 2, 2, 2, 2, 2, 2, 2, 2, 2, 2, 2, 2, 2, 2, 2, 2, 2, 2, 2, 2, 2, 2, 2, 2, 2, 2, 2, 2, 2, 2, 2, 2, 2, 2, 2, 2, 2, 2, 2, 2, 2, 2, 2, 2, 2, 2, 2, 2, 2, 2, 2, 2, 2, 2, 2, 2, 2, 2, 2, 2, 2, 2, 2, 2, 2, 2, 2, 2, 2, 2, 2, 2, 2, 2, 2, 2, 2, 2, 2, 2, 2, 2, 2, 2, 2, 2, 2, 2, 2, 2, 2, 2, 2, 2, 2, 2, 2, 2, 2, 2, 2, 2, 2, 2, 2, 2, 2, 2, 2, 2, 2, 2, 2, 2, 2, 2, 2, 2, 2, 2, 2, 2, 2, 2, 2, 2, 2, 2, 2, 2, 2, 2, 2, 2, 2, 2, 2, 2, 2, 2, 2, 2, 2, 2, 2, 2, 2, 2, 2, 2, 2, 2, 2, 2, 2, 2, 2, 2, 2, 2, 2, 2, 2, 2, 2, 2, 2, 2, 2, 2, 2, 2, 2, 2, 2, 2, 2, 2, 2, 2, 2, 2, 2, 2, 2, 2, 2, 2, 2, 2, 2, 2, 2, 2, 2, 2, 2, 2, 2, 2, 2, 2, 2, 2, 2, 2, 2, 2, 2, 2, 2, 2, 2, 2, 2, 2, 2, 2, 2, 2, 2, 2, 2, 2, 2, 2, 2, 2, 2, 2, 2, 2, 2, 2, 2, 2, 2, 2, 2, 2, 2, 2, 2, 2, 2, 2, 2, 2, 2, 2, 2, 2, 2, 2, 2, 2, 2, 2, 2, 2, 2, 2, 2, 2, 2, 2]",111000,14600,2100,4800,46800,20,0,1004355023,5,False,False,0.0,0.0,0.0
webpack,npm,https://github.com/webpack/webpack,MIT,2012-03-11T20:59:59.339Z,2026-09-18T11:27:13.638Z,5.111.1,889,8,99,9359,5515,6167,"[18, 6, 9, 45, 13, 8, 6, 278, 9, 29, 11, 6, 118, 7, 7, 7, 9, 10, 23, 12, 74, 17, 6, 6, 9, 10, 20, 14, 6, 18, 10, 51, 9, 6, 7, 6, 6, 47, 7, 9, 6, 21, 38, 105, 6, 86, 6, 269, 26, 39, 16, 24, 652, 79, 6, 17, 87, 23, 7, 6, 9, 207, 329, 11, 23, 160, 20, 7, 24, 7, 11, 8, 9, 16, 6, 8, 16, 84, 49, 6, 6, 7, 13, 6, 5515, 36, 12, 6, 12, 7, 7, 14, 23, 11, 6, 106, 37, 11, 26]",62285,8584,1523,355,15278,17,103,204113238,4292,False,True,0.5,73045.0,1.0
vite,npm,https://github.com/vitejs/vite,MIT,2020-04-21T05:05:15.476Z,2026-09-24T12:26:19.940Z,8.3.1,753,2,100,4701,1893,2519,"[1893, 626, 322, 263, 228, 110, 106, 93, 87, 77, 66, 48, 45, 31, 30, 30, 30, 28, 27, 24, 20, 19, 18, 15, 15, 13, 13, 12, 12, 12, 12, 12, 12, 11, 10, 10, 10, 9, 9, 9, 9, 9, 8, 8, 7, 7, 7, 7, 7, 6, 6, 6, 6, 6, 6, 6, 6, 6, 6, 5, 5, 5, 5, 5, 5, 5, 5, 5, 4, 4, 4, 4, 4, 4, 4, 4, 4, 4, 4, 4, 4, 4, 3, 3, 3, 3, 3, 3, 3, 3, 3, 3, 3, 3, 3, 3, 3, 3, 3, 3]",51296,4440,392,590,9041,5,56,646926426,2220,False,False,1.0,56236.0,1.0
esbuild,npm,https://github.com/evanw/esbuild,MIT,2017-11-26T05:52:58.272Z,2026-08-08T20:00:55.454Z,0.28.2,482,1,95,3465,3316,3329,"[3316, 13, 6, 6, 6, 6, 5, 4, 3, 2, 2, 2, 2, 2, 2, 2, 2, 2, 2, 2, 2, 2, 2, 1, 1, 1, 1, 1, 1, 1, 1, 1, 1, 1, 1, 1, 1, 1, 1, 1, 1, 1, 1, 1, 1, 1, 1, 1, 1, 1, 1, 1, 1, 1, 1, 1, 1, 1, 1, 1, 1, 1, 1, 1, 1, 1, 1, 1, 1, 1, 1, 1, 1, 1, 1, 1, 1, 1, 1, 1, 1, 1, 1, 1, 1, 1, 1, 1, 1, 1, 1, 1, 1, 1, 1]",34305,950,299,264,2794,0,0,995721017,475,False,False,1.0,35653.0,1.0
rollup,npm,https://github.com/rollup/rollup,MIT,2015-05-14T22:30:38.015Z,2026-09-24T10:12:22.945Z,4.63.5,948,5,100,4240,2050,3139,"[2050, 1089, 347, 134, 70, 51, 26, 24, 22, 20, 19, 17, 17, 16, 14, 13, 13, 13, 12, 10, 8, 7, 7, 7, 7, 6, 6, 6, 6, 6, 5, 5, 5, 5, 5, 5, 4, 4, 4, 4, 4, 4, 4, 4, 4, 4, 4, 4, 3, 3, 3, 3, 3, 3, 3, 3, 3, 3, 3, 3, 3, 3, 3, 2, 2, 2, 2, 2, 2, 2, 2, 2, 2, 2, 2, 2, 2, 2, 2, 2, 2, 2, 2, 2, 2, 2, 2, 2, 2, 2, 2, 2, 2, 2, 2, 2, 2, 2, 2, 2]",22838,1268,259,420,4787,1,89,450677133,634,False,True,1.0,24552.0,1.0
prettier,npm,https://github.com/prettier/prettier,MIT,2017-01-10T03:45:38.963Z,2026-09-23T06:31:34.693Z,3.9.9,198,11,100,6553,1489,2656,"[1489, 1167, 571, 430, 424, 417, 366, 294, 243, 157, 129, 93, 80, 61, 47, 37, 35, 34, 27, 25, 24, 23, 22, 19, 15, 13, 12, 11, 9, 9, 8, 8, 8, 7, 7, 7, 6, 6, 6, 5, 5, 5, 5, 5, 5, 5, 5, 5, 5, 5, 5, 4, 4, 4, 4, 4, 4, 4, 4, 4, 4, 3, 3, 3, 3, 3, 3, 3, 3, 3, 3, 3, 3, 3, 3, 3, 3, 3, 3, 3, 3, 3, 3, 3, 3, 3, 3, 3, 3, 3, 2, 2, 2, 2, 2, 2, 2, 2, 2, 2]",44622,3690,417,1134,13988,0,0,472473901,1845,False,True,0.5,48896.0,1.0
eslint,npm,https://github.com/eslint/eslint,MIT,2013-07-04T17:01:29.347Z,2026-09-18T20:15:36.485Z,10.11.0,430,2,100,4880,872,1398,"[872, 526, 512, 337, 231, 193, 182, 169, 153, 149, 138, 112, 82, 74, 71, 69, 47, 45, 42, 37, 34, 34, 31, 27, 24, 24, 23, 22, 21, 20, 19, 19, 18, 18, 17, 16, 16, 15, 15, 12, 11, 11, 11, 10, 10, 10, 10, 10, 9, 9, 9, 9, 9, 9, 8, 8, 8, 8, 8, 7, 7, 7, 7, 7, 7, 7, 7, 6, 6, 6, 6, 6, 6, 6, 6, 6, 6, 6, 6, 6, 6, 6, 6, 5, 5, 5, 5, 5, 5, 5, 5, 5, 5, 5, 5, 5, 5, 5, 5, 5]",22026,4019,318,139,16007,30,58,575060073,2009,False,True,0.5897435897435898,26799.0,1.0
prisma,npm,https://github.com/prisma/prisma-cli,Apache-2.0,2016-06-03T13:26:09.663Z,2026-09-14T07:01:35.643Z,8.0.0-rc.15,9336,1,100,8865,2164,3831,"[2164, 1667, 1411, 842, 695, 578, 363, 188, 159, 106, 103, 72, 67, 58, 55, 35, 34, 22, 16, 14, 12, 10, 10, 9, 9, 8, 7, 7, 7, 6, 5, 5, 5, 5, 4, 4, 4, 4, 3, 3, 3, 3, 3, 3, 2, 2, 2, 2, 2, 2, 2, 2, 2, 2, 2, 2, 2, 2, 2, 2, 2, 2, 2, 2, 2, 1, 1, 1, 1, 1, 1, 1, 1, 1, 1, 1, 1, 1, 1, 1, 1, 1, 1, 1, 1, 1, 1, 1, 1, 1, 1, 1, 1, 1, 1, 1, 1, 1, 1, 1]",28313,1017,233,2549,12439,12,8,61873753,508,False,True,1.0,29672.0,1.0
mongoose,npm,https://github.com/Automattic/mongoose,MIT,2010-12-20T09:15:41.703Z,2026-09-22T17:11:17.165Z,9.10.2,1018,3,100,13541,7632,9579,"[6, 12, 4, 98, 8, 7, 3, 5, 4, 6, 4, 5, 4, 10, 4, 12, 4, 5, 13, 7, 19, 9, 5, 4, 7, 5, 10, 118, 8, 16, 4, 4, 5, 186, 8, 12, 85, 7632, 6, 13, 4, 4, 20, 11, 147, 7, 4, 5, 19, 4, 5, 5, 4, 4, 4, 6, 4, 5, 12, 4, 1947, 7, 13, 26, 127, 4, 6, 124, 739, 4, 6, 7, 121, 65, 6, 11, 4, 4, 629, 6, 362, 4, 18, 30, 6, 4, 4, 4, 249, 5, 11, 14, 6, 9, 265, 16, 6, 6, 4, 7]",25174,3646,495,291,12664,7,37,24270058,1823,False,True,0.75,30154.0,1.0
zod,npm,https://github.com/colinhacks/zod,MIT,2020-03-07T21:19:15.387Z,2026-09-13T23:25:14.644Z,4.6.5,1011,1,100,286,20,36,"[20, 16, 16, 13, 12, 10, 9, 9, 8, 8, 7, 5, 5, 5, 4, 4, 4, 4, 4, 4, 4, 3, 3, 3, 3, 3, 3, 3, 3, 2, 2, 2, 2, 2, 2, 2, 2, 2, 2, 2, 2, 2, 2, 2, 2, 2, 2, 2, 2, 1, 1, 1, 1, 1, 1, 1, 1, 1, 1, 1, 1, 1, 1, 1, 1, 1, 1, 1, 1, 1, 1, 1, 1, 1, 1, 1, 1, 1, 1, 1, 1, 1, 1, 1, 1, 1, 1, 1, 1, 1, 1, 1, 1, 1, 1, 1, 1, 1, 1, 1]",15200,531,36,129,1364,0,0,1022521791,265,False,True,1.0,15868.0,1.0
dotenv,npm,https://github.com/motdotla/dotenv,BSD-2-Clause,2013-07-05T18:29:15.210Z,2026-09-22T14:48:50.847Z,18.0.3,108,3,56,351,241,270,"[241, 29, 8, 4, 4, 3, 3, 3, 2, 2, 2, 2, 2, 2, 2, 2, 1, 1, 1, 1, 1, 1, 1, 1, 1, 1, 1, 1, 1, 1, 1, 1, 1, 1, 1, 1, 1, 1, 1, 1, 1, 1, 1, 1, 1, 1, 1, 1, 1, 1, 1, 1, 1, 1, 1, 1]",16293,810,107,45,685,0,8,645050307,449,False,True,1.0,17715.0,1.0
winston,npm,https://github.com/winstonjs/winston,MIT,2011-01-18T20:45:37.131Z,2025-12-07T07:37:16.009Z,3.19.0,94,8,100,1058,526,591,"[526, 65, 62, 49, 33, 28, 23, 21, 20, 9, 8, 8, 6, 6, 6, 6, 6, 6, 5, 5, 4, 4, 4, 4, 4, 3, 3, 3, 3, 3, 3, 3, 3, 3, 3, 3, 3, 2, 2, 2, 2, 2, 2, 2, 2, 2, 2, 2, 2, 2, 2, 2, 2, 2, 2, 2, 2, 2, 2, 2, 2, 2, 2, 2, 2, 2, 2, 2, 2, 2, 2, 2, 2, 2, 2, 2, 2, 2, 1, 1, 1, 1, 1, 1, 1, 1, 1, 1, 1, 1, 1, 1, 1, 1, 1, 1, 1, 1, 1, 1]",19899,1738,223,455,2254,11,16,91793655,869,False,True,0.6363636363636364,22396.0,0.8536815068493151
pino,npm,https://github.com/pinojs/pino,MIT,2016-02-21T11:38:34.870Z,2026-02-09T15:50:56.728Z,10.3.1,333,4,100,977,471,646,"[471, 175, 60, 16, 12, 11, 9, 9, 8, 7, 7, 7, 7, 6, 6, 6, 5, 5, 5, 4, 4, 4, 4, 3, 3, 3, 3, 3, 3, 3, 3, 3, 3, 3, 3, 2, 2, 2, 2, 2, 2, 2, 2, 2, 2, 2, 2, 2, 2, 2, 2, 2, 2, 2, 2, 2, 2, 2, 2, 2, 2, 2, 2, 1, 1, 1, 1, 1, 1, 1, 1, 1, 1, 1, 1, 1, 1, 1, 1, 1, 1, 1, 1, 1, 1, 1, 1, 1, 1, 1, 1, 1, 1, 1, 1, 1, 1, 1, 1, 1]",10582,765,86,103,1602,11,39,175710264,382,False,True,1.0,11584.0,1.0
rxjs,npm,https://github.com/reactivex/rxjs,Apache-2.0,2012-03-04T19:21:13.873Z,2025-02-22T03:00:42.711Z,7.8.2,167,3,100,4067,1638,2107,"[1638, 469, 311, 284, 122, 119, 79, 71, 70, 65, 58, 53, 44, 41, 41, 39, 34, 34, 28, 27, 23, 20, 20, 15, 13, 13, 13, 12, 11, 10, 10, 9, 8, 8, 8, 8, 8, 7, 7, 7, 6, 6, 6, 6, 5, 5, 5, 5, 5, 5, 5, 5, 5, 4, 4, 4, 4, 4, 4, 4, 4, 4, 4, 4, 4, 3, 3, 3, 3, 3, 3, 3, 3, 3, 3, 3, 3, 3, 3, 3, 3, 3, 3, 3, 3, 3, 3, 3, 2, 2, 2, 2, 2, 2, 2, 2, 2, 2, 2, 2]",28141,2899,453,258,6802,1,61,373208940,1449,False,True,1.0,31697.0,1.0
dayjs,npm,https://github.com/iamkun/dayjs,MIT,2018-04-10T01:31:28.265Z,2026-08-17T11:52:35.217Z,1.11.23,136,1,100,865,533,616,"[533, 83, 16, 11, 9, 9, 8, 6, 5, 5, 5, 5, 5, 5, 5, 4, 4, 4, 4, 3, 3, 3, 3, 3, 3, 3, 3, 3, 3, 3, 3, 3, 3, 3, 2, 2, 2, 2, 2, 2, 2, 2, 2, 2, 2, 2, 2, 2, 2, 2, 2, 2, 2, 2, 2, 2, 2, 2, 2, 2, 2, 2, 1, 1, 1, 1, 1, 1, 1, 1, 1, 1, 1, 1, 1, 1, 1, 1, 1, 1, 1, 1, 1, 1, 1, 1, 1, 1, 1, 1, 1, 1, 1, 1, 1, 1, 1, 1, 1, 1]",41711,2083,280,628,2165,0,30,239641048,1041,False,True,1.0,44182.0,1.0
date-fns,npm,https://github.com/date-fns/date-fns,MIT,2014-10-06T12:10:33.939Z,2026-05-29T23:23:42.628Z,4.4.0,209,1,480,2800,630,945,"[630, 315, 190, 132, 100, 80, 66, 56, 48, 42, 37, 34, 30, 28, 25, 23, 22, 20, 19, 18, 17, 16, 15, 14, 13, 13, 12, 12, 11, 11, 10, 10, 9, 9, 9, 8, 8, 8, 8, 7, 7, 7, 7, 7, 6, 6, 6, 6, 6, 6, 5, 5, 5, 5, 5, 5, 5, 5, 5, 4, 4, 4, 4, 4, 4, 4, 4, 4, 4, 4, 4, 4, 4, 3, 3, 3, 3, 3, 3, 3, 3, 3, 3, 3, 3, 3, 3, 3, 3, 3, 3, 3, 3, 3, 3, 2, 2, 2, 2, 2, 2, 2, 2, 2, 2, 2, 2, 2, 2, 2, 2, 2, 2, 2, 2, 2, 2, 2, 2, 2, 2, 2, 2, 2, 2, 2, 2, 2, 2, 2, 2, 2, 2, 2, 2, 2, 2, 2, 2, 2, 2, 2, 2, 2, 1, 1, 1, 1, 1, 1, 1, 1, 1, 1, 1, 1, 1, 1, 1, 1, 1, 1, 1, 1, 1, 1, 1, 1, 1, 1, 1, 1, 1, 1, 1, 1, 1, 1, 1, 1, 1, 1, 1, 1, 1, 1, 1, 1, 1, 1, 1, 1, 1, 1, 1, 1, 1, 1, 1, 1, 1, 1, 1, 1, 1, 1, 1, 1, 1, 1, 1, 1, 1, 1, 1, 1, 1, 1, 1, 1, 1, 1, 1, 1, 1, 1, 1, 1, 1, 1, 1, 1, 1, 1, 1, 1, 1, 1, 1, 1, 1, 1, 1, 1, 1, 1, 1, 1, 1, 1, 1, 1, 1, 1, 1, 1, 1, 1, 1, 1, 1, 1, 1, 1, 1, 1, 1, 1, 1, 1, 1, 1, 1, 1, 1, 1, 1, 1, 1, 1, 1, 1, 1, 1, 1, 1, 1, 1, 1, 1, 1, 1, 1, 1, 1, 1, 1, 1, 1, 1, 1, 1, 1, 1, 1, 1, 1, 1, 1, 1, 1, 1, 1, 1, 1, 1, 1, 1, 1, 1, 1, 1, 1, 1, 1, 1, 1, 1, 1, 1, 1, 1, 1, 1, 1, 1, 1, 1, 1, 1, 1, 1, 1, 1, 1, 1, 1, 1, 1, 1, 1, 1, 1, 1, 1, 1, 1, 1, 1, 1, 1, 1, 1, 1, 1, 1, 1, 1, 1, 1, 1, 1, 1, 1, 1, 1, 1, 1, 1, 1, 1, 1, 1, 1, 1, 1, 1, 1, 1, 1, 1, 1, 1, 1, 1, 1, 1, 1, 1, 1, 1, 1, 1, 1, 1, 1, 1, 1, 1, 1, 1, 1, 1, 1, 1, 1, 1, 1, 1, 1, 1, 1, 1, 1, 1, 1, 1, 1, 1, 1, 1, 1, 1, 1, 1, 1, 1, 1, 1, 1, 1, 1, 1, 1, 1, 1, 1, 1, 1, 1, 1, 1, 1, 1, 1, 1, 1, 1, 1, 1, 1, 1, 1, 1, 1, 1, 1, 1, 1, 1, 1, 1, 1, 1, 1, 1, 1, 1, 1, 1]",35500,2200,450,180,2580,0,0,334516886,53,False,True,0.0,53.0,1.0
jest,npm,https://github.com/jestjs/jest,MIT,2012-02-22T15:25:44.365Z,2026-09-18T13:58:07.141Z,30.5.2,383,5,100,4385,1432,2094,"[1432, 662, 224, 214, 179, 161, 79, 70, 57, 56, 55, 44, 41, 40, 38, 37, 37, 33, 33, 32, 30, 29, 25, 24, 23, 23, 22, 21, 19, 19, 19, 18, 18, 18, 17, 16, 15, 14, 14, 13, 13, 13, 12, 12, 11, 11, 11, 10, 10, 10, 10, 10, 10, 10, 9, 9, 9, 9, 8, 8, 8, 8, 8, 8, 8, 8, 8, 8, 8, 7, 7, 7, 7, 7, 7, 7, 7, 7, 6, 6, 6, 6, 6, 6, 6, 6, 6, 6, 6, 6, 6, 6, 5, 5, 5, 5, 5, 5, 5, 5]",40675,6138,563,994,13508,4,0,171196024,3069,False,False,1.0,47571.0,1.0
playwright,npm,https://github.com/microsoft/playwright,Apache-2.0,2015-01-23T20:49:28.632Z,2026-09-04T22:45:21.732Z,1.63.0,5696,5,100,9642,2038,3851,"[2038, 1813, 1626, 1388, 913, 423, 419, 173, 156, 88, 85, 69, 66, 63, 62, 19, 16, 12, 10, 9, 7, 7, 6, 6, 6, 5, 5, 5, 5, 5, 4, 4, 4, 4, 4, 3, 3, 3, 3, 3, 3, 3, 3, 3, 3, 3, 3, 2, 2, 2, 2, 2, 2, 2, 2, 2, 2, 2, 2, 2, 2, 2, 2, 2, 2, 2, 2, 2, 2, 2, 2, 2, 2, 2, 2, 1, 1, 1, 1, 1, 1, 1, 1, 1, 1, 1, 1, 1, 1, 1, 1, 1, 1, 1, 1, 1, 1, 1, 1, 1]",46658,2286,382,701,18945,1,0,332948067,1143,False,False,1.0,49428.0,1.0
puppeteer,npm,https://github.com/puppeteer/puppeteer#main,Apache-2.0,2013-03-23T01:44:47.039Z,2026-09-23T12:57:22.906Z,25.12.0,1009,2,100,2896,914,1182,"[914, 268, 264, 260, 203, 176, 121, 62, 56, 50, 36, 30, 29, 27, 25, 22, 22, 19, 16, 15, 14, 12, 12, 10, 10, 10, 9, 8, 8, 7, 6, 6, 6, 5, 5, 5, 5, 5, 5, 4, 4, 4, 4, 3, 3, 3, 3, 3, 3, 3, 3, 3, 3, 2, 2, 2, 2, 2, 2, 2, 2, 2, 2, 2, 2, 2, 2, 2, 2, 2, 2, 2, 2, 2, 2, 2, 2, 2, 2, 2, 2, 2, 2, 2, 2, 2, 2, 2, 2, 2, 2, 2, 2, 1, 1, 1, 1, 1, 1, 1]",81495,8766,1211,247,9374,6,1,13237932,4383,False,False,1.0,91656.0,1.0
ws,npm,https://github.com/websockets/ws,MIT,2011-12-04T10:32:12.839Z,2026-08-07T14:10:25.816Z,8.21.3,188,1,100,1480,649,1040,"[649, 391, 107, 88, 25, 20, 15, 10, 9, 9, 8, 7, 7, 5, 4, 4, 3, 3, 3, 3, 3, 3, 2, 2, 2, 2, 2, 2, 2, 2, 2, 2, 2, 2, 2, 2, 2, 2, 2, 2, 2, 2, 2, 2, 2, 2, 2, 2, 1, 1, 1, 1, 1, 1, 1, 1, 1, 1, 1, 1, 1, 1, 1, 1, 1, 1, 1, 1, 1, 1, 1, 1, 1, 1, 1, 1, 1, 1, 1, 1, 1, 1, 1, 1, 1, 1, 1, 1, 1, 1, 1, 1, 1, 1, 1, 1, 1, 1, 1, 1]",19254,2272,385,6,2091,0,11,978300298,1136,False,True,1.0,22265.0,1.0
socket.io,npm,https://github.com/socketio/socket.io,MIT,2010-12-24T04:53:35.445Z,2025-12-23T16:42:13.022Z,4.8.3,161,2,100,1490,797,1061,"[797, 264, 107, 91, 24, 21, 15, 12, 10, 9, 8, 4, 4, 4, 4, 3, 3, 3, 3, 2, 2, 2, 2, 2, 2, 2, 2, 2, 2, 2, 2, 2, 2, 2, 2, 2, 2, 2, 2, 2, 2, 2, 1, 1, 1, 1, 1, 1, 1, 1, 1, 1, 1, 1, 1, 1, 1, 1, 1, 1, 1, 1, 1, 1, 1, 1, 1, 1, 1, 1, 1, 1, 1, 1, 1, 1, 1, 1, 1, 1, 1, 1, 1, 1, 1, 1, 1, 1, 1, 1, 1, 1, 1, 1, 1, 1, 1, 1, 1, 1]",57218,10111,1565,98,4084,7,0,65547425,5055,False,True,1.0,69784.0,1.0
cheerio,npm,https://github.com/cheeriojs/cheerio,MIT,2011-10-08T07:28:26.299Z,2026-01-23T16:29:49.559Z,1.2.0,74,2,100,1920,812,1111,"[812, 299, 262, 169, 53, 46, 33, 32, 27, 23, 11, 7, 5, 5, 5, 5, 5, 4, 4, 4, 4, 4, 4, 3, 3, 3, 3, 2, 2, 2, 2, 2, 2, 2, 2, 2, 2, 2, 2, 1, 1, 1, 1, 1, 1, 1, 1, 1, 1, 1, 1, 1, 1, 1, 1, 1, 1, 1, 1, 1, 1, 1, 1, 1, 1, 1, 1, 1, 1, 1, 1, 1, 1, 1, 1, 1, 1, 1, 1, 1, 1, 1, 1, 1, 1, 1, 1, 1, 1, 1, 1, 1, 1, 1, 1, 1, 1, 1, 1, 1]",25660,1574,372,19,2834,11,27,99091908,787,False,True,1.0,28329.0,0.4345890410958904
sharp,npm,https://github.com/lovell/sharp,Apache-2.0,2013-08-20T23:01:17.993Z,2026-08-26T09:42:27.903Z,0.35.4,192,1,100,1621,1427,1444,"[1427, 17, 16, 12, 10, 5, 4, 4, 4, 3, 3, 3, 3, 3, 2, 2, 2, 2, 2, 2, 2, 2, 2, 2, 2, 2, 2, 2, 2, 2, 2, 2, 2, 2, 2, 1, 1, 1, 1, 1, 1, 1, 1, 1, 1, 1, 1, 1, 1, 1, 1, 1, 1, 1, 1, 1, 1, 1, 1, 1, 1, 1, 1, 1, 1, 1, 1, 1, 1, 1, 1, 1, 1, 1, 1, 1, 1, 1, 1, 1, 1, 1, 1, 1, 1, 1, 1, 1, 1, 1, 1, 1, 1, 1, 1, 1, 1, 1, 1, 1]",24068,1186,229,112,3495,3,18,336112378,593,False,True,1.0,25708.0,1.0
cross-spawn,npm,ssh://git@github.com/moxystudio/node-cross-spawn,MIT,2014-06-30T01:04:42.962Z,2024-11-18T13:59:52.129Z,7.0.6,58,1,18,201,176,180,"[1, 1, 1, 2, 2, 1, 1, 2, 2, 1, 4, 176, 1, 1, 1, 2, 1, 1]",962,69,23,14,148,3,13,236817216,49,False,True,0.75,1121.0,0.9
execa,npm,https://github.com/sindresorhus/execa,MIT,2015-12-05T23:03:32.752Z,2026-07-31T02:11:27.763Z,10.0.1,66,2,45,355,159,278,"[159, 119, 16, 11, 3, 3, 3, 2, 2, 2, 1, 1, 1, 1, 1, 1, 1, 1, 1, 1, 1, 1, 1, 1, 1, 1, 1, 1, 1, 1, 1, 1, 1, 1, 1, 1, 1, 1, 1, 1, 1, 1, 1, 1, 1]",5077,196,34,29,512,12,13,612137944,98,False,True,0.7777777777777778,5397.0,0.110958904109589
semver,npm,https://github.com/npm/node-semver,ISC,2011-02-12T00:20:25.690Z,2026-06-19T18:32:48.972Z,7.8.5,119,4,71,409,260,284,"[260, 24, 15, 9, 6, 5, 5, 4, 3, 3, 3, 3, 2, 2, 2, 2, 2, 2, 2, 2, 2, 2, 1, 1, 1, 1, 1, 1, 1, 1, 1, 1, 1, 1, 1, 1, 1, 1, 1, 1, 1, 1, 1, 1, 1, 1, 1, 1, 1, 1, 1, 1, 1, 1, 1, 1, 1, 1, 1, 1, 1, 1, 1, 1, 1, 1, 1, 1, 1, 1, 1]",4495,459,99,53,480,0,4,2955510746,229,False,True,0.75,5295.0,0.8647260273972603
uuid,npm,https://github.com/uuidjs/uuid,MIT,2011-03-31T08:12:51.801Z,2026-08-18T18:21:56.060Z,14.0.2,55,2,58,429,232,343,"[232, 111, 10, 9, 7, 5, 3, 2, 1, 1, 1, 1, 1, 1, 1, 1, 1, 1, 1, 1, 1, 1, 1, 1, 1, 1, 1, 1, 1, 1, 1, 1, 1, 1, 1, 1, 1, 1, 1, 1, 1, 1, 1, 1, 1, 1, 1, 1, 1, 1, 1, 1, 1, 1, 1, 1, 1, 1]",12616,836,140,9,648,0,17,1041827754,418,False,True,1.0,13965.0,1.0
nanoid,npm,https://github.com/ai/nanoid,MIT,2017-08-06T05:04:00.915Z,2026-08-03T10:59:07.795Z,6.0.1,133,1,100,900,747,760,"[1, 1, 1, 1, 1, 13, 1, 1, 1, 1, 3, 1, 1, 1, 1, 2, 1, 1, 1, 1, 1, 4, 1, 3, 1, 1, 1, 1, 1, 1, 1, 1, 2, 1, 1, 1, 1, 1, 1, 1, 1, 1, 1, 1, 1, 3, 1, 1, 2, 1, 1, 1, 1, 747, 1, 1, 7, 1, 2, 1, 1, 1, 1, 1, 1, 1, 1, 1, 2, 1, 2, 2, 1, 3, 1, 1, 1, 1, 1, 8, 1, 3, 1, 1, 3, 2, 2, 6, 1, 1, 1, 1, 1, 1, 1, 1, 1, 1, 1, 1]",17741,644,144,3,361,0,0,887628411,322,False,True,1.0,18648.0,1.0
turbo,npm,https://github.com/vercel/turborepo,MIT,2013-05-06T20:41:30.178Z,2026-09-22T20:40:48.953Z,2.11.3,1074,2,100,3370,659,1301,"[659, 642, 231, 203, 196, 127, 124, 116, 100, 85, 82, 81, 74, 64, 59, 55, 44, 37, 31, 27, 26, 25, 18, 18, 16, 16, 15, 13, 9, 8, 7, 7, 7, 6, 6, 6, 5, 5, 5, 4, 4, 4, 4, 4, 3, 3, 3, 3, 3, 3, 3, 2, 2, 2, 2, 2, 2, 2, 2, 2, 2, 2, 2, 2, 2, 2, 2, 2, 2, 2, 2, 2, 2, 2, 2, 2, 1, 1, 1, 1, 1, 1, 1, 1, 1, 1, 1, 1, 1, 1, 1, 1, 1, 1, 1, 1, 1, 1, 1, 1]",18728,1112,113,391,2745,0,0,86937089,556,False,False,1.0,20053.0,1.0
tailwindcss,npm,https://github.com/tailwindlabs/tailwindcss,MIT,2017-10-06T15:05:20.621Z,2026-07-16T12:03:35.267Z,4.3.3,2657,3,100,4124,2215,2581,"[2215, 366, 308, 289, 221, 189, 58, 53, 49, 49, 23, 17, 12, 10, 10, 8, 8, 7, 7, 7, 6, 6, 6, 5, 5, 5, 5, 5, 5, 4, 4, 4, 4, 4, 4, 4, 3, 3, 3, 3, 3, 3, 3, 3, 3, 3, 3, 3, 3, 3, 3, 3, 2, 2, 2, 2, 2, 2, 2, 2, 2, 2, 2, 2, 2, 2, 2, 2, 2, 2, 2, 2, 2, 2, 2, 2, 2, 2, 2, 2, 2, 2, 2, 2, 2, 2, 2, 2, 2, 2, 2, 2, 2, 2, 2, 2, 2, 2, 1, 1]",64059,3271,579,11,4722,0,7,459226577,1635,False,True,0.6521739130434783,68021.0,1.0
postcss,npm,https://github.com/postcss/postcss,MIT,2013-11-04T19:57:14.218Z,2026-09-03T15:13:59.819Z,8.5.28,292,1,100,3036,2455,2508,"[2455, 53, 30, 29, 29, 23, 21, 21, 19, 17, 16, 11, 10, 9, 8, 7, 7, 6, 6, 6, 6, 6, 6, 6, 6, 6, 5, 5, 5, 5, 5, 5, 5, 5, 5, 5, 5, 4, 4, 4, 4, 4, 4, 4, 4, 4, 4, 4, 4, 4, 3, 3, 3, 3, 3, 3, 3, 3, 3, 3, 2, 2, 2, 2, 2, 2, 2, 2, 2, 2, 2, 2, 2, 2, 2, 2, 2, 2, 2, 2, 2, 2, 2, 2, 2, 2, 2, 2, 2, 2, 2, 2, 2, 2, 2, 2, 2, 2, 2, 2]",27065,1556,527,18,1762,3,0,1042989782,778,False,True,0.75,29385.0,1.0
esbuild-loader,npm,https://github.com/privatenumber/esbuild-loader,MIT,2020-05-10T07:18:21.134Z,2026-06-15T05:12:58.253Z,4.5.0,58,1,35,280,96,136,"[96, 40, 24, 17, 13, 10, 8, 7, 6, 5, 5, 4, 4, 3, 3, 3, 3, 3, 2, 2, 2, 2, 2, 2, 2, 2, 2, 1, 1, 1, 1, 1, 1, 1, 1]",2800,180,35,6,146,4,0,5356517,46,False,True,0.5,3356.0,0.9
zod-to-json-schema,npm,https://github.com/StefanTerdell/zod-to-json-schema,ISC,2021-02-24T22:45:53.014Z,2026-03-27T07:09:39.645Z,3.25.2,91,1,8,229,205,219,"[205, 14, 3, 2, 2, 1, 1, 1]",234,21,4,1,38,0,11,181557,10,False,True,1.0,267.0,1.0
supertest,npm,https://github.com/ladjs/supertest,MIT,2012-06-26T22:08:49.934Z,2026-09-22T12:35:11.859Z,7.3.0,78,6,77,304,66,125,"[66, 59, 28, 16, 14, 11, 10, 9, 4, 3, 3, 3, 2, 2, 2, 2, 2, 2, 2, 2, 2, 2, 2, 2, 2, 1, 1, 1, 1, 1, 1, 1, 1, 1, 1, 1, 1, 1, 1, 1, 1, 1, 1, 1, 1, 1, 1, 1, 1, 1, 1, 1, 1, 1, 1, 1, 1, 1, 1, 1, 1, 1, 1, 1, 1, 1, 1, 1, 1, 1, 1, 1, 1, 1, 1, 1, 1]",12599,767,110,161,803,3,14,14645411,383,False,True,1.0,13828.0,1.0
nodemon,npm,https://github.com/remy/nodemon,MIT,2011-02-03T17:03:46.217Z,2026-02-20T23:05:18.913Z,3.1.14,263,1,100,995,807,823,"[807, 16, 10, 10, 8, 5, 5, 5, 4, 3, 3, 3, 3, 3, 3, 2, 2, 2, 2, 2, 2, 2, 2, 2, 2, 2, 2, 2, 2, 2, 2, 2, 2, 2, 2, 2, 2, 1, 1, 1, 1, 1, 1, 1, 1, 1, 1, 1, 1, 1, 1, 1, 1, 1, 1, 1, 1, 1, 1, 1, 1, 1, 1, 1, 1, 1, 1, 1, 1, 1, 1, 1, 1, 1, 1, 1, 1, 1, 1, 1, 1, 1, 1, 1, 1, 1, 1, 1, 1, 1, 1, 1, 1, 1, 1, 1, 1, 1, 1, 1]",24810,1689,266,19,2083,10,11,17687189,844,False,True,0.5,27497.0,0.627568493150685
ts-node,npm,https://github.com/TypeStrong/ts-node,MIT,2015-09-18T00:55:54.153Z,2023-12-08T12:04:46.154Z,10.9.2,128,2,98,782,368,639,"[2, 2, 1, 1, 1, 1, 1, 1, 1, 1, 13, 1, 368, 1, 1, 4, 1, 1, 2, 1, 1, 1, 1, 1, 1, 1, 1, 3, 1, 2, 1, 1, 1, 1, 1, 1, 1, 1, 1, 1, 2, 1, 1, 1, 271, 1, 1, 1, 1, 1, 1, 2, 1, 1, 1, 1, 3, 1, 1, 3, 1, 1, 1, 1, 2, 1, 1, 2, 1, 1, 3, 1, 1, 1, 1, 1, 1, 1, 2, 1, 1, 1, 1, 1, 1, 1, 15, 1, 2, 1, 1, 1, 1, 1, 1, 1, 1, 1]",10556,451,77,115,1697,13,31,74944344,225,False,True,0.5384615384615384,11235.0,1.0
vitest,npm,https://github.com/vitest-dev/vitest,MIT,2021-12-03T13:34:59.705Z,2026-09-15T08:49:35.830Z,5.0.1,484,5,100,2312,1178,1617,"[1178, 439, 90, 54, 53, 45, 33, 32, 27, 26, 23, 18, 15, 14, 11, 9, 9, 8, 7, 7, 7, 7, 6, 6, 6, 6, 5, 5, 4, 4, 4, 4, 4, 4, 4, 4, 4, 3, 3, 3, 3, 3, 3, 3, 3, 3, 3, 3, 3, 3, 3, 3, 3, 2, 2, 2, 2, 2, 2, 2, 2, 2, 2, 2, 2, 2, 2, 2, 2, 2, 2, 2, 2, 2, 2, 2, 2, 2, 2, 2, 2, 2, 2, 2, 2, 2, 2, 2, 1, 1, 1, 1, 1, 1, 1, 1, 1, 1, 1, 1]",7518,638,39,181,2305,13,33,3167621,319,False,False,0.4444444444444444,8295.0,1.0
pinia,npm,https://github.com/vuejs/pinia,MIT,2019-11-18T21:04:15.804Z,2026-08-12T12:21:06.901Z,4.0.3,132,1,100,1476,1090,1209,"[1090, 119, 49, 42, 19, 15, 12, 7, 5, 4, 3, 3, 3, 3, 3, 3, 2, 2, 2, 2, 2, 2, 2, 2, 2, 2, 2, 2, 1, 1, 1, 1, 1, 1, 1, 1, 1, 1, 1, 1, 1, 1, 1, 1, 1, 1, 1, 1, 1, 1, 1, 1, 1, 1, 1, 1, 1, 1, 1, 1, 1, 1, 1, 1, 1, 1, 1, 1, 1, 1, 1, 1, 1, 1, 1, 1, 1, 1, 1, 1, 1, 1, 1, 1, 1, 1, 1, 1, 1, 1, 1, 1, 1, 1, 1, 1, 1, 1, 1, 1]",9602,657,48,36,1149,1,3,1416001,328,False,True,0.5,10407.0,1.0
lucide-react,npm,https://github.com/lucide-icons/lucide,ISC,2020-10-19T19:44:16.461Z,2026-09-24T05:53:14.788Z,1.48.0,700,1,85,862,353,487,"[353, 134, 67, 54, 46, 23, 16, 12, 12, 9, 7, 6, 5, 4, 4, 4, 4, 4, 3, 3, 3, 3, 3, 3, 3, 3, 2, 2, 2, 2, 2, 2, 2, 2, 2, 2, 2, 2, 2, 2, 2, 1, 1, 1, 1, 1, 1, 1, 1, 1, 1, 1, 1, 1, 1, 1, 1, 1, 1, 1, 1, 1, 1, 1, 1, 1, 1, 1, 1, 1, 1, 1, 1, 1, 1, 1, 1, 1, 1, 1, 1, 1, 1, 1, 1]",2974,161,14,54,878,0,16,51809,80,False,True,1.0,3234.0,1.0
ioredis,npm,https://github.com/redis/ioredis,MIT,2015-03-28T09:30:59.403Z,2026-07-31T15:03:15.489Z,6.0.0,251,2,100,1135,855,943,"[855, 88, 18, 15, 11, 9, 8, 7, 6, 5, 5, 5, 4, 3, 3, 2, 2, 2, 2, 2, 2, 2, 2, 1, 1, 1, 1, 1, 1, 1, 1, 1, 1, 1, 1, 1, 1, 1, 1, 1, 1, 1, 1, 1, 1, 1, 1, 1, 1, 1, 1, 1, 1, 1, 1, 1, 1, 1, 1, 1, 1, 1, 1, 1, 1, 1, 1, 1, 1, 1, 1, 1, 1, 1, 1, 1, 1, 1, 1, 1, 1, 1, 1, 1, 1, 1, 1, 1, 1, 1, 1, 1, 1, 1, 1, 1, 1, 1, 1, 1]",11636,1043,154,220,1703,6,29,10675358,521,False,True,1.0,13018.0,1.0
knex,npm,https://github.com/knex/knex,MIT,2013-05-01T12:36:13.380Z,2026-06-26T14:56:43.597Z,3.3.0,264,5,100,1978,713,1067,"[713, 354, 103, 91, 60, 50, 41, 37, 33, 26, 25, 18, 16, 16, 15, 13, 13, 13, 9, 9, 8, 8, 8, 8, 7, 7, 7, 6, 6, 6, 6, 6, 5, 5, 5, 5, 5, 5, 5, 5, 5, 5, 5, 4, 4, 4, 4, 4, 4, 4, 4, 4, 4, 4, 4, 4, 4, 4, 4, 4, 4, 3, 3, 3, 3, 3, 3, 3, 3, 3, 3, 3, 3, 3, 3, 3, 3, 3, 3, 3, 3, 3, 3, 3, 3, 3, 3, 3, 3, 3, 3, 3, 3, 3, 3, 3, 2, 2, 2, 2]",16921,1994,204,770,5427,14,45,4594016,997,False,True,0.7142857142857143,19346.0,0.8929794520547946
typeorm,npm,https://github.com/typeorm/typeorm,MIT,2016-04-19T17:16:40.192Z,2026-09-01T11:02:28.812Z,1.1.1,1285,2,100,1787,426,685,"[426, 259, 191, 98, 74, 41, 40, 31, 26, 24, 24, 22, 16, 15, 14, 14, 13, 12, 12, 11, 11, 11, 11, 10, 10, 9, 9, 9, 9, 8, 8, 8, 8, 8, 7, 7, 7, 7, 6, 6, 6, 6, 6, 6, 6, 6, 6, 6, 6, 6, 5, 5, 5, 5, 5, 5, 5, 5, 5, 4, 4, 4, 4, 4, 4, 4, 4, 4, 4, 4, 4, 4, 4, 4, 4, 4, 4, 4, 4, 4, 4, 4, 4, 4, 4, 4, 3, 3, 3, 3, 3, 3, 3, 3, 3, 3, 3, 3, 3, 3]",30134,5615,356,1813,9696,10,3,4197271,2807,False,True,0.6470588235294117,36217.0,1.0
drizzle-orm,npm,https://github.com/drizzle-team/drizzle-orm,Apache-2.0,2021-09-09T13:26:25.040Z,2026-09-21T10:06:39.969Z,0.45.3,564,4,3,283,137,233,"[137, 96, 50]",99,1,6,4,119,0,44,4368,5,False,False,1.0,109.0,1.0
trpc,npm,https://github.com/trpc/trpc,MIT,2020-08-03T23:41:47.932Z,2020-12-15T21:00:57.348Z,0.11.3,35,1,420,4200,1106,1582,"[1106, 476, 287, 200, 151, 120, 99, 84, 73, 64, 56, 51, 46, 42, 38, 35, 33, 31, 29, 27, 25, 24, 22, 21, 20, 19, 18, 18, 17, 16, 15, 15, 14, 14, 13, 13, 12, 12, 12, 11, 11, 11, 10, 10, 10, 9, 9, 9, 9, 9, 8, 8, 8, 8, 8, 7, 7, 7, 7, 7, 7, 7, 6, 6, 6, 6, 6, 6, 6, 6, 5, 5, 5, 5, 5, 5, 5, 5, 5, 5, 5, 5, 5, 4, 4, 4, 4, 4, 4, 4, 4, 4, 4, 4, 4, 4, 4, 4, 4, 4, 4, 3, 3, 3, 3, 3, 3, 3, 3, 3, 3, 3, 3, 3, 3, 3, 3, 3, 3, 3, 3, 3, 3, 3, 3, 3, 3, 3, 3, 3, 3, 3, 3, 2, 2, 2, 2, 2, 2, 2, 2, 2, 2, 2, 2, 2, 2, 2, 2, 2, 2, 2, 2, 2, 2, 2, 2, 2, 2, 2, 2, 2, 2, 2, 2, 2, 2, 2, 2, 2, 2, 2, 2, 2, 2, 2, 2, 2, 2, 2, 2, 2, 2, 2, 2, 2, 2, 2, 2, 2, 2, 2, 2, 2, 2, 2, 2, 2, 2, 2, 1, 1, 1, 1, 1, 1, 1, 1, 1, 1, 1, 1, 1, 1, 1, 1, 1, 1, 1, 1, 1, 1, 1, 1, 1, 1, 1, 1, 1, 1, 1, 1, 1, 1, 1, 1, 1, 1, 1, 1, 1, 1, 1, 1, 1, 1, 1, 1, 1, 1, 1, 1, 1, 1, 1, 1, 1, 1, 1, 1, 1, 1, 1, 1, 1, 1, 1, 1, 1, 1, 1, 1, 1, 1, 1, 1, 1, 1, 1, 1, 1, 1, 1, 1, 1, 1, 1, 1, 1, 1, 1, 1, 1, 1, 1, 1, 1, 1, 1, 1, 1, 1, 1, 1, 1, 1, 1, 1, 1, 1, 1, 1, 1, 1, 1, 1, 1, 1, 1, 1, 1, 1, 1, 1, 1, 1, 1, 1, 1, 1, 1, 1, 1, 1, 1, 1, 1, 1, 1, 1, 1, 1, 1, 1, 1, 1, 1, 1, 1, 1, 1, 1, 1, 1, 1, 1, 1, 1, 1, 1, 1, 1, 1, 1, 1, 1, 1, 1, 1, 1, 1, 1, 1, 1, 1, 1, 1, 1, 1, 1, 1, 1, 1, 1, 1, 1, 1, 1, 1, 1, 1, 1, 1, 1, 1, 1, 1, 1, 1, 1, 1, 1, 1, 1, 1, 1, 1, 1, 1, 1, 1, 1, 1, 1, 1, 1, 1, 1, 1, 1]",37500,1500,280,85,3885,1,13,77,5,True,True,0.0,0.0,0.6152397260273973
hono,npm,https://github.com/honojs/hono,MIT,2021-12-14T20:08:48.105Z,2026-09-24T01:32:02.438Z,4.13.9,451,1,34,733,616,661,"[616, 45, 23, 5, 5, 4, 4, 3, 2, 2, 1, 1, 1, 1, 1, 1, 1, 1, 1, 1, 1, 1, 1, 1, 1, 1, 1, 1, 1, 1, 1, 1, 1, 1]",3185,96,21,63,792,0,24,26178,48,False,True,1.0,3336.0,1.0
core-js,npm,https://github.com/zloirock/core-js,MIT,2013-07-18T10:49:42.468Z,2026-08-05T08:54:45.261Z,3.50.0,289,1,100,4693,4486,4505,"[4486, 19, 18, 16, 10, 9, 6, 5, 5, 4, 3, 3, 3, 3, 2, 2, 2, 2, 2, 2, 2, 2, 2, 2, 2, 2, 2, 2, 2, 2, 2, 1, 1, 1, 1, 1, 1, 1, 1, 1, 1, 1, 1, 1, 1, 1, 1, 1, 1, 1, 1, 1, 1, 1, 1, 1, 1, 1, 1, 1, 1, 1, 1, 1, 1, 1, 1, 1, 1, 1, 1, 1, 1, 1, 1, 1, 1, 1, 1, 1, 1, 1, 1, 1, 1, 1, 1, 1, 1, 1, 1, 1, 1, 1, 1, 1, 1, 1, 1, 1]",17787,1353,229,24,1122,0,0,163116431,676,False,False,1.0,19539.0,1.0
minimatch,npm,ssh://git@github.com/isaacs/minimatch,BlueOak-1.0.0,2011-07-16T08:52:46.242Z,2026-07-27T19:00:09.469Z,10.2.6,145,1,22,228,202,205,"[202, 3, 3, 2, 1, 1, 1, 1, 1, 1, 1, 1, 1, 1, 1, 1, 1, 1, 1, 1, 1, 1]",2878,255,52,1,173,1,8,293752537,127,False,True,1.0,3304.0,1.0
globby,npm,https://github.com/sindresorhus/globby,MIT,2014-06-21T13:52:26.626Z,2026-08-19T17:05:37.965Z,16.2.4,59,1,46,206,104,129,"[104, 25, 14, 9, 5, 4, 2, 2, 2, 2, 2, 1, 1, 1, 1, 1, 1, 1, 1, 1, 1, 1, 1, 1, 1, 1, 1, 1, 1, 1, 1, 1, 1, 1, 1, 1, 1, 1, 1, 1, 1, 1, 1, 1, 1, 1]",2191,144,22,29,242,7,8,242093003,72,False,True,0.75,2453.0,1.0
del,npm,https://github.com/sindresorhus/del,MIT,2014-06-21T20:27:33.008Z,2025-09-18T14:47:08.181Z,8.0.1,29,1,22,115,83,92,"[83, 9, 3, 2, 1, 1, 1, 1, 1, 1, 1, 1, 1, 1, 1, 1, 1, 1, 1, 1, 1, 1]",1272,69,19,16,148,7,5,66670481,279,False,True,0.75,1661.0,0.8616438356164384
figures,npm,https://github.com/sindresorhus/figures,MIT,2014-07-10T00:04:05.751Z,2024-03-04T19:16:04.779Z,6.1.0,25,1,12,113,56,97,"[1, 2, 1, 1, 1, 56, 1, 3, 4, 1, 1, 41]",515,28,13,1,94,1,3,118650867,14,False,True,1.0,581.0,0.9
log-symbols,npm,https://github.com/sindresorhus/log-symbols,MIT,2014-07-10T00:55:11.397Z,2025-05-21T13:47:39.089Z,7.0.1,14,1,10,38,25,29,"[2, 4, 1, 1, 1, 25, 1, 1, 1, 1]",658,30,9,0,31,2,4,111291984,34,False,True,1.0,741.0,0.9
cli-spinners,npm,https://github.com/sindresorhus/cli-spinners,MIT,2016-03-03T18:21:35.618Z,2026-01-13T15:09:46.171Z,3.4.0,30,1,27,67,38,40,"[1, 1, 1, 1, 1, 38, 1, 1, 1, 1, 1, 1, 1, 2, 1, 1, 2, 1, 2, 1, 1, 1, 1, 1, 1, 1, 1]",1994,108,19,3,62,0,5,45704329,54,False,True,1.0,2171.0,0.9
boxen,npm,https://github.com/sindresorhus/boxen,MIT,2015-12-21T21:16:48.167Z,2026-09-21T21:57:39.213Z,9.0.0,42,1,21,113,71,80,"[71, 9, 6, 4, 2, 2, 2, 2, 2, 2, 1, 1, 1, 1, 1, 1, 1, 1, 1, 1, 1]",1267,66,10,1,82,7,2,64699912,33,False,True,0.75,1373.0,1.0
table,npm,https://github.com/gajus/table,BSD-3-Clause,2011-01-03T14:08:20.786Z,2024-12-03T17:10:48.078Z,6.9.0,87,2,24,244,167,202,"[167, 35, 16, 3, 2, 2, 2, 1, 1, 1, 1, 1, 1, 1, 1, 1, 1, 1, 1, 1, 1, 1, 1, 1]",769,79,10,24,214,5,25,75560776,39,False,True,0.5,905.0,0.5273972602739727
strip-json-comments,npm,https://github.com/sindresorhus/strip-json-comments,MIT,2013-11-17T15:19:04.627Z,2025-08-08T14:14:05.044Z,5.0.3,20,1,16,62,46,48,"[1, 1, 1, 1, 2, 1, 1, 1, 1, 1, 1, 1, 1, 1, 46, 1]",535,46,15,1,58,0,4,180452512,24,False,True,1.0,636.0,0.9
json5,npm,https://github.com/json5/json5,MIT,2012-05-27T20:32:39.534Z,2022-12-31T17:11:32.047Z,2.2.3,27,2,21,377,200,326,"[200, 126, 14, 12, 4, 3, 2, 2, 2, 1, 1, 1, 1, 1, 1, 1, 1, 1, 1, 1, 1]",5574,196,79,24,292,0,17,264069291,98,False,True,1.0,5897.0,1.0
ini,npm,https://github.com/npm/ini,ISC,2011-08-07T07:05:10.072Z,2026-05-08T18:36:26.841Z,7.0.0,29,4,19,114,57,71,"[57, 14, 12, 7, 4, 3, 2, 2, 2, 2, 1, 1, 1, 1, 1, 1, 1, 1, 1]",690,217,48,50,170,0,3,129301970,108,False,True,1.0,1018.0,0.8462328767123288
deepmerge,npm,https://github.com/TehShrike/deepmerge,MIT,2012-01-31T17:35:02.203Z,2023-03-16T22:58:56.511Z,4.3.1,46,1,24,182,135,142,"[135, 7, 5, 4, 3, 3, 2, 2, 2, 2, 2, 2, 2, 1, 1, 1, 1, 1, 1, 1, 1, 1, 1, 1]",2502,212,15,51,252,0,11,116590819,106,False,True,1.0,2781.0,0.0
extend,npm,https://github.com/justmoon/node-extend,MIT,2011-05-14T07:38:58.395Z,2018-07-19T20:28:11.447Z,3.0.2,13,2,13,176,137,152,"[1, 1, 1, 11, 137, 3, 1, 15, 1, 2, 1, 1, 1]",336,66,14,0,60,0,5,96444441,52,False,True,1.0,481.0,0.9
object-assign,npm,https://github.com/sindresorhus/object-assign,MIT,2014-02-02T15:47:58.857Z,2017-01-16T15:35:15.282Z,4.1.1,17,3,13,59,41,44,"[1, 1, 1, 1, 3, 41, 1, 2, 1, 1, 3, 2, 1]",907,78,20,0,31,0,4,136175058,71,False,True,1.0,1089.0,0.9
clone-deep,npm,https://github.com/jonschlinkert/clone-deep,MIT,2014-10-02T22:52:50.065Z,2018-11-22T00:00:24.930Z,4.0.1,16,2,2,48,46,48,"[46, 2]",280,44,3,5,23,3,2,58118732,22,False,True,0.75,334.0,0.9
is-plain-object,npm,https://github.com/jonschlinkert/is-plain-object,MIT,2014-09-21T22:41:50.073Z,2026-08-21T10:21:18.639Z,5.1.0,14,3,7,47,19,36,"[19, 17, 1, 1, 3, 1, 5]",124,23,7,7,29,0,1,135257673,11,False,True,1.0,166.0,0.9
kind-of,npm,https://github.com/jonschlinkert/kind-of,MIT,2014-09-26T08:08:38.913Z,2020-01-16T16:59:19.808Z,6.0.3,26,2,9,102,89,92,"[89, 1, 1, 1, 3, 2, 1, 3, 1]",312,37,11,8,41,0,5,547986459,27,False,True,1.0,396.0,0.9
is-number,npm,https://github.com/jonschlinkert/is-number,MIT,2014-09-22T01:58:51.592Z,2018-07-04T15:08:58.238Z,7.0.0,15,3,3,53,51,52,"[51, 1, 1]",209,39,7,9,33,0,4,279345332,19,False,True,1.0,271.0,0.9
is-glob,npm,https://github.com/micromatch/is-glob,MIT,2014-12-18T10:42:32.979Z,2021-09-29T16:52:47.977Z,4.0.3,16,3,5,61,49,54,"[49, 5, 2, 4, 1]",78,6,5,2,16,1,2,238920972,5,False,True,1.0,99.0,0.9
fill-range,npm,https://github.com/jonschlinkert/fill-range,MIT,2014-11-25T07:08:17.514Z,2024-05-21T08:45:51.224Z,7.1.1,33,3,6,129,119,123,"[119, 2, 4, 1, 2, 1]",42,15,5,2,16,1,3,248262915,7,False,True,1.0,70.0,0.9
to-regex-range,npm,https://github.com/micromatch/to-regex-range,MIT,2015-08-07T10:48:06.053Z,2019-04-07T06:04:37.030Z,5.0.1,18,2,3,74,69,72,"[69, 3, 2]",112,14,5,6,15,1,5,216998285,7,False,True,1.0,136.0,0.9
braces,npm,https://github.com/micromatch/braces,MIT,2014-10-20T16:26:32.656Z,2024-05-21T08:59:11.390Z,3.0.3,37,2,8,217,202,208,"[202, 6, 1, 1, 1, 1, 4, 1]",156,23,8,2,32,1,4,229117384,11,False,True,1.0,198.0,0.9
anymatch,npm,https://github.com/micromatch/anymatch,ISC,2013-11-25T16:08:38.502Z,2022-11-21T18:21:37.586Z,3.1.3,18,4,12,155,99,138,"[99, 39, 6, 3, 1, 1, 1, 1, 1, 1, 1, 1]",334,44,11,7,47,2,2,204543961,22,False,True,1.0,418.0,1.0
micromatch,npm,https://github.com/micromatch/micromatch,MIT,2014-11-25T08:34:18.841Z,2024-08-23T16:31:18.748Z,4.0.8,69,3,29,538,474,483,"[474, 3, 1, 2, 1, 1, 6, 1, 2, 7, 1, 1, 9, 1, 1, 5, 1, 1, 2, 2, 2, 2, 1, 1, 1, 1, 6, 1, 1]",2162,137,22,27,229,2,5,252056531,68,False,True,1.0,2375.0,0.8369863013698631
picomatch,npm,https://github.com/micromatch/picomatch,MIT,2018-11-05T12:07:08.561Z,2026-08-24T14:36:23.690Z,4.0.7,35,4,18,177,105,126,"[3, 1, 1, 1, 1, 12, 1, 1, 1, 105, 3, 1, 4, 1, 4, 15, 21, 1]",572,44,11,30,107,0,5,146778780,22,False,True,1.0,646.0,0.3729452054794521
nanomatch,npm,https://github.com/micromatch/nanomatch,MIT,2016-09-06T22:48:30.976Z,2018-06-27T13:02:41.391Z,1.2.13,28,2,4,172,166,170,"[166, 1, 4, 1]",84,21,6,8,28,11,11,70433205,10,False,True,0.8181818181818181,116.0,0.9
arr-diff,npm,https://github.com/jonschlinkert/arr-diff,MIT,2014-09-26T06:38:05.605Z,2017-04-14T04:11:29.824Z,4.0.0,11,2,3,37,34,36,"[34, 1, 2]",42,17,3,5,16,0,7,88502015,8,False,True,1.0,68.0,0.9
arr-flatten,npm,https://github.com/jonschlinkert/arr-flatten,MIT,2014-09-26T01:43:20.056Z,2017-07-05T18:50:31.592Z,1.1.0,8,1,2,23,22,23,"[22, 1]",57,14,5,7,10,0,16,65894359,7,False,True,1.0,82.0,0.9
array-unique,npm,https://github.com/jonschlinkert/array-unique,MIT,2014-11-30T11:13:25.550Z,2016-08-01T00:54:49.804Z,0.3.2,4,2,2,11,10,11,"[10, 1]",58,14,4,5,10,0,5,84137899,7,False,True,1.0,82.0,0.7591609589041095
repeat-element,npm,https://github.com/jonschlinkert/repeat-element,MIT,2015-01-11T23:45:10.936Z,2021-04-07T23:13:01.181Z,1.1.4,6,1,3,22,18,21,"[1, 18, 3]",19,6,2,0,6,0,6,71244621,5,False,True,1.0,30.0,0.9
repeat-string,npm,https://github.com/jonschlinkert/repeat-string,MIT,2014-03-27T21:01:52.770Z,2016-10-23T16:54:00.613Z,1.6.1,17,2,5,66,60,62,"[60, 2, 1, 1, 2]",43,15,5,4,12,0,8,76920626,7,False,True,1.0,73.0,0.9
split-string,npm,https://github.com/jonschlinkert/split-string,MIT,2015-08-27T02:40:57.692Z,2019-04-22T23:03:41.133Z,6.1.0,19,2,4,71,53,65,"[53, 5, 12, 1]",54,14,3,8,21,0,4,67106283,7,False,True,1.0,75.0,0.9
set-value,npm,https://github.com/jonschlinkert/set-value,MIT,2015-03-25T01:45:11.916Z,2021-09-12T09:09:12.073Z,4.1.0,25,2,10,90,78,81,"[78, 2, 1, 1, 1, 1, 1, 3, 1, 1]",246,43,9,11,45,2,3,76810457,21,False,True,0.75,314.0,0.9
get-value,npm,https://github.com/jonschlinkert/get-value,MIT,2014-10-06T16:49:43.142Z,2026-06-14T11:32:06.503Z,4.1.0,34,2,3,91,87,89,"[87, 2, 2]",212,23,7,5,25,0,21,74187338,11,False,True,0.75,252.0,0.9
has-value,npm,https://github.com/jonschlinkert/has-value,MIT,2014-09-22T01:44:49.852Z,2018-03-03T20:49:09.585Z,2.0.2,9,1,3,35,32,34,"[32, 2, 1]",24,7,3,2,7,2,2,141802220,6,False,True,1.0,43.0,0.9
union-value,npm,https://github.com/jonschlinkert/union-value,MIT,2015-07-04T23:02:38.864Z,2019-06-20T14:53:38.734Z,2.0.1,11,2,4,27,22,25,"[22, 1, 3, 1]",23,13,5,6,13,2,2,68364670,6,False,True,0.75,46.0,0.9
pascalcase,npm,https://github.com/jonschlinkert/pascalcase,MIT,2015-08-19T05:13:36.572Z,2021-12-29T15:12:07.032Z,2.0.0,4,1,1,12,12,12,[12],34,4,3,1,2,1,2,70152285,5,False,True,0.75,43.0,0.9
decamelize,npm,https://github.com/sindresorhus/decamelize,MIT,2015-01-24T11:12:51.863Z,2025-08-19T14:50:35.009Z,6.0.1,15,1,13,50,32,36,"[4, 1, 1, 1, 2, 32, 1, 1, 1, 3, 1, 1, 1]",216,26,10,2,40,0,3,113778325,13,False,True,1.0,273.0,0.9
camelcase,npm,https://github.com/sindresorhus/camelcase,MIT,2013-10-30T20:39:45.449Z,2025-11-10T20:38:44.112Z,9.0.0,27,1,25,89,57,62,"[57, 5, 3, 2, 2, 1, 1, 1, 1, 1, 1, 1, 1, 1, 1, 1, 1, 1, 1, 1, 1, 1, 1, 1, 1]",600,85,14,1,102,0,3,337838527,42,False,True,1.0,752.0,1.0
strip-ansi,npm,https://github.com/chalk/strip-ansi,MIT,2013-12-07T23:30:14.926Z,2026-02-26T13:51:11.099Z,7.2.0,22,1,9,60,48,50,"[2, 1, 2, 48, 1, 2, 1, 1, 2]",329,32,10,1,43,1,3,484974326,16,False,True,1.0,393.0,0.1356164383561644
supports-color,npm,https://github.com/chalk/supports-color,MIT,2014-06-14T01:45:57.033Z,2026-07-26T15:13:36.815Z,11.0.0,55,1,34,177,118,137,"[118, 19, 3, 3, 3, 2, 2, 1, 1, 1, 1, 1, 1, 1, 1, 1, 1, 1, 1, 1, 1, 1, 1, 1, 1, 1, 1, 1, 1, 1, 1, 1, 1, 1]",314,85,12,3,143,0,4,1051982623,42,False,True,1.0,463.0,1.0
picocolors,npm,https://github.com/alexeyraspopov/picocolors,ISC,2021-09-27T00:33:41.501Z,2024-10-16T18:20:03.921Z,1.1.1,9,1,7,27,20,22,"[20, 2, 1, 1, 1, 1, 1]",781,23,7,7,48,0,0,216122602,11,False,True,1.0,820.0,0.9
kleur,npm,https://github.com/lukeed/kleur,MIT,2018-07-08T19:42:17.649Z,2022-06-26T18:50:12.559Z,4.1.5,21,1,16,123,106,108,"[1, 1, 1, 1, 1, 1, 1, 1, 2, 1, 106, 1, 1, 2, 1, 1]",1344,44,11,10,57,0,2,69599429,22,False,True,1.0,1415.0,0.9
colorette,npm,https://github.com/jorgebucaran/colorette,MIT,2018-08-23T01:12:46.376Z,2023-04-16T15:34:09.905Z,2.0.20,37,1,14,347,332,335,"[332, 1, 1, 1, 1, 1, 3, 1, 1, 1, 1, 1, 1, 1]",1412,54,11,4,87,0,2,94341873,27,False,True,1.0,1492.0,1.0
pretty-bytes,npm,https://github.com/sindresorhus/pretty-bytes,MIT,2014-02-09T17:27:09.124Z,2026-09-03T22:18:59.178Z,7.1.3,32,1,15,69,50,53,"[1, 1, 50, 2, 1, 3, 1, 1, 1, 1, 2, 2, 1, 1, 1]",860,80,12,3,74,0,3,45567814,40,False,True,1.0,998.0,0.9
ms,npm,https://github.com/vercel/ms,MIT,2011-12-21T19:38:08.664Z,2020-12-08T13:54:35.223Z,2.1.3,32,6,50,350,113,161,"[113, 48, 29, 20, 15, 12, 10, 8, 7, 6, 6, 5, 5, 4, 4, 4, 3, 3, 3, 3, 3, 2, 2, 2, 2, 2, 2, 2, 2, 2, 2, 1, 1, 1, 1, 1, 1, 1, 1, 1, 1, 1, 1, 1, 1, 1, 1, 1, 1, 1]",4500,450,75,17,227,0,6,770489731,125,False,True,1.0,4711.0,0.777654109589041
bytes,npm,https://github.com/visionmedia/bytes.js,MIT,2012-06-11T15:44:32.849Z,2022-01-28T05:02:37.661Z,3.1.2,18,2,18,159,123,138,"[1, 1, 1, 3, 2, 2, 1, 1, 1, 1, 1, 123, 1, 15, 1, 1, 2, 1]",405,56,9,4,61,0,4,183571595,28,False,True,1.0,514.0,0.9
filesize,npm,https://github.com/avoidwork/filesize.js,BSD-3-Clause,2012-05-08T18:45:10.479Z,2026-09-15T01:27:24.423Z,11.0.24,149,1,20,304,274,281,"[274, 7, 3, 2, 2, 2, 1, 1, 1, 1, 1, 1, 1, 1, 1, 1, 1, 1, 1, 1]",1336,99,15,0,167,0,6,42880052,49,False,True,1.0,1500.0,1.0
humanize-duration,npm,https://github.com/EvanHahn/HumanizeDuration.js,Unlicense,2013-07-12T23:21:16.827Z,2026-09-11T03:52:30.428Z,3.35.0,84,1,53,593,507,518,"[507, 11, 4, 3, 3, 3, 3, 3, 3, 2, 2, 2, 2, 2, 2, 2, 2, 2, 1, 1, 1, 1, 1, 1, 1, 1, 1, 1, 1, 1, 1, 1, 1, 1, 1, 1, 1, 1, 1, 1, 1, 1, 1, 1, 1, 1, 1, 1, 1, 1, 1, 1, 1]",1429,174,10,5,210,0,9,2249987,87,False,True,1.0,1682.0,1.0
is-wsl,npm,https://github.com/sindresorhus/is-wsl,MIT,2017-04-16T13:41:16.689Z,2026-02-15T08:45:04.136Z,3.1.1,9,1,6,17,12,13,"[1, 1, 12, 1, 1, 1]",167,5,9,0,9,1,4,140692367,5,False,True,0.75,187.0,0.9
open,npm,https://github.com/sindresorhus/open,MIT,2012-04-14T16:52:46.254Z,2026-09-14T20:36:00.110Z,11.0.4,56,1,45,178,118,124,"[118, 6, 4, 3, 3, 2, 2, 2, 2, 1, 1, 1, 1, 1, 1, 1, 1, 1, 1, 1, 1, 1, 1, 1, 1, 1, 1, 1, 1, 1, 1, 1, 1, 1, 1, 1, 1, 1, 1, 1, 1, 1, 1, 1, 1]",2762,181,30,36,290,6,4,97275724,90,False,True,0.5,3103.0,0.2342465753424657
cpy,npm,https://github.com/sindresorhus/cpy,MIT,2014-06-28T22:31:12.466Z,2026-09-01T19:00:20.651Z,13.2.3,44,1,27,107,65,73,"[1, 2, 2, 1, 1, 1, 1, 65, 1, 1, 1, 1, 1, 1, 3, 2, 2, 3, 1, 2, 1, 1, 1, 8, 1, 1, 1]",368,61,13,11,103,6,5,13276213,30,False,True,0.75,480.0,0.9086472602739726
make-dir,npm,https://github.com/sindresorhus/make-dir,MIT,2017-05-09T18:34:33.547Z,2025-09-10T18:24:35.819Z,5.1.0,13,1,8,48,32,37,"[5, 2, 1, 32, 2, 1, 1, 4]",453,35,10,4,38,0,8,215250824,17,False,True,0.75,514.0,0.9
p-map,npm,https://github.com/sindresorhus/p-map,MIT,2016-10-21T03:44:11.145Z,2026-09-12T23:43:06.505Z,7.0.8,24,1,14,51,32,35,"[1, 2, 1, 32, 2, 1, 1, 1, 1, 2, 1, 3, 2, 1]",884,53,12,5,60,0,8,153941163,26,False,True,1.0,969.0,1.0
p-filter,npm,https://github.com/sindresorhus/p-filter,MIT,2016-10-21T04:16:12.722Z,2023-12-27T16:02:56.291Z,4.1.0,6,1,4,16,12,14,"[12, 1, 1, 2]",60,6,6,0,6,1,3,16662792,5,False,True,1.0,78.0,0.9
p-all,npm,https://github.com/sindresorhus/p-all,MIT,2016-10-21T04:00:33.246Z,2025-09-18T05:55:54.822Z,5.0.1,7,1,5,17,12,14,"[12, 1, 1, 2, 1]",199,10,10,0,11,1,4,13592563,5,False,True,1.0,226.0,0.9
p-series,npm,https://github.com/sindresorhus/p-series,MIT,2016-11-22T07:38:13.774Z,2021-08-12T23:31:51.690Z,3.0.0,5,1,4,14,10,12,"[10, 1, 2, 1]",58,2,6,0,5,0,3,131335,5,False,True,1.0,70.0,0.9
p-waterfall,npm,https://github.com/sindresorhus/p-waterfall,MIT,2016-11-22T07:41:27.598Z,2021-04-09T06:43:04.981Z,3.0.0,5,1,3,13,10,12,"[10, 2, 1]",70,4,6,1,9,1,3,5263176,5,False,True,1.0,83.0,0.9
request,npm,https://github.com/request/request,Apache-2.0,2011-01-22T00:36:12.640Z,2020-02-11T16:35:36.122Z,2.88.2,126,4,100,1262,367,626,"[367, 259, 168, 49, 35, 31, 21, 15, 13, 12, 12, 11, 10, 10, 9, 9, 7, 7, 6, 5, 5, 5, 5, 5, 5, 5, 4, 4, 4, 4, 4, 4, 4, 4, 4, 4, 3, 3, 3, 3, 3, 3, 3, 3, 3, 3, 3, 3, 3, 3, 3, 2, 2, 2, 2, 2, 2, 2, 2, 2, 2, 2, 2, 2, 2, 2, 2, 2, 2, 2, 2, 2, 2, 2, 2, 2, 2, 2, 2, 2, 2, 2, 2, 2, 2, 2, 2, 2, 2, 2, 2, 2, 2, 1, 1, 1, 1, 1, 1, 1]",25586,3211,442,93,3402,20,20,62863404,1605,True,True,0.5,30831.0,0.0
left-pad,npm,ssh://git@github.com/stevemao/left-pad,WTFPL,2014-03-14T09:09:20.762Z,2018-04-09T01:10:45.796Z,1.3.0,15,2,17,54,17,26,"[1, 9, 4, 4, 1, 1, 1, 17, 1, 1, 1, 1, 7, 2, 1, 1, 1]",1222,144,24,10,67,0,3,11046209,72,True,True,1.0,1418.0,0.7591609589041095
nomnom,npm,http://github.com/harthur/nomnom,MIT,2011-04-07T23:03:55.183Z,2014-11-07T18:17:52.473Z,1.8.1,25,1,11,126,111,116,"[1, 111, 1, 1, 5, 1, 1, 1, 1, 2, 1]",473,60,9,52,83,2,1,2850946,32,True,True,0.5,585.0,0.7591609589041095
colors,npm,ssh://git@github.com/Marak/colors.js,MIT,2011-03-15T10:12:18.245Z,2019-09-22T23:46:07.522Z,1.4.0,26,1,40,196,73,121,"[1, 1, 1, 1, 1, 1, 1, 1, 1, 1, 1, 1, 2, 7, 1, 2, 1, 1, 2, 1, 2, 1, 5, 1, 1, 1, 2, 2, 1, 1, 48, 1, 18, 73, 1, 2, 2, 1, 3, 1]",4972,455,56,83,334,0,2,91502258,455,False,True,1.0,5978.0,0.9741438356164384
event-stream,npm,https://github.com/dominictarr/event-stream,MIT,2011-08-22T05:26:46.363Z,2018-09-29T06:55:49.107Z,4.0.1,84,1,33,273,217,223,"[217, 6, 4, 4, 4, 3, 2, 2, 2, 2, 2, 2, 2, 2, 1, 1, 1, 1, 1, 1, 1, 1, 1, 1, 1, 1, 1, 1, 1, 1, 1, 1, 1]",2187,157,70,7,122,7,5,15644573,101,False,True,1.0,2548.0,0.7591609589041095
jade,npm,https://github.com/jadejs/jade,MIT,2010-12-19T22:37:03.716Z,2015-06-12T05:13:07.515Z,1.11.0,131,1,100,1824,1077,1308,"[2, 1, 231, 2, 2, 2, 1, 3, 4, 1, 10, 2, 2, 2, 2, 2, 206, 2, 1, 5, 3, 3, 5, 2, 2, 2, 2, 1, 2, 1, 1, 3, 1, 5, 1, 2, 1, 2, 4, 2, 3, 1, 1, 2, 1, 3, 2, 1, 1, 8, 2, 1, 1, 2, 3, 4, 14, 3, 5, 2, 2, 1, 1, 2, 1, 1, 5, 1, 1, 2, 2, 2, 3, 3, 8, 6, 1, 4, 2, 2, 6, 2, 1077, 1, 2, 2, 10, 3, 7, 2, 2, 1, 4, 1, 38, 2, 3, 6, 12, 5]",20815,1974,553,280,3368,10,33,1821466,987,True,True,0.5,23735.0,0.7591609589041095
coffee-script,npm,https://github.com/jashkenas/coffeescript,MIT,2010-12-24T19:03:36.215Z,2017-07-17T06:55:16.236Z,1.12.7,45,4,100,3792,1962,2348,"[1962, 386, 312, 163, 109, 88, 59, 51, 48, 46, 45, 43, 36, 26, 24, 18, 15, 15, 15, 15, 11, 11, 10, 10, 10, 9, 8, 8, 8, 7, 7, 7, 7, 6, 6, 6, 6, 6, 6, 6, 6, 6, 5, 5, 5, 4, 4, 4, 4, 3, 3, 3, 3, 3, 3, 3, 3, 3, 3, 3, 3, 3, 3, 3, 3, 2, 2, 2, 2, 2, 2, 2, 2, 2, 2, 2, 2, 2, 2, 2, 2, 2, 2, 2, 2, 2, 2, 2, 2, 2, 2, 2, 2, 2, 2, 2, 2, 2, 2, 2]",16238,2026,521,72,5364,0,6,3654046,1013,True,True,1.0,19214.0,0.7591609589041095
bower,npm,bower/bower,MIT,2012-09-04T23:58:48.836Z,2022-03-14T15:41:33.586Z,1.8.14,99,2,99,2172,1176,1630,"[1, 4, 1, 15, 9, 7, 2, 13, 1, 24, 3, 1176, 2, 2, 4, 3, 5, 2, 47, 2, 2, 1, 1, 1, 17, 1, 3, 2, 16, 5, 1, 5, 10, 2, 2, 1, 1, 3, 5, 1, 1, 19, 454, 56, 2, 4, 2, 1, 1, 4, 4, 65, 4, 3, 1, 5, 3, 2, 7, 3, 1, 6, 4, 12, 1, 1, 2, 3, 1, 1, 2, 6, 4, 4, 3, 2, 1, 3, 4, 6, 8, 3, 4, 4, 1, 2, 2, 2, 2, 7, 3, 1, 3, 5, 6, 4, 2, 1, 1]",15064,1955,725,3,2592,0,0,1277093,977,False,True,0.5,18425.0,0.9
gulp-util,npm,https://github.com/gulpjs/gulp-util,MIT,2013-07-06T07:36:16.604Z,2016-12-26T23:11:10.645Z,3.0.8,40,2,36,89,16,25,"[8, 1, 9, 1, 4, 1, 3, 4, 8, 1, 1, 1, 1, 1, 1, 1, 3, 1, 1, 1, 1, 1, 1, 1, 1, 1, 1, 1, 2, 1, 16, 1, 1, 3, 4, 1]",837,105,24,2,168,18,10,4712088,219,True,True,0.5,1221.0,0.7591609589041095
uglify-js,npm,https://github.com/mishoo/UglifyJS,BSD-2-Clause,2011-01-05T17:56:48.593Z,2024-08-29T13:49:01.316Z,3.19.3,288,3,100,3168,2279,2796,"[2279, 517, 114, 52, 48, 9, 8, 6, 5, 4, 4, 4, 3, 3, 3, 3, 3, 3, 3, 3, 3, 3, 2, 2, 2, 2, 2, 2, 2, 2, 2, 2, 1, 1, 1, 1, 1, 1, 1, 1, 1, 1, 1, 1, 1, 1, 1, 1, 1, 1, 1, 1, 1, 1, 1, 1, 1, 1, 1, 1, 1, 1, 1, 1, 1, 1, 1, 1, 1, 1, 1, 1, 1, 1, 1, 1, 1, 1, 1, 1, 1, 1, 1, 1, 1, 1, 1, 1, 1, 1, 1, 1, 1, 1, 1, 1, 1, 1, 1, 1]",12338,1245,274,33,5724,0,2,73475996,622,False,True,1.0,14218.0,1.0
babel-core,npm,https://github.com/babel/babel,MIT,2015-02-15T14:15:48.555Z,2018-04-27T09:47:04.101Z,6.26.3,257,3,1100,18000,4599,6539,"[4599, 1940, 1169, 816, 617, 491, 405, 343, 296, 260, 230, 207, 187, 170, 156, 144, 134, 124, 116, 109, 103, 97, 92, 87, 83, 79, 75, 72, 69, 66, 63, 61, 58, 56, 54, 52, 51, 49, 47, 46, 44, 43, 42, 41, 40, 39, 37, 37, 36, 35, 34, 33, 32, 32, 31, 30, 29, 29, 28, 28, 27, 27, 26, 25, 25, 25, 24, 24, 23, 23, 22, 22, 22, 21, 21, 21, 20, 20, 20, 19, 19, 19, 18, 18, 18, 18, 17, 17, 17, 17, 16, 16, 16, 16, 16, 15, 15, 15, 15, 15, 14, 14, 14, 14, 14, 14, 13, 13, 13, 13, 13, 13, 13, 12, 12, 12, 12, 12, 12, 12, 11, 11, 11, 11, 11, 11, 11, 11, 11, 11, 10, 10, 10, 10, 10, 10, 10, 10, 10, 10, 9, 9, 9, 9, 9, 9, 9, 9, 9, 9, 9, 9, 9, 9, 8, 8, 8, 8, 8, 8, 8, 8, 8, 8, 8, 8, 8, 8, 8, 8, 7, 7, 7, 7, 7, 7, 7, 7, 7, 7, 7, 7, 7, 7, 7, 7, 7, 7, 7, 7, 6, 6, 6, 6, 6, 6, 6, 6, 6, 6, 6, 6, 6, 6, 6, 6, 6, 6, 6, 6, 6, 6, 6, 6, 6, 6, 6, 6, 5, 5, 5, 5, 5, 5, 5, 5, 5, 5, 5, 5, 5, 5, 5, 5, 5, 5, 5, 5, 5, 5, 5, 5, 5, 5, 5, 5, 5, 5, 5, 5, 5, 5, 5, 5, 5, 5, 4, 4, 4, 4, 4, 4, 4, 4, 4, 4, 4, 4, 4, 4, 4, 4, 4, 4, 4, 4, 4, 4, 4, 4, 4, 4, 4, 4, 4, 4, 4, 4, 4, 4, 4, 4, 4, 4, 4, 4, 4, 4, 4, 4, 4, 4, 4, 4, 4, 4, 4, 4, 4, 4, 4, 4, 4, 3, 3, 3, 3, 3, 3, 3, 3, 3, 3, 3, 3, 3, 3, 3, 3, 3, 3, 3, 3, 3, 3, 3, 3, 3, 3, 3, 3, 3, 3, 3, 3, 3, 3, 3, 3, 3, 3, 3, 3, 3, 3, 3, 3, 3, 3, 3, 3, 3, 3, 3, 3, 3, 3, 3, 3, 3, 3, 3, 3, 3, 3, 3, 3, 3, 3, 3, 3, 3, 3, 3, 3, 3, 3, 3, 3, 3, 3, 3, 3, 3, 3, 3, 3, 3, 3, 3, 3, 3, 3, 3, 3, 3, 3, 3, 3, 3, 2, 2, 2, 2, 2, 2, 2, 2, 2, 2, 2, 2, 2, 2, 2, 2, 2, 2, 2, 2, 2, 2, 2, 2, 2, 2, 2, 2, 2, 2, 2, 2, 2, 2, 2, 2, 2, 2, 2, 2, 2, 2, 2, 2, 2, 2, 2, 2, 2, 2, 2, 2, 2, 2, 2, 2, 2, 2, 2, 2, 2, 2, 2, 2, 2, 2, 2, 2, 2, 2, 2, 2, 2, 2, 2, 2, 2, 2, 2, 2, 2, 2, 2, 2, 2, 2, 2, 2, 2, 2, 2, 2, 2, 2, 2, 2, 2, 2, 2, 2, 2, 2, 2, 2, 2, 2, 2, 2, 2, 2, 2, 2, 2, 2, 2, 2, 2, 2, 2, 2, 2, 2, 2, 2, 2, 2, 2, 2, 2, 2, 2, 2, 2, 2, 2, 2, 2, 2, 2, 2, 2, 2, 2, 2, 2, 2, 2, 2, 2, 2, 2, 2, 2, 2, 2, 2, 2, 2, 2, 2, 2, 2, 2, 2, 2, 2, 2, 2, 2, 2, 2, 2, 2, 2, 2, 2, 2, 2, 2, 2, 2, 2, 2, 2, 2, 2, 2, 2, 2, 2, 2, 2, 2, 2, 2, 2, 2, 2, 2, 2, 2, 2, 2, 2, 2, 2, 2, 1, 1, 1, 1, 1, 1, 1, 1, 1, 1, 1, 1, 1, 1, 1, 1, 1, 1, 1, 1, 1, 1, 1, 1, 1, 1, 1, 1, 1, 1, 1, 1, 1, 1, 1, 1, 1, 1, 1, 1, 1, 1, 1, 1, 1, 1, 1, 1, 1, 1, 1, 1, 1, 1, 1, 1, 1, 1, 1, 1, 1, 1, 1, 1, 1, 1, 1, 1, 1, 1, 1, 1, 1, 1, 1, 1, 1, 1, 1, 1, 1, 1, 1, 1, 1, 1, 1, 1, 1, 1, 1, 1, 1, 1, 1, 1, 1, 1, 1, 1, 1, 1, 1, 1, 1, 1, 1, 1, 1, 1, 1, 1, 1, 1, 1, 1, 1, 1, 1, 1, 1, 1, 1, 1, 1, 1, 1, 1, 1, 1, 1, 1, 1, 1, 1, 1, 1, 1, 1, 1, 1, 1, 1, 1, 1, 1, 1, 1, 1, 1, 1, 1, 1, 1, 1, 1, 1, 1, 1, 1, 1, 1, 1, 1, 1, 1, 1, 1, 1, 1, 1, 1, 1, 1, 1, 1, 1, 1, 1, 1, 1, 1, 1, 1, 1, 1, 1, 1, 1, 1, 1, 1, 1, 1, 1, 1, 1, 1, 1, 1, 1, 1, 1, 1, 1, 1, 1, 1, 1, 1, 1, 1, 1, 1, 1, 1, 1, 1, 1, 1, 1, 1, 1, 1, 1, 1, 1, 1, 1, 1, 1, 1, 1, 1, 1, 1, 1, 1, 1, 1, 1, 1, 1, 1, 1, 1, 1, 1, 1, 1, 1, 1, 1, 1, 1, 1, 1, 1, 1, 1, 1, 1, 1, 1, 1, 1, 1, 1, 1, 1, 1, 1, 1, 1, 1, 1, 1, 1, 1, 1, 1, 1, 1, 1, 1, 1, 1, 1, 1, 1, 1, 1, 1, 1, 1, 1, 1, 1, 1, 1, 1, 1, 1, 1, 1, 1, 1, 1, 1, 1, 1, 1, 1, 1, 1, 1, 1, 1, 1, 1, 1, 1, 1, 1, 1, 1, 1, 1, 1, 1, 1, 1, 1, 1, 1, 1, 1, 1, 1, 1, 1, 1, 1, 1, 1, 1, 1, 1, 1, 1, 1, 1, 1, 1, 1, 1, 1, 1, 1, 1, 1, 1, 1, 1, 1, 1, 1, 1, 1, 1, 1, 1, 1, 1, 1, 1, 1, 1, 1, 1, 1, 1, 1, 1, 1, 1, 1, 1, 1, 1, 1, 1, 1, 1, 1, 1, 1, 1, 1, 1, 1, 1, 1, 1, 1, 1, 1, 1, 1, 1, 1, 1, 1, 1, 1, 1, 1, 1, 1, 1, 1, 1, 1, 1, 1, 1, 1, 1, 1, 1, 1, 1, 1, 1, 1, 1, 1, 1, 1, 1, 1, 1, 1, 1, 1, 1, 1, 1, 1, 1, 1, 1, 1, 1, 1, 1, 1, 1, 1, 1, 1, 1, 1, 1, 1, 1, 1, 1, 1, 1, 1, 1, 1, 1, 1, 1, 1, 1, 1, 1, 1, 1, 1]",43000,5600,850,150,14150,19,3,26393821,5,False,False,0.0,0.0,0.0
grunt,npm,https://github.com/gruntjs/grunt,MIT,2012-01-12T13:08:51.247Z,2026-07-28T12:57:23.034Z,1.6.3,73,5,71,1395,1126,1200,"[1126, 74, 64, 10, 9, 8, 7, 7, 6, 4, 3, 3, 3, 3, 3, 2, 2, 2, 2, 2, 2, 2, 2, 2, 1, 1, 1, 1, 1, 1, 1, 1, 1, 1, 1, 1, 1, 1, 1, 1, 1, 1, 1, 1, 1, 1, 1, 1, 1, 1, 1, 1, 1, 1, 1, 1, 1, 1, 1, 1, 1, 1, 1, 1, 1, 1, 1, 1, 1, 1, 1]",12179,1539,492,157,1732,13,7,2654981,769,False,True,0.5,14968.0,0.2712328767123288
optimist,npm,https://github.com/substack/node-optimist,MIT,2010-12-21T14:33:53.354Z,2014-02-06T05:40:56.954Z,0.6.1,39,2,30,250,86,122,"[86, 36, 22, 15, 12, 9, 8, 6, 6, 5, 4, 4, 4, 3, 3, 3, 3, 2, 2, 2, 2, 2, 2, 2, 2, 1, 1, 1, 1, 1]",1400,220,45,45,235,2,2,14710224,142,False,True,0.0,142.0,0.7591609589041095
connect,npm,https://github.com/senchalabs/connect,MIT,2010-12-28T11:06:24.976Z,2019-05-18T00:58:45.162Z,3.7.0,234,1,100,3130,1905,2763,"[5, 2, 1, 1, 1, 3, 2, 3, 1, 1, 1, 1, 1, 1, 1, 2, 2, 3, 1, 3, 4, 2, 1, 1, 1, 2, 2, 1, 1, 3, 1, 1, 1, 1, 1, 1, 2, 1, 4, 1, 1, 5, 2, 1, 2, 1, 95, 2, 2, 858, 1, 2, 1, 1, 2, 2, 1, 2, 1, 1, 1, 11, 2, 1, 1, 1, 1, 1, 2, 1, 3, 1, 1, 1, 2, 5, 4, 5, 9, 2, 2, 1905, 1, 3, 9, 1, 1, 2, 78, 2, 1, 8, 1, 1, 1, 2, 2, 1, 1, 2]",9485,1145,310,4,1133,4,4,21374513,572,False,True,0.5,11285.0,0.9
restify,npm,https://github.com/restify/node-restify,MIT,2011-04-25T21:22:28.794Z,2026-08-25T17:09:15.530Z,12.0.0,186,15,100,884,228,332,"[228, 104, 86, 78, 34, 33, 22, 20, 15, 15, 12, 12, 11, 9, 7, 6, 6, 5, 5, 5, 5, 5, 5, 4, 4, 4, 4, 4, 4, 4, 4, 4, 3, 3, 3, 3, 3, 3, 3, 3, 3, 3, 3, 3, 2, 2, 2, 2, 2, 2, 2, 2, 2, 2, 2, 2, 2, 2, 2, 2, 2, 2, 2, 2, 2, 2, 2, 2, 2, 2, 2, 2, 1, 1, 1, 1, 1, 1, 1, 1, 1, 1, 1, 1, 1, 1, 1, 1, 1, 1, 1, 1, 1, 1, 1, 1, 1, 1, 1, 1]",10535,1016,247,101,1934,19,24,1241172,508,False,True,0.9090909090909092,12127.0,0.8238869863013698
async-listener,npm,https://github.com/othiym23/async-listener,BSD-2-Clause,2013-09-02T01:13:51.889Z,2018-10-27T20:04:43.901Z,0.6.10,36,3,9,65,20,35,"[1, 13, 15, 20, 1, 9, 1, 2, 3]",166,50,15,24,144,2,1,8277128,25,False,True,0.75,248.0,0.7591609589041095
node-uuid,npm,https://github.com/broofa/node-uuid,MIT,2012-02-06T13:13:29.968Z,2017-03-22T00:30:38.543Z,1.4.8,14,2,23,196,90,160,"[1, 9, 1, 1, 1, 1, 1, 1, 1, 1, 1, 1, 1, 90, 1, 1, 70, 1, 1, 1, 8, 1, 1]",270,32,9,0,1,0,1,4657800,193,True,True,1.0,527.0,0.7591609589041095
mkdirp-then,npm,https://github.com/fs-utils/mkdirp-then,MIT,2014-08-14T23:39:48.340Z,2016-02-28T02:25:46.570Z,1.2.0,5,2,3,12,8,11,"[1, 8, 3]",12,1,4,0,8,2,4,97496,5,False,True,0.75,22.0,0.9
fs-promise,npm,https://github.com/kevinbeaty/fs-promise,MIT,2013-05-23T01:22:13.513Z,2017-05-06T00:33:32.663Z,2.0.3,14,1,10,40,22,28,"[1, 3, 3, 1, 1, 6, 1, 1, 22, 1]",171,11,7,2,33,4,8,338175,27,True,True,0.75,226.0,0.7591609589041095
q,npm,https://github.com/kriskowal/q,MIT,2010-12-22T23:13:26.773Z,2017-10-19T17:55:37.072Z,1.5.1,76,2,71,716,346,553,"[1, 1, 2, 3, 1, 1, 1, 1, 25, 1, 3, 1, 1, 1, 2, 1, 3, 1, 346, 1, 1, 1, 1, 1, 2, 1, 3, 1, 1, 1, 1, 24, 1, 1, 2, 1, 6, 2, 207, 3, 2, 1, 1, 1, 1, 1, 1, 1, 1, 2, 6, 1, 1, 1, 1, 3, 1, 3, 4, 1, 1, 1, 2, 1, 1, 4, 1, 10, 1, 1, 1]",14957,1242,418,117,854,0,9,59231253,621,True,True,1.0,17108.0,0.0
when,npm,https://github.com/cujojs/when,MIT,2012-05-29T15:08:02.585Z,2017-02-20T00:51:40.927Z,3.7.8,63,1,53,1368,1207,1277,"[1, 1, 2, 2, 1, 1, 1, 1, 1, 1, 1207, 2, 1, 1, 1, 2, 1, 1, 1, 1, 1, 1, 2, 1, 2, 1, 3, 1, 10, 2, 1, 5, 2, 1, 1, 1, 1, 1, 70, 2, 5, 3, 3, 4, 1, 2, 2, 2, 2, 2, 1, 1, 1]",3445,409,137,68,511,0,16,6652303,204,False,True,1.0,4099.0,0.0
bluebird,npm,https://github.com/petkaantonov/bluebird,MIT,2013-09-24T12:56:29.301Z,2019-11-28T22:55:40.312Z,3.7.2,223,1,99,1735,1466,1538,"[3, 1, 2, 1, 1, 1, 2, 2, 1, 1, 1, 1, 2, 1, 2, 2, 3, 1, 3, 1, 1, 3, 1, 1, 2, 1, 1, 1, 2, 4, 3, 1, 1, 3, 1, 2, 1, 4, 3, 6, 1, 1, 1, 2, 1, 3, 1, 3, 2, 3, 1466, 72, 24, 1, 1, 6, 1, 1, 2, 1, 2, 1, 2, 2, 1, 2, 1, 2, 2, 1, 1, 1, 2, 1, 4, 1, 1, 2, 10, 1, 1, 1, 1, 2, 1, 1, 1, 2, 1, 2, 2, 1, 1, 2, 3, 2, 1, 1, 2]",20109,2425,352,114,1680,0,25,97415257,1212,False,True,1.0,23580.0,0.0
co,npm,https://github.com/tj/co,MIT,2013-06-06T20:24:53.571Z,2015-07-09T22:30:44.562Z,4.6.0,34,3,51,221,90,153,"[90, 63, 6, 5, 4, 3, 2, 2, 2, 2, 2, 1, 1, 1, 1, 1, 1, 1, 1, 1, 1, 1, 1, 1, 1, 1, 1, 1, 1, 1, 1, 1, 1, 1, 1, 1, 1, 1, 1, 1, 1, 1, 1, 1, 1, 1, 1, 1, 1, 1, 1]",11793,826,273,44,333,0,4,85387073,413,False,True,1.0,13175.0,0.7591609589041095
step,npm,ssh://git@github.com/creationix/step,MIT,2011-02-21T20:52:21.286Z,2017-01-06T21:16:57.341Z,1.0.0,5,1,8,31,14,23,"[2, 9, 2, 1, 14, 1, 1, 1]",2220,199,83,22,59,0,0,160601,99,False,False,1.0,2537.0,0.0
consolidate,npm,https://github.com/ladjs/consolidate,MIT,2011-11-20T07:56:45.902Z,2024-07-10T22:06:58.401Z,1.0.4,30,4,77,275,78,109,"[1, 1, 5, 1, 5, 5, 1, 1, 1, 2, 1, 7, 1, 1, 1, 1, 4, 1, 1, 7, 2, 1, 3, 1, 31, 1, 2, 1, 1, 3, 1, 1, 1, 2, 1, 1, 1, 2, 1, 1, 2, 3, 1, 1, 2, 2, 1, 13, 1, 5, 3, 1, 3, 2, 3, 4, 1, 1, 7, 78, 1, 1, 2, 1, 3, 1, 1, 1, 1, 7, 1, 1, 1, 1, 3, 4, 5]",3436,374,65,46,344,0,59,11651351,187,False,True,1.0,4049.0,0.7622431506849314
swig,npm,http://github.com/paularmstrong/swig,MIT,2011-09-02T01:22:44.720Z,2014-08-04T19:04:32.009Z,1.4.2,53,1,38,931,817,839,"[7, 1, 1, 4, 3, 2, 6, 3, 817, 2, 5, 2, 1, 1, 3, 3, 4, 2, 2, 1, 1, 6, 1, 1, 2, 4, 8, 1, 2, 4, 1, 3, 1, 1, 22, 1, 1, 1]",3124,462,80,0,144,2,14,142932,231,True,True,0.75,3772.0,0.0
dustjs-linkedin,npm,https://github.com/linkedin/dustjs,MIT,2012-05-18T18:49:24.312Z,2021-12-29T18:30:55.930Z,3.0.1,55,7,35,350,92,160,"[2, 9, 23, 68, 2, 1, 1, 1, 2, 1, 1, 1, 15, 2, 3, 1, 1, 8, 17, 1, 15, 1, 1, 1, 54, 2, 1, 92, 2, 5, 11, 1, 2, 1, 1]",2908,501,140,80,806,2,24,78441,250,False,True,1.0,3600.0,0.7899828767123287
vows,npm,https://github.com/cloudhead/vows,MIT,2010-12-29T11:20:56.476Z,2019-10-15T21:20:57.360Z,0.8.3,37,6,3,52,28,51,"[1, 28, 23]",1570,171,30,29,408,3,0,118223,85,False,True,0.5,1796.0,0.0
expresso,npm,https://github.com/visionmedia/expresso,MIT,2010-12-28T23:36:12.405Z,2011-10-12T15:13:15.700Z,0.9.2,26,2,17,238,191,204,"[13, 3, 1, 191, 7, 1, 2, 1, 1, 1, 1, 1, 1, 1, 11, 1, 1]",762,98,10,78,177,0,0,671,49,False,False,1.0,890.0,0.7591609589041095
should,npm,https://github.com/shouldjs/should.js,MIT,2011-04-06T16:44:36.271Z,2018-07-30T13:57:31.472Z,13.2.3,114,3,65,599,359,491,"[4, 1, 1, 1, 1, 1, 1, 3, 1, 1, 1, 1, 1, 1, 1, 1, 1, 3, 2, 1, 1, 2, 1, 1, 2, 4, 1, 7, 1, 1, 359, 1, 1, 1, 10, 2, 1, 1, 1, 1, 1, 10, 1, 1, 1, 1, 1, 2, 1, 1, 1, 1, 4, 1, 132, 1, 1, 3, 1, 1, 1, 2, 1, 1, 1]",1911,132,42,11,187,5,11,3517716,130,False,True,1.0,2280.0,0.9
expect.js,npm,https://github.com/LearnBoost/expect.js,MIT,2011-12-19T00:05:03.637Z,2014-02-20T15:23:47.596Z,0.3.1,6,1,19,49,25,28,"[1, 1, 1, 3, 25, 1, 1, 2, 1, 3, 1, 2, 1, 1, 1, 1, 1, 1, 1]",2101,220,160,88,171,0,2,419206,110,False,True,1.0,2522.0,0.7591609589041095
urllib,npm,https://github.com/node-modules/urllib,MIT,2011-05-16T02:11:39.183Z,2025-12-13T15:55:10.407Z,4.9.0,250,11,41,513,386,425,"[386, 39, 10, 8, 7, 7, 7, 4, 3, 2, 2, 2, 2, 2, 2, 2, 2, 2, 2, 1, 1, 1, 1, 1, 1, 1, 1, 1, 1, 1, 1, 1, 1, 1, 1, 1, 1, 1, 1, 1, 1]",693,110,34,3,431,7,28,957401,55,False,True,0.5555555555555556,904.0,1.0
querystring,npm,https://github.com/Gozala/querystring,MIT,2011-04-15T13:01:20.436Z,2021-02-15T14:38:16.963Z,0.2.1,5,2,10,32,18,22,"[2, 4, 18, 1, 1, 1, 1, 1, 2, 1]",279,73,6,16,55,0,3,99063251,41,True,True,1.0,409.0,0.0123287671232876
url,npm,https://github.com/defunctzombie/node-url,MIT,2011-07-07T22:16:05.456Z,2024-07-26T19:54:21.898Z,0.11.4,11,3,11,51,22,41,"[1, 1, 1, 1, 1, 1, 2, 22, 1, 19, 1]",343,87,5,16,61,2,7,86383828,75,False,True,0.5,521.0,0.0
punycode,npm,https://github.com/mathiasbynens/punycode.js,MIT,2011-09-07T03:53:54.173Z,2023-10-30T18:28:32.512Z,2.3.1,31,2,12,126,112,114,"[112, 2, 2, 2, 1, 1, 1, 1, 1, 1, 1, 1]",1434,164,37,46,123,0,3,259231088,82,False,True,1.0,1661.0,1.0
builtin-modules,npm,https://github.com/sindresorhus/builtin-modules,MIT,2015-05-04T15:35:06.265Z,2026-09-17T07:53:12.588Z,5.4.0,15,1,7,29,23,24,"[1, 1, 1, 23, 1, 1, 1]",108,11,6,1,15,0,3,44919489,5,False,True,1.0,133.0,0.9
resolve-from,npm,https://github.com/sindresorhus/resolve-from,MIT,2014-07-20T00:34:24.210Z,2019-04-15T04:06:25.601Z,5.0.0,6,1,7,30,22,25,"[1, 1, 1, 1, 22, 1, 3]",123,14,7,1,17,0,3,252706742,7,False,True,1.0,157.0,0.9
find-up,npm,https://github.com/sindresorhus/find-up,MIT,2015-09-01T07:15:16.509Z,2025-09-16T01:13:57.112Z,8.0.0,16,1,15,64,42,46,"[3, 1, 42, 1, 3, 1, 4, 1, 1, 1, 1, 1, 1, 1, 2]",457,45,11,2,63,2,5,408227273,22,False,True,1.0,541.0,0.9
locate-path,npm,https://github.com/sindresorhus/locate-path,MIT,2016-11-20T10:27:29.562Z,2025-09-15T23:17:38.813Z,8.0.0,12,1,7,27,20,22,"[2, 1, 1, 20, 1, 1, 1]",52,16,5,0,10,1,3,368477346,8,False,True,1.0,81.0,0.9209760273972604
p-locate,npm,https://github.com/sindresorhus/p-locate,MIT,2016-11-20T10:07:34.210Z,2026-02-03T07:57:49.916Z,7.0.0,8,1,5,22,17,19,"[17, 1, 1, 2, 1]",66,7,6,0,8,1,6,355184304,5,False,True,1.0,85.0,0.9
p-limit,npm,https://github.com/sindresorhus/p-limit,MIT,2016-10-21T07:59:41.638Z,2026-09-18T18:27:54.962Z,7.3.3,27,1,11,44,33,35,"[1, 1, 1, 1, 1, 33, 1, 2, 1, 1, 1]",999,73,11,3,63,1,6,313404484,36,False,True,1.0,1100.0,0.9
p-try,npm,https://github.com/sindresorhus/p-try,MIT,2016-10-21T06:16:43.459Z,2021-10-04T16:19:43.327Z,3.0.0,5,1,5,16,11,13,"[1, 1, 1, 2, 11]",42,11,6,0,8,0,3,202147879,5,False,True,1.0,64.0,0.9
p-finally,npm,https://github.com/sindresorhus/p-finally,MIT,2016-10-21T06:02:09.848Z,2021-04-09T05:42:39.138Z,3.0.0,4,1,3,14,12,13,"[12, 1, 1]",47,7,7,0,3,0,2,91881443,5,True,True,1.0,66.0,0.7622431506849314
p-queue,npm,https://github.com/sindresorhus/p-queue,MIT,2016-10-28T10:57:43.869Z,2026-07-22T12:15:04.757Z,9.3.3,56,1,30,133,85,94,"[85, 9, 3, 3, 2, 2, 2, 2, 2, 2, 2, 1, 1, 1, 1, 1, 1, 1, 1, 1, 1, 1, 1, 1, 1, 1, 1, 1, 1, 1]",2285,158,22,29,169,2,14,18473015,79,False,True,0.75,2499.0,0.8523972602739727
p-retry,npm,https://github.com/sindresorhus/p-retry,MIT,2016-10-21T07:50:24.250Z,2026-09-01T13:15:38.483Z,8.0.1,27,1,19,59,40,42,"[40, 2, 1, 1, 1, 1, 1, 1, 1, 1, 1, 1, 1, 1, 1, 1, 1, 1, 1]",583,50,7,12,67,1,5,59553283,25,False,True,0.75,661.0,1.0
amdefine,npm,https://github.com/jrburke/amdefine,BSD-3-Clause,2011-12-10T01:16:02.521Z,2016-11-02T05:00:51.414Z,1.0.1,12,1,6,36,26,31,"[26, 1, 1, 5, 2, 1]",211,42,9,7,37,0,0,23488508,21,False,False,1.0,275.0,0.7591609589041095
source-map-support,npm,https://github.com/evanw/node-source-map-support,MIT,2013-01-18T11:30:08.096Z,2021-11-19T11:02:57.258Z,0.5.21,66,3,62,242,86,135,"[2, 1, 2, 1, 1, 1, 3, 1, 1, 1, 1, 3, 1, 1, 1, 1, 2, 1, 2, 2, 1, 1, 1, 1, 1, 1, 1, 1, 1, 1, 4, 2, 1, 1, 3, 86, 1, 2, 1, 1, 1, 15, 1, 1, 49, 1, 11, 1, 1, 1, 1, 1, 1, 1, 1, 1, 2, 2, 1, 6, 1, 1]",2026,232,17,114,315,2,5,156491016,116,False,True,0.75,2367.0,0.1232876712328767
clean-css,npm,https://github.com/clean-css/clean-css,MIT,2011-02-28T19:38:45.669Z,2023-11-30T09:05:04.410Z,5.3.3,211,2,83,1313,1065,1185,"[1, 1, 2, 1, 120, 1, 1, 1, 1, 6, 3, 1, 1, 1, 1, 1, 1, 1, 1, 1, 11, 1, 1, 1, 2, 1, 1, 5, 1, 1, 1, 1, 3, 5, 1, 3, 1, 1, 2, 1, 1065, 1, 1, 1, 1, 5, 1, 1, 2, 1, 1, 4, 1, 1, 1, 1, 4, 1, 1, 1, 1, 1, 3, 1, 1, 1, 1, 1, 1, 1, 1, 1, 1, 1, 1, 1, 1, 1, 2, 1, 1, 2, 1]",3945,322,76,5,1213,1,8,61658676,161,False,True,0.75,4516.0,0.9
html-minifier,npm,https://github.com/kangax/html-minifier,MIT,2011-08-05T22:37:09.311Z,2019-04-01T18:49:19.719Z,4.0.0,80,3,73,1001,399,637,"[1, 1, 1, 1, 1, 1, 2, 4, 1, 1, 1, 1, 5, 1, 1, 1, 238, 1, 35, 1, 1, 1, 1, 2, 1, 2, 1, 1, 206, 1, 1, 1, 6, 1, 2, 1, 1, 1, 1, 1, 1, 1, 399, 4, 2, 9, 1, 1, 1, 2, 2, 1, 4, 1, 1, 1, 7, 1, 1, 9, 1, 3, 1, 2, 2, 1, 1, 2, 3, 1, 1, 1, 1]",4648,588,99,88,1124,7,6,16430804,294,False,True,0.5,5502.0,0.7591609589041095
uglifyjs-webpack-plugin,npm,https://github.com/webpack-contrib/uglifyjs-webpack-plugin,MIT,2017-01-24T09:00:10.767Z,2019-07-31T12:24:49.593Z,2.2.0,50,3,47,160,52,78,"[1, 1, 1, 1, 1, 1, 1, 1, 1, 1, 1, 1, 52, 1, 1, 1, 1, 1, 1, 1, 1, 21, 1, 1, 1, 26, 8, 2, 1, 4, 1, 1, 1, 4, 1, 1, 1, 4, 1, 1, 1, 1, 1, 1, 1, 1, 1]",1368,199,29,4,409,9,25,4713472,99,False,True,0.5,1660.0,0.9
node-sass,npm,https://github.com/sass/node-sass,MIT,2012-06-12T19:49:43.331Z,2023-05-20T06:03:42.097Z,9.0.0,148,2,180,2400,690,978,"[690, 288, 173, 121, 92, 73, 60, 51, 44, 39, 34, 31, 28, 25, 23, 21, 20, 18, 17, 16, 15, 14, 14, 13, 12, 12, 11, 11, 10, 10, 9, 9, 9, 8, 8, 8, 8, 7, 7, 7, 7, 6, 6, 6, 6, 6, 6, 5, 5, 5, 5, 5, 5, 5, 5, 4, 4, 4, 4, 4, 4, 4, 4, 4, 4, 4, 4, 4, 3, 3, 3, 3, 3, 3, 3, 3, 3, 3, 3, 3, 3, 3, 3, 3, 3, 3, 3, 3, 3, 2, 2, 2, 2, 2, 2, 2, 2, 2, 2, 2, 2, 2, 2, 2, 2, 2, 2, 2, 2, 2, 2, 2, 2, 2, 2, 2, 2, 2, 2, 2, 2, 2, 2, 2, 2, 2, 2, 2, 2, 2, 2, 2, 2, 2, 1, 1, 1, 1, 1, 1, 1, 1, 1, 1, 1, 1, 1, 1, 1, 1, 1, 1, 1, 1, 1, 1, 1, 1, 1, 1, 1, 1, 1, 1, 1, 1, 1, 1, 1, 1, 1, 1, 1, 1, 1, 1, 1, 1, 1, 1]",8900,1500,220,164,2964,14,6,13943194,668,True,True,0.5,10058.0,1.0
charenc,npm,https://github.com/pvorb/node-charenc,BSD-3-Clause,2011-09-18T16:27:52.891Z,2016-12-22T23:42:40.265Z,0.0.2,3,1,2,5,4,5,"[4, 1]",13,2,2,0,3,0,0,20113176,5,False,False,1.0,20.0,0.7591609589041095
crypt,npm,https://github.com/pvorb/node-crypt,BSD-3-Clause,2011-09-18T17:07:15.820Z,2016-12-22T23:40:47.283Z,0.0.2,3,1,2,5,4,5,"[4, 1]",14,10,2,1,3,0,0,20144091,5,False,False,1.0,30.0,0.7591609589041095
is-buffer,npm,https://github.com/feross/is-buffer,MIT,2014-10-31T01:58:42.247Z,2020-11-03T19:19:33.762Z,2.0.5,16,1,6,80,66,74,"[1, 2, 1, 2, 66, 8]",86,25,3,4,44,0,3,152477312,12,False,True,1.0,124.0,0.9
core-util-is,npm,https://github.com/isaacs/core-util-is,MIT,2013-08-26T22:51:58.467Z,2021-08-31T14:35:36.995Z,1.0.3,4,1,4,24,19,22,"[1, 19, 3, 1]",94,26,5,3,29,0,1,170974810,13,False,True,1.0,135.0,0.9
inherits,npm,https://github.com/isaacs/inherits,ISC,2011-04-07T00:35:14.848Z,2019-06-19T20:18:52.465Z,2.0.4,7,1,2,26,25,26,"[1, 25]",344,78,22,8,47,0,1,297513103,45,False,True,1.0,491.0,0.9
type-fest,npm,https://github.com/sindresorhus/type-fest,MIT,2019-03-13T10:40:42.413Z,2026-09-17T09:11:18.201Z,5.10.0,194,1,100,456,258,277,"[258, 19, 10, 7, 7, 6, 5, 5, 5, 4, 4, 4, 3, 3, 3, 3, 3, 3, 3, 3, 3, 2, 2, 2, 2, 2, 2, 2, 2, 2, 2, 2, 2, 2, 2, 2, 2, 1, 1, 1, 1, 1, 1, 1, 1, 1, 1, 1, 1, 1, 1, 1, 1, 1, 1, 1, 1, 1, 1, 1, 1, 1, 1, 1, 1, 1, 1, 1, 1, 1, 1, 1, 1, 1, 1, 1, 1, 1, 1, 1, 1, 1, 1, 1, 1, 1, 1, 1, 1, 1, 1, 1, 1, 1, 1, 1, 1, 1, 1, 1]",9802,369,47,122,543,1,13,399599391,184,False,True,1.0,10318.0,1.0
validate-npm-package-name,npm,https://github.com/npm/validate-npm-package-name,ISC,2014-11-12T22:55:16.098Z,2026-05-08T18:31:08.990Z,8.0.0,22,4,13,67,23,36,"[23, 13, 11, 6, 4, 2, 2, 1, 1, 1, 1, 1, 1]",260,45,27,1,63,0,2,32179174,22,False,True,1.0,351.0,0.9
express-fileupload,npm,https://github.com/richardgirges/express-fileupload,MIT,2015-07-30T21:58:46.805Z,2025-07-05T13:36:31.374Z,1.5.2,50,2,35,320,179,255,"[3, 4, 2, 1, 179, 3, 1, 1, 2, 1, 3, 1, 1, 1, 3, 1, 1, 1, 5, 1, 1, 1, 1, 2, 3, 8, 76, 1, 1, 1, 4, 1, 3, 1, 1]",1318,236,24,21,320,1,9,891120,118,False,True,1.0,1658.0,0.99263698630137
jayson,npm,https://github.com/tedeh/jayson,MIT,2012-07-02T10:20:04.215Z,2026-09-18T09:58:54.850Z,5.0.0,60,1,18,473,435,446,"[1, 435, 1, 1, 5, 1, 1, 3, 2, 1, 3, 11, 1, 1, 1, 2, 2, 1]",633,125,13,0,206,9,17,937284,62,False,True,0.5,798.0,0.9
ora,npm,https://github.com/sindresorhus/ora,MIT,2016-03-03T18:47:04.266Z,2026-06-22T12:24:49.225Z,9.4.1,57,1,46,153,98,104,"[98, 6, 3, 3, 2, 1, 1, 1, 1, 1, 1, 1, 1, 1, 1, 1, 1, 1, 1, 1, 1, 1, 1, 1, 1, 1, 1, 1, 1, 1, 1, 1, 1, 1, 1, 1, 1, 1, 1, 1, 1, 1, 1, 1, 1, 1]",7942,289,45,15,215,8,5,63877744,149,False,True,1.0,8471.0,0.93638698630137
helmet-csp,npm,https://github.com/helmetjs/helmet,MIT,2014-10-28T13:49:29.592Z,2026-07-12T01:19:46.089Z,4.1.0,43,1,41,756,694,700,"[1, 1, 1, 1, 1, 694, 2, 1, 1, 1, 6, 1, 1, 6, 1, 1, 1, 1, 1, 1, 2, 2, 1, 2, 1, 1, 1, 1, 4, 1, 1, 2, 1, 3, 1, 3, 1, 1, 1, 1, 1]",9021,376,99,6,367,0,0,2702397,188,False,True,1.0,9547.0,0.9
react-use-gesture,npm,https://github.com/pmndrs/react-use-gesture,MIT,2019-03-25T15:52:56.514Z,2021-03-07T20:43:22.217Z,9.1.3,173,2,50,1385,1074,1181,"[1, 1, 1, 1, 1, 1, 2, 1, 1, 1, 1, 1, 3, 1, 11, 101, 1, 1, 1, 1, 1, 1, 1, 1, 1, 1, 5, 1, 1, 107, 1, 1, 5, 1, 1, 1, 1, 3, 25, 7, 1, 2, 1074, 2, 1, 2, 1, 1, 1, 1]",6508,244,38,9,432,0,29,708309,122,True,True,1.0,6840.0,0.701541095890411
koa-compose,npm,https://github.com/koajs/compose,MIT,2013-08-13T04:02:38.938Z,2018-05-22T15:24:23.190Z,4.1.0,16,12,17,127,64,86,"[64, 1, 1, 2, 1, 1, 21, 1, 2, 2, 1, 2, 2, 1, 22, 2, 1]",943,142,16,13,151,0,4,7150001,71,False,True,1.0,1141.0,0.9
parse5,npm,https://github.com/inikulin/parse5,MIT,2013-07-03T09:19:28.186Z,2026-04-19T20:16:16.612Z,8.0.1,61,5,33,894,490,732,"[490, 242, 77, 24, 6, 6, 6, 6, 4, 4, 3, 3, 2, 2, 1, 1, 1, 1, 1, 1, 1, 1, 1, 1, 1, 1, 1, 1, 1, 1, 1, 1, 1]",3184,238,45,21,736,1,0,142318649,119,False,False,1.0,3530.0,1.0
@aws-sdk/util-middleware,npm,https://github.com/aws/aws-sdk-js-v3,Apache-2.0,2022-03-22T00:04:42.888Z,2023-07-20T19:19:42.032Z,3.374.0,52,2,100,2434,1184,1660,"[1184, 476, 143, 106, 84, 72, 64, 43, 37, 27, 25, 23, 22, 10, 10, 4, 4, 4, 4, 3, 3, 2, 2, 2, 2, 2, 2, 2, 1, 1, 1, 1, 1, 1, 1, 1, 1, 1, 1, 1, 1, 1, 1, 1, 1, 1, 1, 1, 1, 1, 1, 1, 1, 1, 1, 1, 1, 1, 1, 1, 1, 1, 1, 1, 1, 1, 1, 1, 1, 1, 1, 1, 1, 1, 1, 1, 1, 1, 1, 1, 1, 1, 1, 1, 1, 1, 1, 1, 1, 1, 1, 1, 1, 1, 1, 1, 1, 1, 1, 1]",2019,384,39,377,4130,2,8,17678042,192,True,True,1.0,2542.0,1.0
jest-serializer,npm,https://github.com/facebook/jest,MIT,2018-02-20T12:03:31.051Z,2022-04-25T12:08:01.903Z,28.0.0,63,2,100,4101,1283,1943,"[106, 6, 174, 33, 44, 8, 7, 5, 16, 19, 36, 7, 5, 6, 12, 6, 8, 12, 6, 14, 1283, 7, 13, 10, 15, 660, 13, 14, 214, 6, 21, 19, 19, 8, 6, 5, 17, 6, 10, 11, 6, 8, 9, 5, 33, 8, 13, 22, 5, 10, 6, 7, 55, 18, 64, 6, 32, 40, 38, 6, 5, 8, 8, 5, 9, 10, 23, 35, 7, 40, 5, 8, 6, 10, 22, 18, 107, 7, 10, 8, 11, 23, 5, 9, 7, 23, 6, 55, 56, 23, 7, 7, 8, 161, 8, 30, 8, 11, 8, 6]",39523,5917,555,1096,12914,2,1,85407816,2958,True,False,0.5,46095.0,1.0
@prisma/client,npm,https://github.com/prisma/prisma,Apache-2.0,2020-01-15T12:56:27.846Z,2026-08-25T12:54:34.412Z,7.10.0,10658,4,100,8865,2164,3831,"[2164, 1667, 1411, 842, 695, 578, 363, 188, 159, 106, 103, 72, 67, 58, 55, 35, 34, 22, 16, 14, 12, 10, 10, 9, 9, 8, 7, 7, 7, 6, 5, 5, 5, 5, 4, 4, 4, 4, 3, 3, 3, 3, 3, 3, 2, 2, 2, 2, 2, 2, 2, 2, 2, 2, 2, 2, 2, 2, 2, 2, 2, 2, 2, 2, 2, 1, 1, 1, 1, 1, 1, 1, 1, 1, 1, 1, 1, 1, 1, 1, 1, 1, 1, 1, 1, 1, 1, 1, 1, 1, 1, 1, 1, 1, 1, 1, 1, 1, 1, 1]",28313,1017,233,2549,12439,1,100,3105178,508,False,True,1.0,29663.0,1.0
@middy/util,npm,https://github.com/middyjs/middy,MIT,2021-01-24T22:15:27.043Z,2026-08-27T23:10:58.651Z,7.9.2,201,3,100,1320,894,1010,"[894, 116, 39, 23, 14, 13, 12, 11, 9, 8, 7, 6, 5, 5, 5, 4, 4, 4, 4, 3, 3, 3, 3, 3, 3, 3, 3, 3, 3, 3, 3, 3, 3, 2, 2, 2, 2, 2, 2, 2, 2, 2, 2, 2, 2, 2, 2, 2, 2, 2, 2, 2, 2, 2, 2, 2, 2, 2, 2, 2, 2, 1, 1, 1, 1, 1, 1, 1, 1, 1, 1, 1, 1, 1, 1, 1, 1, 1, 1, 1, 1, 1, 1, 1, 1, 1, 1, 1, 1, 1, 1, 1, 1, 1, 1, 1, 1, 1, 1, 1]",3187,313,38,4,986,0,4,730597,156,False,True,1.0,3638.0,1.0
log-update,npm,https://github.com/sindresorhus/log-update,MIT,2015-08-16T08:33:11.178Z,2026-04-05T07:47:54.404Z,8.0.0,24,1,14,58,40,44,"[1, 1, 40, 1, 4, 2, 1, 1, 2, 1, 1, 1, 1, 1]",941,47,11,4,58,6,5,47928472,27,False,True,1.0,1040.0,0.9
dependency-cruiser,npm,https://github.com/sverweij/dependency-cruiser,MIT,2016-11-20T20:23:09.596Z,2026-09-20T09:42:11.503Z,18.4.0,587,2,32,1731,1686,1692,"[1686, 6, 3, 3, 2, 2, 2, 2, 2, 1, 1, 1, 1, 1, 1, 1, 1, 1, 1, 1, 1, 1, 1, 1, 1, 1, 1, 1, 1, 1, 1, 1]",3458,204,19,22,725,18,27,722428,102,False,True,0.6428571428571428,3715.0,1.0
follow-redirects,npm,ssh://git@github.com/follow-redirects/follow-redirects,MIT,2012-11-15T22:23:37.885Z,2026-04-13T11:03:45.228Z,1.16.0,71,2,31,319,225,262,"[225, 37, 17, 7, 3, 3, 2, 2, 1, 1, 1, 1, 1, 1, 1, 1, 1, 1, 1, 1, 1, 1, 1, 1, 1, 1, 1, 1, 1, 1, 1]",458,134,15,7,212,0,6,149018103,67,False,True,1.0,647.0,0.9356164383561644
xss-filters,npm,https://github.com/yahoo/xss-filters,BSD-2-Clause,2015-02-13T06:48:49.555Z,2016-09-12T20:01:04.388Z,1.2.7,18,4,5,29,15,22,"[7, 1, 4, 2, 15]",1054,151,52,7,62,0,20,317852,75,False,True,1.0,1282.0,0.9
mdast-util-to-hast,npm,https://github.com/syntax-tree/mdast-util-to-hast,MIT,2016-06-18T11:29:48.970Z,2025-11-23T21:08:34.155Z,13.2.1,60,2,29,229,197,200,"[197, 3, 2, 2, 1, 1, 1, 1, 1, 1, 1, 1, 1, 1, 1, 1, 1, 1, 1, 1, 1, 1, 1, 1, 1, 1, 1, 1, 1]",66,62,9,0,62,9,14,19283946,31,False,True,1.0,166.0,0.9168664383561644
wrap-ansi,npm,https://github.com/chalk/wrap-ansi,MIT,2015-08-19T18:56:22.141Z,2026-09-21T04:09:32.260Z,10.0.2,24,1,2,288,203,288,"[203, 85]",97,27,5,3,49,2,5,301969751,13,False,True,1.0,132.0,0.9
preact,npm,https://github.com/preactjs/preact,MIT,2015-09-11T02:41:33.521Z,2026-08-01T09:59:54.572Z,10.29.8,286,6,100,3726,957,1754,"[957, 797, 743, 527, 46, 44, 44, 42, 38, 32, 31, 31, 27, 26, 22, 21, 13, 13, 12, 11, 10, 10, 10, 8, 7, 7, 7, 6, 5, 4, 4, 4, 4, 4, 4, 4, 4, 3, 3, 3, 3, 3, 3, 3, 3, 3, 3, 3, 3, 3, 3, 3, 3, 3, 3, 3, 3, 3, 2, 2, 2, 2, 2, 2, 2, 2, 2, 2, 2, 2, 2, 2, 2, 2, 2, 2, 2, 2, 2, 2, 2, 2, 2, 2, 2, 2, 2, 2, 2, 2, 2, 2, 2, 2, 2, 2, 2, 2, 2, 2]",33303,1833,415,223,3606,0,37,8328956,916,False,True,1.0,35688.0,1.0
@openzeppelin/contracts,npm,https://github.com/OpenZeppelin/openzeppelin-contracts,MIT,2019-07-26T19:34:41.181Z,2026-02-27T15:02:34.830Z,5.6.1,104,7,100,2620,828,1244,"[828, 416, 284, 158, 69, 67, 58, 49, 39, 31, 27, 27, 23, 23, 21, 20, 20, 19, 19, 16, 16, 15, 14, 14, 14, 12, 11, 11, 9, 8, 8, 8, 8, 8, 7, 7, 7, 7, 7, 6, 6, 6, 6, 6, 6, 6, 5, 5, 5, 5, 4, 4, 4, 4, 4, 4, 4, 4, 4, 4, 4, 4, 4, 4, 4, 4, 4, 3, 3, 3, 3, 3, 3, 3, 3, 3, 3, 3, 3, 3, 3, 3, 3, 3, 3, 3, 2, 2, 2, 2, 2, 2, 2, 2, 2, 2, 2, 2, 2, 2]",21128,10846,643,180,3860,0,0,930244,5423,False,False,1.0,32718.0,1.0
yeoman-environment,npm,https://github.com/yeoman/environment,BSD-2-Clause,2014-10-06T06:02:16.347Z,2026-09-22T11:07:07.175Z,7.2.0,144,8,100,1191,359,678,"[359, 319, 130, 56, 53, 36, 21, 20, 17, 13, 10, 9, 8, 7, 6, 5, 5, 4, 4, 3, 3, 3, 2, 2, 2, 2, 2, 2, 2, 2, 2, 2, 2, 2, 2, 2, 2, 2, 2, 2, 2, 2, 2, 2, 1, 1, 1, 1, 1, 1, 1, 1, 1, 1, 1, 1, 1, 1, 1, 1, 1, 1, 1, 1, 1, 1, 1, 1, 1, 1, 1, 1, 1, 1, 1, 1, 1, 1, 1, 1, 1, 1, 1, 1, 1, 1, 1, 1, 1, 1, 1, 1, 1, 1, 1, 1, 1, 1, 1, 1]",115,73,14,8,441,21,17,2255070,36,False,True,0.5,303.0,1.0
@redux-saga/core,npm,https://github.com/redux-saga/redux-saga/tree/main/packages/core,MIT,2019-01-20T12:49:04.353Z,2026-07-26T17:18:03.858Z,1.5.1,20,2,100,1244,412,697,"[412, 285, 87, 57, 39, 22, 20, 15, 15, 12, 10, 9, 9, 9, 9, 9, 8, 8, 7, 7, 7, 7, 6, 6, 6, 5, 5, 4, 4, 4, 4, 3, 3, 3, 3, 3, 3, 3, 3, 3, 3, 3, 3, 3, 3, 3, 3, 3, 3, 3, 3, 2, 2, 2, 2, 2, 2, 2, 2, 2, 2, 2, 2, 2, 2, 2, 2, 2, 2, 2, 2, 2, 2, 2, 2, 2, 2, 2, 2, 1, 1, 1, 1, 1, 1, 1, 1, 1, 1, 1, 1, 1, 1, 1, 1, 1, 1, 1, 1, 1]",22343,2038,257,29,2320,6,10,3635806,1019,False,True,0.75,24738.0,1.0
jake,npm,https://github.com/jakejs/jake,Apache-2.0,2011-03-26T22:06:58.184Z,2026-05-25T23:28:25.408Z,12.10.1,172,4,86,819,590,614,"[1, 1, 3, 1, 3, 1, 1, 1, 1, 1, 2, 1, 3, 1, 1, 1, 1, 2, 1, 4, 12, 1, 2, 2, 1, 1, 3, 13, 1, 1, 3, 2, 2, 1, 1, 1, 2, 2, 1, 1, 6, 2, 5, 4, 4, 7, 4, 1, 5, 2, 3, 2, 1, 1, 1, 1, 1, 3, 1, 2, 2, 1, 8, 1, 1, 1, 1, 1, 1, 1, 24, 2, 2, 1, 3, 18, 1, 1, 11, 1, 2, 1, 590, 2, 1, 1]",1913,212,41,71,414,3,6,24151221,106,False,True,0.5,2263.0,0.9741438356164384
airbnb-prop-types,npm,https://github.com/airbnb/prop-types,MIT,2016-10-09T04:47:08.161Z,2020-06-30T17:38:19.168Z,2.16.0,35,5,16,218,200,203,"[1, 1, 1, 1, 2, 1, 1, 1, 1, 3, 200, 1, 1, 1, 1, 1]",669,57,38,9,75,9,24,8428640,28,True,True,0.7777777777777778,784.0,0.9
webpack-notifier,npm,https://github.com/Turbo87/webpack-notifier,ISC,2015-02-12T11:40:26.317Z,2026-09-06T03:16:44.102Z,1.17.0,29,2,23,194,94,154,"[1, 1, 5, 1, 1, 1, 1, 9, 2, 94, 2, 1, 1, 4, 1, 2, 60, 1, 1, 1, 2, 1, 1]",303,44,6,3,73,3,18,2235591,22,False,True,0.5,398.0,0.9
@babel/parser,npm,https://github.com/babel/babel,MIT,2018-05-24T19:20:36.538Z,2026-09-18T13:50:33.592Z,7.29.9,254,4,1100,18000,4599,6539,"[4599, 1940, 1169, 816, 617, 491, 405, 343, 296, 260, 230, 207, 187, 170, 156, 144, 134, 124, 116, 109, 103, 97, 92, 87, 83, 79, 75, 72, 69, 66, 63, 61, 58, 56, 54, 52, 51, 49, 47, 46, 44, 43, 42, 41, 40, 39, 37, 37, 36, 35, 34, 33, 32, 32, 31, 30, 29, 29, 28, 28, 27, 27, 26, 25, 25, 25, 24, 24, 23, 23, 22, 22, 22, 21, 21, 21, 20, 20, 20, 19, 19, 19, 18, 18, 18, 18, 17, 17, 17, 17, 16, 16, 16, 16, 16, 15, 15, 15, 15, 15, 14, 14, 14, 14, 14, 14, 13, 13, 13, 13, 13, 13, 13, 12, 12, 12, 12, 12, 12, 12, 11, 11, 11, 11, 11, 11, 11, 11, 11, 11, 10, 10, 10, 10, 10, 10, 10, 10, 10, 10, 9, 9, 9, 9, 9, 9, 9, 9, 9, 9, 9, 9, 9, 9, 8, 8, 8, 8, 8, 8, 8, 8, 8, 8, 8, 8, 8, 8, 8, 8, 7, 7, 7, 7, 7, 7, 7, 7, 7, 7, 7, 7, 7, 7, 7, 7, 7, 7, 7, 7, 6, 6, 6, 6, 6, 6, 6, 6, 6, 6, 6, 6, 6, 6, 6, 6, 6, 6, 6, 6, 6, 6, 6, 6, 6, 6, 6, 6, 5, 5, 5, 5, 5, 5, 5, 5, 5, 5, 5, 5, 5, 5, 5, 5, 5, 5, 5, 5, 5, 5, 5, 5, 5, 5, 5, 5, 5, 5, 5, 5, 5, 5, 5, 5, 5, 5, 4, 4, 4, 4, 4, 4, 4, 4, 4, 4, 4, 4, 4, 4, 4, 4, 4, 4, 4, 4, 4, 4, 4, 4, 4, 4, 4, 4, 4, 4, 4, 4, 4, 4, 4, 4, 4, 4, 4, 4, 4, 4, 4, 4, 4, 4, 4, 4, 4, 4, 4, 4, 4, 4, 4, 4, 4, 3, 3, 3, 3, 3, 3, 3, 3, 3, 3, 3, 3, 3, 3, 3, 3, 3, 3, 3, 3, 3, 3, 3, 3, 3, 3, 3, 3, 3, 3, 3, 3, 3, 3, 3, 3, 3, 3, 3, 3, 3, 3, 3, 3, 3, 3, 3, 3, 3, 3, 3, 3, 3, 3, 3, 3, 3, 3, 3, 3, 3, 3, 3, 3, 3, 3, 3, 3, 3, 3, 3, 3, 3, 3, 3, 3, 3, 3, 3, 3, 3, 3, 3, 3, 3, 3, 3, 3, 3, 3, 3, 3, 3, 3, 3, 3, 3, 2, 2, 2, 2, 2, 2, 2, 2, 2, 2, 2, 2, 2, 2, 2, 2, 2, 2, 2, 2, 2, 2, 2, 2, 2, 2, 2, 2, 2, 2, 2, 2, 2, 2, 2, 2, 2, 2, 2, 2, 2, 2, 2, 2, 2, 2, 2, 2, 2, 2, 2, 2, 2, 2, 2, 2, 2, 2, 2, 2, 2, 2, 2, 2, 2, 2, 2, 2, 2, 2, 2, 2, 2, 2, 2, 2, 2, 2, 2, 2, 2, 2, 2, 2, 2, 2, 2, 2, 2, 2, 2, 2, 2, 2, 2, 2, 2, 2, 2, 2, 2, 2, 2, 2, 2, 2, 2, 2, 2, 2, 2, 2, 2, 2, 2, 2, 2, 2, 2, 2, 2, 2, 2, 2, 2, 2, 2, 2, 2, 2, 2, 2, 2, 2, 2, 2, 2, 2, 2, 2, 2, 2, 2, 2, 2, 2, 2, 2, 2, 2, 2, 2, 2, 2, 2, 2, 2, 2, 2, 2, 2, 2, 2, 2, 2, 2, 2, 2, 2, 2, 2, 2, 2, 2, 2, 2, 2, 2, 2, 2, 2, 2, 2, 2, 2, 2, 2, 2, 2, 2, 2, 2, 2, 2, 2, 2, 2, 2, 2, 2, 2, 2, 2, 2, 2, 2, 2, 1, 1, 1, 1, 1, 1, 1, 1, 1, 1, 1, 1, 1, 1, 1, 1, 1, 1, 1, 1, 1, 1, 1, 1, 1, 1, 1, 1, 1, 1, 1, 1, 1, 1, 1, 1, 1, 1, 1, 1, 1, 1, 1, 1, 1, 1, 1, 1, 1, 1, 1, 1, 1, 1, 1, 1, 1, 1, 1, 1, 1, 1, 1, 1, 1, 1, 1, 1, 1, 1, 1, 1, 1, 1, 1, 1, 1, 1, 1, 1, 1, 1, 1, 1, 1, 1, 1, 1, 1, 1, 1, 1, 1, 1, 1, 1, 1, 1, 1, 1, 1, 1, 1, 1, 1, 1, 1, 1, 1, 1, 1, 1, 1, 1, 1, 1, 1, 1, 1, 1, 1, 1, 1, 1, 1, 1, 1, 1, 1, 1, 1, 1, 1, 1, 1, 1, 1, 1, 1, 1, 1, 1, 1, 1, 1, 1, 1, 1, 1, 1, 1, 1, 1, 1, 1, 1, 1, 1, 1, 1, 1, 1, 1, 1, 1, 1, 1, 1, 1, 1, 1, 1, 1, 1, 1, 1, 1, 1, 1, 1, 1, 1, 1, 1, 1, 1, 1, 1, 1, 1, 1, 1, 1, 1, 1, 1, 1, 1, 1, 1, 1, 1, 1, 1, 1, 1, 1, 1, 1, 1, 1, 1, 1, 1, 1, 1, 1, 1, 1, 1, 1, 1, 1, 1, 1, 1, 1, 1, 1, 1, 1, 1, 1, 1, 1, 1, 1, 1, 1, 1, 1, 1, 1, 1, 1, 1, 1, 1, 1, 1, 1, 1, 1, 1, 1, 1, 1, 1, 1, 1, 1, 1, 1, 1, 1, 1, 1, 1, 1, 1, 1, 1, 1, 1, 1, 1, 1, 1, 1, 1, 1, 1, 1, 1, 1, 1, 1, 1, 1, 1, 1, 1, 1, 1, 1, 1, 1, 1, 1, 1, 1, 1, 1, 1, 1, 1, 1, 1, 1, 1, 1, 1, 1, 1, 1, 1, 1, 1, 1, 1, 1, 1, 1, 1, 1, 1, 1, 1, 1, 1, 1, 1, 1, 1, 1, 1, 1, 1, 1, 1, 1, 1, 1, 1, 1, 1, 1, 1, 1, 1, 1, 1, 1, 1, 1, 1, 1, 1, 1, 1, 1, 1, 1, 1, 1, 1, 1, 1, 1, 1, 1, 1, 1, 1, 1, 1, 1, 1, 1, 1, 1, 1, 1, 1, 1, 1, 1, 1, 1, 1, 1, 1, 1, 1, 1, 1, 1, 1, 1, 1, 1, 1, 1, 1, 1, 1, 1, 1, 1, 1, 1, 1, 1, 1, 1, 1, 1, 1, 1, 1, 1, 1, 1, 1, 1, 1, 1, 1, 1, 1, 1, 1, 1, 1, 1, 1, 1, 1, 1, 1, 1, 1, 1, 1, 1, 1, 1, 1, 1, 1, 1, 1, 1, 1, 1, 1, 1, 1, 1, 1, 1, 1, 1, 1, 1, 1, 1, 1, 1, 1, 1, 1, 1, 1, 1, 1, 1, 1, 1, 1, 1, 1, 1]",43000,5600,850,480,14480,1,6,863623924,5,False,False,0.0,0.0,0.0
webpack-license-plugin,npm,https://github.com/codepunkt/webpack-license-plugin,MIT,2018-08-02T14:54:45.530Z,2025-03-01T10:24:36.466Z,4.5.1,33,1,8,307,119,229,"[119, 3, 2, 68, 110, 3, 1, 1]",61,10,1,21,799,5,26,111709,5,False,True,0.75,80.0,0.666095890410959
single-spa,npm,https://github.com/single-spa/single-spa,MIT,2015-09-28T02:36:33.538Z,2024-09-29T01:53:42.169Z,6.0.3,151,1,42,585,425,468,"[2, 1, 1, 1, 1, 1, 1, 1, 1, 425, 1, 1, 5, 18, 1, 7, 8, 8, 1, 1, 2, 16, 43, 1, 1, 10, 1, 4, 1, 2, 2, 1, 6, 1, 1, 1, 1, 1, 1, 1, 1, 1]",11340,821,176,40,875,0,31,459277,410,False,True,1.0,12381.0,1.0
snyk,npm,https://github.com/snyk/snyk,Apache-2.0,2015-07-22T16:46:12.066Z,2026-09-23T16:20:07.480Z,1.1307.4,2096,1,100,3174,478,779,"[478, 301, 267, 167, 127, 108, 93, 85, 81, 65, 65, 64, 60, 53, 51, 50, 50, 46, 41, 39, 35, 32, 29, 26, 25, 24, 23, 23, 22, 21, 20, 19, 17, 17, 17, 16, 16, 16, 16, 16, 16, 14, 14, 14, 14, 13, 13, 13, 12, 12, 12, 11, 11, 10, 9, 9, 9, 9, 9, 8, 8, 8, 8, 8, 7, 7, 7, 7, 7, 7, 7, 6, 6, 6, 6, 6, 6, 6, 5, 5, 5, 5, 5, 5, 5, 5, 5, 5, 5, 5, 4, 4, 4, 4, 4, 4, 4, 4, 3, 3]",4286,520,166,203,4299,4,4,3118376,260,False,True,0.5,5102.0,1.0
@sansitech/loopback,npm,https://github.com/strongloop/loopback,MIT,2021-04-15T04:36:19.244Z,2022-05-23T05:22:51.484Z,3.28.2,2,2,98,879,314,495,"[11, 6, 1, 2, 10, 2, 1, 1, 5, 2, 4, 1, 1, 1, 2, 1, 1, 1, 1, 4, 1, 1, 10, 8, 4, 1, 3, 10, 5, 1, 4, 8, 1, 1, 4, 1, 2, 2, 22, 3, 1, 2, 2, 1, 17, 1, 314, 2, 3, 1, 3, 1, 2, 2, 21, 2, 19, 181, 7, 2, 14, 13, 1, 1, 1, 1, 2, 1, 2, 1, 1, 1, 2, 6, 4, 2, 16, 1, 2, 1, 9, 3, 2, 11, 1, 6, 5, 1, 15, 1, 3, 4, 3, 3, 2, 1, 1, 1]",13300,1238,430,11,4321,23,36,43,619,False,True,0.5,15066.0,0.9
range-parser,npm,https://github.com/jshttp/range-parser,MIT,2012-06-11T16:08:20.957Z,2026-06-25T20:55:41.875Z,1.3.0,12,6,7,156,138,150,"[2, 1, 138, 1, 1, 1, 12]",84,16,8,1,22,0,10,102944947,8,False,True,1.0,123.0,0.9
@microsoft/rush,npm,https://github.com/microsoft/rushstack,MIT,2017-01-03T20:27:47.498Z,2026-09-05T01:44:31.248Z,5.179.0,564,3,99,13197,2929,5446,"[8, 6, 6, 161, 6, 10, 4, 19, 9, 7, 23, 7, 5, 411, 4, 4, 4, 129, 2517, 4, 8, 4, 120, 10, 60, 7, 14, 5, 3, 122, 5, 8, 22, 2929, 22, 7, 34, 270, 4, 4, 59, 32, 13, 5, 4, 7, 183, 10, 4, 4, 9, 106, 8, 4, 4, 4, 32, 9, 41, 12, 5, 28, 1597, 8, 39, 10, 48, 26, 10, 25, 6, 7, 5, 4, 23, 68, 12, 13, 392, 203, 6, 11, 4, 7, 6, 10, 597, 14, 39, 9, 6, 10, 2075, 25, 4, 17, 4, 5, 267]",4668,509,51,737,3846,5,8,2482030,254,False,False,0.75,5331.0,1.0
@sideway/address,npm,https://github.com/sideway/address,BSD-3-Clause,2020-10-24T06:43:36.631Z,2022-05-02T05:42:47.468Z,5.0.0,7,2,8,66,56,59,"[56, 3, 2, 1, 1, 1, 1, 1]",26,26,8,1,43,1,9,24937049,13,False,True,0.75,68.0,0.9
dynamoose,npm,https://github.com/dynamoose/dynamoose,Unlicense,2014-02-27T12:10:43.894Z,2026-05-05T19:57:47.061Z,4.2.0,128,2,100,2807,2077,2223,"[2, 5, 1, 4, 1, 2, 2, 3, 2, 12, 5, 4, 3, 10, 3, 36, 1, 2, 2, 1, 2, 1, 1, 4, 1, 9, 7, 6, 4, 3, 2077, 2, 1, 12, 1, 1, 1, 1, 49, 1, 2, 1, 20, 2, 5, 1, 1, 54, 13, 1, 4, 1, 2, 2, 6, 7, 1, 7, 5, 6, 5, 2, 1, 7, 14, 1, 21, 2, 1, 1, 4, 2, 5, 19, 8, 10, 62, 7, 2, 1, 3, 9, 3, 2, 146, 1, 2, 1, 9, 3, 6, 3, 6, 1, 2, 1, 1, 2, 3, 2]",1877,321,24,59,1432,4,1,294717,160,False,True,1.0,2329.0,1.0
request-ip,npm,https://github.com/pbojinov/request-ip,MIT,2013-12-09T00:20:12.435Z,2022-07-07T04:38:43.808Z,3.3.0,27,1,22,129,90,100,"[2, 1, 2, 1, 10, 1, 1, 1, 1, 1, 1, 1, 1, 90, 1, 1, 1, 7, 1, 2, 1, 1]",637,86,11,10,67,0,11,2785143,43,False,True,1.0,780.0,0.9299657534246576
@humanwhocodes/object-schema,npm,https://github.com/humanwhocodes/object-schema,BSD-3-Clause,2019-02-03T16:36:28.925Z,2024-04-01T20:31:25.486Z,2.0.3,11,1,3,26,23,25,"[23, 1, 2]",19,1,2,2,11,0,3,58973017,5,True,True,1.0,25.0,0.9
app-builder-lib,npm,https://github.com/electron-userland/electron-builder,MIT,2018-07-20T12:10:07.251Z,2026-06-09T17:34:26.182Z,26.15.3,312,2,100,2258,1597,1719,"[1597, 122, 79, 62, 53, 52, 14, 12, 10, 10, 9, 8, 6, 6, 6, 6, 5, 5, 4, 4, 4, 4, 4, 4, 3, 3, 3, 3, 3, 3, 3, 3, 3, 3, 3, 3, 3, 3, 3, 3, 3, 3, 3, 3, 2, 2, 2, 2, 2, 2, 2, 2, 2, 2, 2, 2, 2, 2, 2, 2, 2, 2, 2, 2, 2, 2, 2, 2, 2, 2, 2, 2, 2, 2, 2, 2, 2, 2, 2, 2, 2, 2, 2, 2, 2, 2, 2, 2, 2, 2, 2, 2, 2, 2, 2, 2, 2, 2, 2, 2]",12531,1621,148,347,7244,41,32,786225,810,False,False,0.7857142857142857,14400.0,1.0
inferno-create-class,npm,https://github.com/infernojs/inferno,MIT,2016-06-29T22:39:42.965Z,2023-12-10T19:17:46.002Z,8.2.3,283,5,150,4200,1216,1727,"[1216, 511, 308, 215, 163, 130, 107, 90, 78, 68, 61, 54, 49, 45, 41, 38, 35, 33, 31, 29, 27, 26, 24, 23, 22, 21, 20, 19, 18, 17, 17, 16, 15, 15, 14, 14, 13, 13, 12, 12, 12, 11, 11, 11, 10, 10, 10, 10, 9, 9, 9, 9, 9, 8, 8, 8, 8, 8, 7, 7, 7, 7, 7, 7, 7, 6, 6, 6, 6, 6, 6, 6, 6, 6, 6, 5, 5, 5, 5, 5, 5, 5, 5, 5, 5, 5, 5, 5, 4, 4, 4, 4, 4, 4, 4, 4, 4, 4, 4, 4, 4, 4, 4, 4, 4, 4, 4, 3, 3, 3, 3, 3, 3, 3, 3, 3, 3, 3, 3, 3, 3, 3, 3, 3, 3, 3, 3, 3, 3, 3, 3, 3, 3, 3, 3, 3, 3, 3, 3, 3, 3, 2, 2, 2, 2, 2, 2, 2, 2, 2]",16000,850,280,25,1425,1,2,264111,338,False,False,1.0,16652.0,1.0
unist-util-stringify-position,npm,https://github.com/syntax-tree/unist-util-stringify-position,MIT,2016-04-16T10:20:49.740Z,2023-07-07T10:09:26.763Z,4.0.0,13,2,3,80,76,78,"[76, 2, 2]",4,2,6,0,5,1,9,33370876,5,False,True,1.0,15.0,0.9
@middy/core,npm,https://github.com/middyjs/middy,MIT,2018-05-20T18:03:09.447Z,2026-08-27T23:01:13.102Z,7.9.2,289,3,100,1320,894,1010,"[894, 116, 39, 23, 14, 13, 12, 11, 9, 8, 7, 6, 5, 5, 5, 4, 4, 4, 4, 3, 3, 3, 3, 3, 3, 3, 3, 3, 3, 3, 3, 3, 3, 2, 2, 2, 2, 2, 2, 2, 2, 2, 2, 2, 2, 2, 2, 2, 2, 2, 2, 2, 2, 2, 2, 2, 2, 2, 2, 2, 2, 1, 1, 1, 1, 1, 1, 1, 1, 1, 1, 1, 1, 1, 1, 1, 1, 1, 1, 1, 1, 1, 1, 1, 1, 1, 1, 1, 1, 1, 1, 1, 1, 1, 1, 1, 1, 1, 1, 1]",3187,313,38,4,986,1,5,825041,156,False,True,1.0,3638.0,1.0
graphile-build-pg,npm,https://github.com/graphile/crystal,MIT,2017-08-01T17:24:50.923Z,2026-09-04T14:46:54.033Z,5.1.4,262,1,58,1079,924,953,"[924, 29, 24, 19, 10, 8, 4, 4, 3, 2, 2, 2, 2, 2, 1, 1, 1, 1, 1, 1, 1, 1, 1, 1, 1, 1, 1, 1, 1, 1, 1, 1, 1, 1, 1, 1, 1, 1, 1, 1, 1, 1, 1, 1, 1, 1, 1, 1, 1, 1, 1, 1, 1, 1, 1, 1, 1, 1]",717,130,11,59,823,7,0,134780,65,False,True,0.5,916.0,1.0
uglify-es,npm,https://github.com/mishoo/UglifyJS2#harmony,BSD-2-Clause,2017-05-09T19:18:47.781Z,2018-01-27T16:54:24.996Z,3.3.9,50,1,99,3042,2154,2671,"[1, 1, 1, 1, 1, 6, 1, 4, 1, 2, 2, 1, 1, 48, 3, 2, 1, 2, 1, 1, 1, 1, 8, 1, 2, 4, 114, 1, 517, 1, 1, 1, 1, 1, 2, 3, 4, 1, 1, 3, 1, 1, 1, 1, 1, 1, 1, 1, 52, 1, 1, 1, 1, 2, 1, 3, 1, 3, 1, 1, 1, 1, 1, 3, 1, 1, 2154, 1, 1, 1, 1, 1, 1, 1, 1, 3, 5, 1, 2, 1, 9, 1, 3, 2, 1, 1, 1, 1, 2, 1, 1, 3, 3, 1, 1, 1, 1, 1, 1]",12106,1235,272,32,5515,2,3,5741324,617,True,True,0.5,13739.0,0.0
lowdb-umd,npm,https://github.com/typicode/lowdb,MIT,2022-04-20T03:42:14.124Z,2022-04-20T04:05:55.956Z,3.0.1,2,1,32,426,380,387,"[2, 1, 3, 1, 1, 1, 1, 1, 7, 1, 1, 1, 380, 1, 1, 2, 1, 1, 2, 1, 1, 1, 1, 1, 1, 2, 1, 1, 1, 1, 4, 1]",17842,837,230,7,540,1,16,8,418,False,True,1.0,18941.0,0.9
escape-goat,npm,https://github.com/sindresorhus/escape-goat,MIT,2017-05-27T10:14:03.393Z,2021-04-16T05:16:18.770Z,4.0.0,10,1,9,31,19,24,"[1, 1, 5, 19, 1, 1, 1, 1, 1]",437,34,7,0,22,0,3,29475398,17,False,True,1.0,487.0,0.9
validator,npm,https://github.com/validatorjs/validator.js,MIT,2011-01-04T23:51:47.750Z,2026-04-02T19:45:30.677Z,13.15.35,218,3,100,1230,718,758,"[5, 6, 10, 38, 2, 2, 2, 4, 3, 21, 11, 2, 2, 7, 40, 3, 23, 3, 2, 2, 2, 3, 2, 11, 2, 2, 5, 6, 2, 2, 9, 2, 2, 3, 20, 9, 2, 7, 3, 2, 3, 2, 2, 3, 5, 3, 3, 3, 718, 3, 12, 3, 2, 2, 19, 4, 4, 4, 2, 4, 4, 5, 2, 3, 8, 4, 2, 2, 6, 7, 3, 2, 2, 2, 2, 2, 2, 2, 7, 4, 2, 6, 3, 3, 2, 4, 4, 2, 5, 2, 3, 2, 3, 2, 9, 2, 11, 3, 2, 4]",19747,1948,229,265,1982,0,17,28341406,974,False,True,1.0,22511.0,0.1232876712328767
grant,npm,https://github.com/simov/grant,MIT,2014-06-22T15:28:14.918Z,2025-02-04T17:31:14.941Z,5.4.24,101,1,43,1124,1072,1075,"[1, 1072, 2, 1, 2, 1, 1, 1, 2, 3, 1, 1, 1, 3, 1, 1, 1, 1, 1, 1, 1, 1, 1, 1, 1, 1, 1, 1, 1, 1, 1, 1, 1, 1, 2, 2, 1, 1, 1, 2, 1, 1, 1]",3652,242,49,19,275,3,24,578114,121,False,True,0.75,3998.0,1.0
mime-db,npm,https://github.com/jshttp/mime-db,MIT,2014-08-14T22:17:35.560Z,2025-03-18T15:06:44.354Z,1.54.0,64,4,63,799,713,724,"[1, 1, 1, 1, 1, 1, 1, 1, 1, 1, 2, 1, 1, 1, 5, 1, 1, 1, 1, 1, 1, 1, 1, 1, 1, 1, 1, 2, 1, 2, 1, 1, 1, 2, 1, 1, 1, 1, 1, 1, 1, 1, 1, 1, 1, 1, 1, 1, 2, 11, 1, 713, 1, 1, 1, 1, 1, 6, 1, 1, 1, 1, 1]",831,217,33,13,259,0,13,189322956,108,False,True,1.0,1155.0,0.9
koa-convert,npm,https://github.com/gyson/koa-convert,MIT,2015-10-11T02:04:32.906Z,2020-09-10T18:43:41.324Z,2.0.0,6,2,4,31,28,29,"[1, 28, 1, 1]",251,19,7,4,13,2,7,4879113,16,False,True,1.0,297.0,0.9
joi,npm,https://github.com/hapijs/joi,BSD-3-Clause,2012-09-16T16:47:24.671Z,2026-09-11T13:31:30.989Z,18.2.9,259,6,100,1492,538,1044,"[538, 506, 71, 42, 31, 16, 16, 9, 9, 8, 8, 7, 7, 7, 6, 6, 6, 6, 6, 5, 5, 5, 5, 5, 5, 4, 4, 4, 4, 4, 4, 4, 4, 3, 3, 3, 3, 3, 3, 3, 3, 3, 3, 3, 3, 2, 2, 2, 2, 2, 2, 2, 2, 2, 2, 2, 2, 2, 2, 2, 2, 2, 2, 2, 2, 2, 2, 2, 2, 2, 2, 2, 2, 2, 2, 2, 2, 2, 2, 1, 1, 1, 1, 1, 1, 1, 1, 1, 1, 1, 1, 1, 1, 1, 1, 1, 1, 1, 1, 1]",19320,1512,179,121,2863,7,9,31717961,756,False,True,0.5,21395.0,1.0
umzug,npm,https://github.com/sequelize/umzug,MIT,2014-12-02T20:48:38.158Z,2026-05-01T22:20:00.077Z,3.8.3,71,5,45,612,168,266,"[97, 1, 1, 2, 1, 1, 1, 98, 1, 1, 2, 1, 6, 2, 1, 1, 1, 1, 2, 1, 1, 1, 1, 1, 14, 1, 1, 1, 1, 11, 7, 65, 1, 168, 3, 19, 1, 1, 6, 1, 2, 1, 74, 7, 1]",1644,137,24,1,514,5,24,2836724,68,False,True,1.0,1854.0,1.0
xss,npm,https://github.com/leizongmin/js-xss,MIT,2012-09-19T12:13:55.901Z,2024-03-03T02:33:54.727Z,1.0.15,71,1,32,369,321,327,"[2, 1, 1, 1, 1, 1, 1, 3, 1, 1, 1, 1, 1, 3, 1, 2, 1, 1, 2, 1, 2, 1, 6, 2, 1, 4, 321, 1, 1, 1, 1, 1]",4625,619,114,48,263,2,7,11193512,309,False,True,0.75,5418.0,0.7169520547945206
validate-npm-package-license,npm,https://github.com/kemitchell/validate-npm-package-license.js,Apache-2.0,2015-05-03T21:39:01.081Z,2018-08-05T16:59:03.230Z,3.0.4,10,1,2,55,54,55,"[54, 1]",23,17,4,1,14,2,2,81981173,8,False,True,1.0,46.0,0.9
xmlchars,npm,https://github.com/lddubeau/xmlchars,MIT,2018-07-05T17:56:49.271Z,2019-09-06T16:38:51.976Z,2.2.0,9,1,5,211,166,206,"[166, 1, 40, 1, 3]",2,3,2,6,49,0,12,61485660,5,False,True,1.0,12.0,0.9
npm-run-path,npm,https://github.com/sindresorhus/npm-run-path,MIT,2015-12-28T18:54:14.293Z,2024-08-26T08:40:09.814Z,6.0.0,14,1,7,29,19,23,"[1, 1, 2, 19, 1, 1, 4]",92,21,6,0,15,2,3,173142948,10,False,True,1.0,128.0,0.9
flag-icon-css,npm,ssh://git@github.com/lipis/flag-icons,MIT,2015-09-03T08:31:49.355Z,2021-12-15T13:22:40.838Z,4.1.7,29,1,66,699,423,552,"[3, 1, 1, 1, 1, 4, 11, 1, 423, 4, 1, 5, 1, 1, 1, 129, 1, 1, 1, 1, 2, 1, 2, 25, 2, 1, 10, 1, 1, 1, 1, 2, 1, 1, 1, 1, 1, 1, 1, 1, 2, 1, 1, 1, 1, 1, 1, 1, 3, 2, 1, 2, 3, 2, 15, 1, 1, 1, 1, 2, 2, 1, 1, 1, 1, 1]",8684,1473,157,4,1019,0,4,1292659,736,True,True,1.0,10387.0,0.8824486301369863
bootstrap-beta,npm,https://github.com/twbs/bootstrap,MIT,2017-09-08T13:44:47.066Z,2017-09-08T13:44:47.066Z,4.0.0-beta,1,1,100,15471,6998,8802,"[68, 5, 5, 6998, 372, 28, 5, 161, 65, 16, 70, 53, 34, 6, 6, 25, 1804, 7, 7, 17, 26, 8, 25, 16, 6, 19, 7, 5, 60, 8, 23, 23, 5, 11, 8, 21, 11, 18, 8, 6, 286, 9, 13, 8, 19, 8, 42, 5, 38, 1781, 63, 14, 5, 113, 5, 29, 221, 17, 6, 7, 15, 7, 6, 83, 825, 12, 365, 8, 7, 95, 6, 21, 4, 29, 22, 15, 366, 5, 5, 63, 16, 6, 6, 8, 157, 86, 12, 12, 6, 49, 13, 207, 44, 18, 6, 6, 63, 11, 7, 24]",158304,76853,6905,364,35026,0,26,859,38426,False,True,1.0,242162.0,0.7591609589041095
@chakra-ui/form-control,npm,https://github.com/chakra-ui/chakra-ui,MIT,2020-06-20T20:43:06.613Z,2023-11-09T15:44:22.411Z,2.2.0,473,2,100,6213,3309,3680,"[3309, 371, 349, 294, 276, 175, 169, 132, 100, 99, 62, 57, 52, 47, 41, 39, 39, 33, 28, 25, 19, 17, 16, 15, 14, 14, 13, 12, 12, 11, 11, 10, 10, 10, 10, 10, 9, 9, 9, 8, 8, 8, 8, 7, 7, 7, 6, 6, 6, 6, 6, 6, 6, 6, 5, 5, 5, 5, 5, 5, 5, 5, 5, 5, 5, 5, 5, 4, 4, 4, 4, 4, 4, 4, 4, 4, 4, 4, 4, 4, 4, 4, 4, 4, 4, 4, 4, 3, 3, 3, 3, 3, 3, 3, 3, 3, 3, 3, 3, 3]",30655,2740,205,100,5805,5,3,1401648,1370,False,False,1.0,33700.0,1.0
@vee-validate/rules,npm,https://github.com/logaretm/vee-validate,MIT,2020-07-18T05:38:07.537Z,2025-06-07T13:36:33.659Z,4.15.1,134,1,100,3758,3436,3466,"[3436, 30, 17, 11, 10, 9, 9, 5, 5, 5, 5, 5, 4, 4, 4, 4, 4, 4, 4, 4, 4, 4, 4, 4, 4, 4, 3, 3, 3, 3, 3, 3, 3, 3, 3, 3, 3, 3, 3, 3, 3, 3, 3, 3, 2, 2, 2, 2, 2, 2, 2, 2, 2, 2, 2, 2, 2, 2, 2, 2, 2, 2, 2, 2, 2, 2, 2, 2, 2, 2, 2, 2, 2, 2, 2, 2, 2, 2, 2, 2, 2, 2, 2, 2, 2, 2, 2, 2, 2, 1, 1, 1, 1, 1, 1, 1, 1, 1, 1, 1]",9388,1129,118,37,3728,1,0,127202,564,False,False,1.0,10735.0,1.0
strapi-hook-bookshelf,npm,https://github.com/strapi/strapi,MIT,2018-07-25T15:12:27.103Z,2019-12-01T22:21:23.068Z,3.0.0-beta.17.8,95,5,100,12954,4042,5791,"[10, 36, 6, 45, 21, 151, 483, 20, 5, 152, 15, 5, 13, 22, 8, 5, 1749, 6, 14, 465, 13, 149, 5, 81, 21, 6, 18, 12, 5, 9, 21, 9, 6, 148, 6, 8, 31, 14, 8, 9, 21, 88, 263, 71, 4042, 8, 20, 8, 5, 14, 8, 19, 83, 13, 5, 24, 6, 5, 8, 9, 19, 8, 12, 5, 6, 6, 368, 7, 6, 6, 558, 13, 9, 301, 35, 6, 5, 7, 16, 989, 8, 10, 13, 7, 5, 6, 6, 280, 8, 13, 449, 5, 148, 6, 6, 10, 1040, 9, 7, 6]",45935,5637,652,430,12648,8,0,19325,2818,True,True,0.5,52324.0,0.7591609589041095
requires-port,npm,https://github.com/unshiftio/requires-port,MIT,2014-11-07T11:03:17.791Z,2015-10-30T14:42:33.794Z,1.0.0,3,2,4,41,18,31,"[13, 1, 9, 18]",7,3,4,0,14,0,4,65791061,5,False,True,1.0,21.0,0.9
webpack-dev-middleware,npm,https://github.com/webpack/webpack-dev-middleware,MIT,2012-08-08T20:19:25.926Z,2026-09-03T02:43:21.266Z,8.3.0,130,8,96,1180,321,574,"[321, 253, 174, 72, 60, 57, 54, 44, 23, 13, 4, 3, 3, 3, 2, 2, 2, 2, 2, 2, 2, 2, 2, 2, 2, 2, 2, 2, 1, 1, 1, 1, 1, 1, 1, 1, 1, 1, 1, 1, 1, 1, 1, 1, 1, 1, 1, 1, 1, 1, 1, 1, 1, 1, 1, 1, 1, 1, 1, 1, 1, 1, 1, 1, 1, 1, 1, 1, 1, 1, 1, 1, 1, 1, 1, 1, 1, 1, 1, 1, 1, 1, 1, 1, 1, 1, 1, 1, 1, 1, 1, 1, 1, 1, 1, 1]",2424,368,35,22,1380,5,43,81348274,184,False,True,1.0,2974.0,1.0
unist-builder,npm,https://github.com/syntax-tree/unist-builder,MIT,2015-09-27T09:06:08.326Z,2023-07-07T10:30:15.432Z,4.0.0,12,2,3,64,53,61,"[8, 3, 53]",48,2,8,2,11,1,10,18515177,5,False,True,1.0,62.0,0.9
@react-native-firebase/database,npm,https://github.com/invertase/react-native-firebase,Apache-2.0,2019-06-05T00:00:47.494Z,2026-09-05T01:49:21.021Z,26.4.0,305,4,8,3660,1625,2308,"[1625, 683, 411, 287, 217, 173, 143, 121]",0,0,0,0,20,0,2,66176,5,False,False,1.0,0.0,1.0
inferno-vnode-flags,npm,https://github.com/infernojs/inferno,MIT,2016-11-14T21:58:06.944Z,2026-04-07T13:22:29.491Z,9.1.0,238,5,100,3151,1459,2325,"[1459, 866, 203, 117, 71, 64, 30, 26, 16, 16, 14, 13, 13, 11, 10, 10, 9, 9, 8, 8, 8, 7, 7, 7, 5, 5, 4, 4, 4, 4, 4, 4, 3, 3, 3, 3, 3, 3, 3, 3, 2, 2, 2, 2, 2, 2, 2, 2, 2, 2, 2, 2, 2, 2, 2, 2, 2, 2, 2, 2, 2, 2, 2, 2, 2, 2, 2, 2, 2, 2, 2, 1, 1, 1, 1, 1, 1, 1, 1, 1, 1, 1, 1, 1, 1, 1, 1, 1, 1, 1, 1, 1, 1, 1, 1, 1, 1, 1, 1, 1]",15597,676,279,31,1614,0,0,447386,338,False,False,1.0,16652.0,1.0
sequelize,npm,https://github.com/sequelize/sequelize,MIT,2011-05-03T17:08:41.163Z,2026-03-07T18:44:43.419Z,6.37.8,627,9,100,6634,1711,2840,"[1711, 1129, 726, 488, 445, 223, 214, 168, 131, 105, 86, 81, 66, 58, 55, 54, 41, 33, 30, 28, 27, 26, 25, 21, 20, 19, 17, 17, 16, 16, 16, 15, 15, 15, 14, 13, 13, 13, 12, 12, 12, 11, 11, 10, 10, 10, 9, 9, 9, 9, 9, 9, 8, 8, 8, 8, 8, 8, 8, 8, 7, 7, 7, 7, 7, 7, 7, 7, 7, 7, 7, 7, 6, 6, 6, 6, 6, 6, 6, 6, 6, 6, 6, 6, 6, 6, 5, 5, 5, 5, 5, 5, 5, 5, 5, 5, 5, 5, 5, 5]",27201,4134,422,822,15196,16,60,6025230,2067,False,True,0.625,32196.0,1.0
x-xss-protection,npm,https://github.com/helmetjs/helmet,MIT,2014-10-28T15:04:50.693Z,2020-08-02T16:58:53.713Z,2.0.0,9,1,41,756,694,700,"[1, 1, 1, 1, 1, 694, 2, 1, 1, 1, 6, 1, 1, 6, 1, 1, 1, 1, 1, 1, 2, 1, 1, 4, 1, 1, 1, 1, 2, 1, 1, 2, 1, 3, 1, 3, 2, 1, 1, 1, 1]",9010,370,99,4,365,0,0,2747942,185,False,True,1.0,9524.0,0.9
plop,npm,https://github.com/plopjs/plop,MIT,2014-10-09T16:37:13.140Z,2026-01-22T00:55:08.228Z,4.0.5,63,2,59,606,210,380,"[210, 170, 53, 23, 19, 15, 11, 9, 7, 6, 6, 5, 5, 4, 4, 4, 3, 3, 2, 2, 2, 2, 2, 2, 2, 2, 1, 1, 1, 1, 1, 1, 1, 1, 1, 1, 1, 1, 1, 1, 1, 1, 1, 1, 1, 1, 1, 1, 1, 1, 1, 1, 1, 1, 1, 1, 1, 1, 1]",5864,251,27,44,361,7,6,2233580,125,False,True,0.75,6228.0,0.6830479452054795
@hapi/joi,npm,https://github.com/hapijs/joi,BSD-3-Clause,2019-03-29T20:21:26.749Z,2020-03-14T00:03:53.591Z,17.1.1,28,6,100,1490,538,1044,"[538, 506, 71, 42, 31, 16, 16, 9, 9, 8, 8, 7, 7, 7, 6, 6, 6, 6, 6, 5, 5, 5, 5, 5, 5, 4, 4, 4, 4, 4, 4, 4, 4, 3, 3, 3, 3, 3, 3, 3, 3, 3, 3, 3, 2, 2, 2, 2, 2, 2, 2, 2, 2, 2, 2, 2, 2, 2, 2, 2, 2, 2, 2, 2, 2, 2, 2, 2, 2, 2, 2, 2, 2, 2, 2, 2, 2, 2, 1, 1, 1, 1, 1, 1, 1, 1, 1, 1, 1, 1, 1, 1, 1, 1, 1, 1, 1, 1, 1, 1]",19585,1525,180,140,2891,5,4,12611234,762,True,True,0.5,21392.0,0.0
firebase-admin,npm,https://github.com/firebase/firebase-admin-node,Apache-2.0,2014-07-16T21:17:34.262Z,2026-09-23T20:46:35.212Z,14.5.0,158,4,68,887,285,555,"[285, 270, 105, 44, 24, 22, 12, 7, 6, 6, 5, 5, 5, 4, 4, 4, 4, 4, 4, 3, 3, 3, 3, 2, 2, 2, 2, 2, 2, 2, 2, 2, 2, 1, 1, 1, 1, 1, 1, 1, 1, 1, 1, 1, 1, 1, 1, 1, 1, 1, 1, 1, 1, 1, 1, 1, 1, 1, 1, 1, 1, 1, 1, 1, 1, 1, 1, 1]",1403,336,104,105,1942,7,49,4754359,168,False,True,0.25,1933.0,1.0
source-map-resolve,npm,https://github.com/lydell/source-map-resolve,MIT,2014-03-03T20:08:03.526Z,2020-03-21T22:24:04.207Z,0.6.0,14,1,4,74,67,71,"[2, 67, 1, 4]",68,27,2,2,31,2,5,104079683,13,True,True,1.0,105.0,0.0
@react-native-firebase/firestore,npm,https://github.com/invertase/react-native-firebase,Apache-2.0,2019-02-20T00:15:10.600Z,2026-09-05T03:19:44.548Z,26.4.0,330,4,8,3960,1758,2497,"[1758, 739, 445, 311, 235, 187, 154, 131]",0,0,0,0,20,1,2,125808,5,False,False,1.0,0.0,1.0
@typescript-eslint/typescript-estree,npm,https://github.com/typescript-eslint/typescript-eslint,MIT,2019-01-19T17:13:21.441Z,2026-09-21T17:07:19.738Z,8.70.1,4896,2,100,2963,581,1109,"[581, 528, 453, 318, 190, 68, 63, 52, 44, 38, 37, 37, 36, 32, 28, 25, 23, 19, 19, 15, 14, 12, 12, 10, 10, 9, 9, 9, 9, 8, 8, 8, 7, 7, 7, 7, 7, 7, 6, 6, 6, 5, 5, 5, 5, 5, 5, 4, 4, 4, 4, 4, 4, 4, 4, 4, 4, 4, 4, 3, 3, 3, 3, 3, 3, 3, 3, 3, 3, 3, 3, 3, 3, 3, 3, 3, 3, 3, 2, 2, 2, 2, 2, 2, 2, 2, 2, 2, 2, 2, 2, 2, 2, 2, 2, 2, 2, 2, 2, 2]",12740,2413,90,424,6266,9,8,98811476,1206,False,True,0.75,15343.0,1.0
parse5-htmlparser2-tree-adapter,npm,https://github.com/inikulin/parse5,MIT,2018-05-23T12:53:35.814Z,2026-04-19T20:18:04.807Z,8.0.1,9,5,31,749,490,611,"[1, 1, 490, 1, 3, 4, 1, 60, 121, 2, 2, 6, 1, 6, 24, 1, 1, 1, 1, 1, 2, 1, 2, 1, 1, 1, 1, 6, 1, 4, 1]",2911,229,46,27,607,2,0,28976781,114,False,False,1.0,3217.0,0.5428082191780822
redux-saga,npm,https://github.com/redux-saga/redux-saga/tree/main/packages/core,MIT,2015-12-02T16:19:45.084Z,2026-07-26T17:18:03.559Z,1.5.1,80,2,100,1244,412,697,"[412, 285, 87, 57, 39, 22, 20, 15, 15, 12, 10, 9, 9, 9, 9, 9, 8, 8, 7, 7, 7, 7, 6, 6, 6, 5, 5, 4, 4, 4, 4, 3, 3, 3, 3, 3, 3, 3, 3, 3, 3, 3, 3, 3, 3, 3, 3, 3, 3, 3, 3, 2, 2, 2, 2, 2, 2, 2, 2, 2, 2, 2, 2, 2, 2, 2, 2, 2, 2, 2, 2, 2, 2, 2, 2, 2, 2, 2, 2, 1, 1, 1, 1, 1, 1, 1, 1, 1, 1, 1, 1, 1, 1, 1, 1, 1, 1, 1, 1, 1]",22343,2038,257,29,2320,2,4,4572286,1019,False,False,1.0,24784.0,1.0
mdast-util-to-string,npm,https://github.com/syntax-tree/mdast-util-to-string,MIT,2015-07-02T20:27:33.135Z,2023-07-07T16:19:50.488Z,4.0.0,17,2,4,109,103,106,"[2, 103, 3, 1]",23,8,7,0,9,1,8,28297389,5,False,True,1.0,42.0,0.9
gatsby-image,npm,https://github.com/gatsbyjs/gatsby,MIT,2017-09-30T00:56:58.752Z,2021-08-04T18:04:45.375Z,3.11.0,310,4,8,3720,1651,2345,"[1651, 694, 418, 292, 221, 176, 145, 123]",0,0,0,0,20,3,6,421210,5,True,False,1.0,0.0,0.5027397260273974
hint,npm,https://github.com/webhintio/hint,Apache-2.0,2014-05-16T00:25:04.361Z,2024-08-29T16:35:17.735Z,7.1.13,115,5,100,6140,2140,3178,"[2140, 1038, 997, 459, 371, 331, 247, 105, 53, 34, 34, 30, 30, 22, 21, 18, 13, 12, 11, 10, 10, 10, 9, 7, 6, 6, 5, 4, 4, 4, 4, 4, 3, 3, 3, 3, 2, 2, 2, 2, 2, 2, 2, 2, 2, 2, 2, 2, 2, 2, 2, 1, 1, 1, 1, 1, 1, 1, 1, 1, 1, 1, 1, 1, 1, 1, 1, 1, 1, 1, 1, 1, 1, 1, 1, 1, 1, 1, 1, 1, 1, 1, 1, 1, 1, 1, 1, 1, 1, 1, 1, 1, 1, 1, 1, 1, 1, 1, 1, 1]",3412,487,72,343,5291,18,18,167186,243,False,True,0.5,4072.0,1.0
vee-validate,npm,https://github.com/logaretm/vee-validate,MIT,2016-08-15T03:35:55.598Z,2025-06-07T13:36:24.008Z,4.15.1,347,1,100,3758,3436,3466,"[3436, 30, 17, 11, 10, 9, 9, 5, 5, 5, 5, 5, 4, 4, 4, 4, 4, 4, 4, 4, 4, 4, 4, 4, 4, 4, 3, 3, 3, 3, 3, 3, 3, 3, 3, 3, 3, 3, 3, 3, 3, 3, 3, 3, 2, 2, 2, 2, 2, 2, 2, 2, 2, 2, 2, 2, 2, 2, 2, 2, 2, 2, 2, 2, 2, 2, 2, 2, 2, 2, 2, 2, 2, 2, 2, 2, 2, 2, 2, 2, 2, 2, 2, 2, 2, 2, 2, 2, 2, 1, 1, 1, 1, 1, 1, 1, 1, 1, 1, 1]",9388,1129,118,37,3728,2,0,1596350,564,False,False,1.0,10757.0,1.0
ansi-escapes,npm,https://github.com/sindresorhus/ansi-escapes,MIT,2015-08-14T15:26:46.205Z,2026-02-04T16:21:10.230Z,7.3.0,28,1,12,59,46,49,"[46, 3, 1, 1, 1, 1, 1, 1, 1, 1, 1, 1]",400,48,7,6,29,1,4,159789542,24,False,True,1.0,476.0,1.0
espree,npm,https://github.com/eslint/js,BSD-2-Clause,2014-12-06T03:10:12.402Z,2026-03-06T22:32:40.951Z,11.2.0,103,2,48,348,180,204,"[180, 24, 22, 22, 17, 12, 7, 6, 5, 4, 4, 3, 2, 2, 2, 2, 2, 2, 1, 1, 1, 1, 1, 1, 1, 1, 1, 1, 1, 1, 1, 1, 1, 1, 1, 1, 1, 1, 1, 1, 1, 1, 1, 1, 1, 1, 1, 1]",1942,200,56,4,550,3,2,118628192,100,False,True,1.0,2255.0,1.0
loopback,npm,https://github.com/strongloop/loopback,MIT,2013-09-13T01:45:33.503Z,2020-11-25T22:07:06.129Z,3.28.0,183,4,100,881,314,495,"[314, 181, 22, 21, 19, 17, 16, 15, 14, 13, 11, 11, 10, 10, 10, 9, 8, 8, 7, 6, 6, 6, 5, 5, 5, 4, 4, 4, 4, 4, 4, 4, 3, 3, 3, 3, 3, 3, 3, 3, 2, 2, 2, 2, 2, 2, 2, 2, 2, 2, 2, 2, 2, 2, 2, 2, 2, 2, 2, 2, 1, 1, 1, 1, 1, 1, 1, 1, 1, 1, 1, 1, 1, 1, 1, 1, 1, 1, 1, 1, 1, 1, 1, 1, 1, 1, 1, 1, 1, 1, 1, 1, 1, 1, 1, 1, 1, 1, 1, 1]",13288,1247,426,13,4323,24,36,145285,623,False,True,0.5,15124.0,0.9
evented-require,npm,https://github.com/gulpjs/gulp,MIT,2019-04-27T17:11:07.335Z,2019-04-27T17:11:07.508Z,1.0.0,1,1,99,546,126,189,"[3, 1, 3, 36, 8, 2, 2, 1, 1, 2, 1, 9, 3, 4, 3, 10, 4, 1, 5, 2, 2, 1, 1, 1, 5, 1, 4, 2, 2, 5, 10, 2, 5, 2, 1, 1, 126, 2, 1, 1, 2, 2, 2, 2, 1, 3, 12, 4, 43, 23, 2, 2, 2, 1, 3, 2, 2, 2, 2, 1, 2, 4, 2, 1, 3, 3, 1, 10, 4, 2, 2, 1, 3, 1, 3, 1, 2, 3, 1, 1, 1, 1, 4, 1, 6, 1, 2, 8, 1, 2, 1, 2, 4, 1, 1, 1, 5, 63, 2]",32554,4403,1071,30,2526,1,6,5,2201,True,True,1.0,38127.0,0.0
ajv-formats,npm,https://github.com/ajv-validator/ajv-formats,MIT,2020-01-14T17:57:34.978Z,2024-03-30T11:30:26.728Z,3.0.1,36,3,7,85,72,79,"[1, 1, 2, 1, 1, 7, 72]",112,17,3,26,69,1,15,30368067,8,False,True,1.0,139.0,0.6029109589041096
@hookform/resolvers,npm,https://github.com/react-hook-form/resolvers,MIT,2020-05-20T11:33:35.328Z,2026-08-17T07:36:58.064Z,5.9.1,151,3,36,277,100,181,"[100, 81, 49, 12, 2, 2, 2, 1, 1, 1, 1, 1, 1, 1, 1, 1, 1, 1, 1, 1, 1, 1, 1, 1, 1, 1, 1, 1, 1, 1, 1, 1, 1, 1, 1, 1]",741,80,12,12,451,1,51,3818015,40,False,True,1.0,869.0,1.0
unist-util-is,npm,https://github.com/syntax-tree/unist-util-is,MIT,2015-09-02T10:28:52.097Z,2025-10-16T18:01:47.398Z,6.0.1,20,2,4,104,96,100,"[2, 4, 96, 2]",25,7,7,0,18,1,10,35818685,5,False,True,1.0,44.0,0.9
os-tmpdir,npm,https://github.com/sindresorhus/os-tmpdir,MIT,2015-05-07T19:12:57.265Z,2018-11-08T11:14:15.596Z,2.0.0,4,1,1,10,10,10,[10],34,5,7,0,20,0,2,81431010,5,True,True,1.0,48.0,0.7591609589041095
arr-union,npm,https://github.com/jonschlinkert/arr-union,MIT,2014-12-12T11:05:28.499Z,2016-02-23T12:54:40.819Z,3.1.0,6,1,1,27,27,27,[27],24,10,4,2,3,0,8,74201943,5,False,True,1.0,41.0,0.9
penthouse,npm,https://github.com/pocketjoso/penthouse#master,MIT,2014-06-05T20:17:13.477Z,2022-05-21T17:11:38.461Z,2.3.3,232,2,30,708,612,629,"[2, 1, 612, 1, 1, 4, 17, 4, 1, 3, 5, 1, 6, 1, 1, 3, 1, 1, 1, 3, 6, 2, 2, 10, 3, 1, 1, 8, 1, 5]",2513,158,42,9,345,5,19,125885,79,False,True,0.5,2757.0,1.0
redux-thunk,npm,https://github.com/reduxjs/redux-thunk,MIT,2015-07-13T13:37:49.846Z,2023-12-04T13:50:37.326Z,3.1.0,23,5,43,131,25,50,"[25, 25, 22, 9, 7, 2, 2, 2, 2, 2, 1, 1, 1, 1, 1, 1, 1, 1, 1, 1, 1, 1, 1, 1, 1, 1, 1, 1, 1, 1, 1, 1, 1, 1, 1, 1, 1, 1, 1, 1, 1, 1, 1]",17408,1062,175,3,323,0,11,17608713,531,False,True,1.0,18776.0,1.0
serve-favicon,npm,https://github.com/expressjs/serve-favicon,MIT,2014-05-02T23:24:10.222Z,2025-06-10T10:04:54.695Z,2.5.1,22,2,7,205,195,200,"[1, 1, 1, 1, 195, 5, 1]",600,66,19,0,44,5,11,16238578,125,False,True,0.5,817.0,0.9
levelup,npm,https://github.com/Level/levelup,MIT,2012-08-17T13:09:23.563Z,2021-10-02T09:50:27.503Z,5.1.1,101,3,41,802,305,445,"[305, 140, 120, 64, 36, 34, 15, 13, 9, 7, 7, 6, 4, 4, 3, 3, 3, 2, 2, 2, 2, 2, 1, 1, 1, 1, 1, 1, 1, 1, 1, 1, 1, 1, 1, 1, 1, 1, 1, 1, 1]",4020,291,91,0,723,6,22,3834226,145,True,True,0.75,4503.0,0.9
snowpack4,npm,https://github.com/snowpackjs/snowpack,MIT,2021-08-28T00:11:24.264Z,2021-08-28T01:29:05.047Z,4.0.9,10,1,100,2815,2003,2234,"[7, 3, 2, 8, 18, 10, 4, 2, 2, 6, 2, 13, 2, 2, 4, 3, 2, 5, 3, 1, 3, 3, 2003, 3, 3, 29, 3, 2, 2, 2, 2, 2, 2, 2, 5, 2, 5, 4, 17, 5, 2, 3, 3, 6, 14, 3, 3, 96, 2, 3, 4, 5, 2, 2, 3, 2, 48, 2, 3, 2, 2, 4, 2, 4, 2, 2, 3, 22, 231, 2, 5, 2, 2, 2, 10, 2, 2, 7, 2, 3, 5, 3, 2, 9, 3, 5, 2, 3, 2, 2, 3, 3, 3, 4, 13, 5, 6, 18, 3, 4]",19800,1000,151,396,2359,52,1,15,500,False,False,0.5,21051.0,0.7323630136986302
graphile-utils,npm,https://github.com/graphile/crystal,MIT,2018-06-30T12:04:07.812Z,2026-07-22T10:38:03.102Z,5.0.3,218,1,58,1079,924,953,"[924, 29, 24, 19, 10, 8, 4, 4, 3, 2, 2, 2, 2, 2, 1, 1, 1, 1, 1, 1, 1, 1, 1, 1, 1, 1, 1, 1, 1, 1, 1, 1, 1, 1, 1, 1, 1, 1, 1, 1, 1, 1, 1, 1, 1, 1, 1, 1, 1, 1, 1, 1, 1, 1, 1, 1, 1, 1]",717,130,11,59,823,3,0,158717,65,False,True,0.75,916.0,1.0
extend-shallow,npm,https://github.com/jonschlinkert/extend-shallow,MIT,2014-10-06T08:44:08.862Z,2017-12-20T19:11:38.344Z,3.0.2,13,2,3,46,39,45,"[39, 1, 6]",30,10,4,3,9,2,9,309190258,5,False,True,0.75,48.0,0.9
@commitlint/cli,npm,https://github.com/conventional-changelog/commitlint,MIT,2017-07-10T18:11:04.175Z,2026-09-19T16:51:16.534Z,21.2.3,167,4,100,2966,1028,1902,"[1028, 874, 588, 152, 74, 68, 23, 9, 6, 6, 5, 4, 3, 3, 3, 3, 3, 3, 2, 2, 2, 2, 2, 2, 2, 2, 2, 2, 2, 2, 2, 2, 2, 2, 2, 2, 2, 2, 2, 2, 2, 2, 2, 2, 2, 2, 2, 1, 1, 1, 1, 1, 1, 1, 1, 1, 1, 1, 1, 1, 1, 1, 1, 1, 1, 1, 1, 1, 1, 1, 1, 1, 1, 1, 1, 1, 1, 1, 1, 1, 1, 1, 1, 1, 1, 1, 1, 1, 1, 1, 1, 1, 1, 1, 1, 1, 1, 1, 1, 1]",12970,793,58,128,3491,8,6,7219256,396,False,False,0.8,13926.0,1.0
inferno,npm,https://github.com/infernojs/inferno,MIT,2013-08-25T17:41:31.034Z,2026-04-07T13:22:32.110Z,9.1.0,351,4,100,3151,1459,2325,"[1459, 866, 203, 117, 71, 64, 30, 26, 16, 16, 14, 13, 13, 11, 10, 10, 9, 9, 8, 8, 8, 7, 7, 7, 5, 5, 4, 4, 4, 4, 4, 4, 3, 3, 3, 3, 3, 3, 3, 3, 2, 2, 2, 2, 2, 2, 2, 2, 2, 2, 2, 2, 2, 2, 2, 2, 2, 2, 2, 2, 2, 2, 2, 2, 2, 2, 2, 2, 2, 2, 2, 1, 1, 1, 1, 1, 1, 1, 1, 1, 1, 1, 1, 1, 1, 1, 1, 1, 1, 1, 1, 1, 1, 1, 1, 1, 1, 1, 1, 1]",15597,676,279,31,1614,3,2,455742,338,False,False,1.0,16669.0,1.0
ant-design-vue,npm,https://github.com/vueComponent/ant-design-vue,MIT,2018-08-04T11:02:34.816Z,2024-11-11T09:00:46.901Z,4.2.6,235,1,100,4129,3076,3399,"[3076, 323, 178, 93, 72, 44, 39, 38, 37, 32, 29, 14, 6, 5, 5, 4, 3, 3, 3, 3, 3, 3, 3, 3, 3, 3, 3, 2, 2, 2, 2, 2, 2, 2, 2, 2, 2, 2, 2, 2, 2, 2, 2, 2, 2, 2, 2, 2, 2, 2, 2, 2, 2, 2, 2, 1, 1, 1, 1, 1, 1, 1, 1, 1, 1, 1, 1, 1, 1, 1, 1, 1, 1, 1, 1, 1, 1, 1, 1, 1, 1, 1, 1, 1, 1, 1, 1, 1, 1, 1, 1, 1, 1, 1, 1, 1, 1, 1, 1, 1]",17454,3330,308,168,5978,22,182,330348,1665,False,True,0.7647058823529411,21192.0,1.0
@nrwl/cli,npm,https://github.com/nrwl/nx,MIT,2019-07-04T21:30:56.593Z,2023-04-27T18:46:09.142Z,15.9.3,997,7,100,7215,1547,2554,"[1547, 1007, 702, 507, 424, 343, 320, 205, 197, 185, 123, 118, 113, 107, 103, 98, 90, 88, 79, 60, 57, 54, 48, 45, 43, 31, 30, 22, 20, 16, 16, 14, 13, 13, 13, 12, 12, 11, 11, 11, 11, 10, 10, 10, 9, 9, 9, 9, 8, 8, 8, 7, 7, 7, 7, 7, 6, 6, 6, 5, 5, 5, 5, 5, 5, 5, 5, 5, 4, 4, 4, 4, 4, 4, 4, 4, 4, 4, 4, 4, 3, 3, 3, 3, 3, 3, 3, 3, 3, 3, 3, 3, 3, 3, 3, 3, 3, 3, 3, 3]",16088,1593,146,771,13709,1,0,8315944,796,False,False,1.0,17927.0,1.0
inferno-clone-vnode,npm,https://github.com/infernojs/inferno,MIT,2017-12-07T20:12:17.080Z,2026-04-07T13:22:33.630Z,9.1.0,147,1,100,3151,1459,2325,"[1459, 866, 203, 117, 71, 64, 30, 26, 16, 16, 14, 13, 13, 11, 10, 10, 9, 9, 8, 8, 8, 7, 7, 7, 5, 5, 4, 4, 4, 4, 4, 4, 3, 3, 3, 3, 3, 3, 3, 3, 2, 2, 2, 2, 2, 2, 2, 2, 2, 2, 2, 2, 2, 2, 2, 2, 2, 2, 2, 2, 2, 2, 2, 2, 2, 2, 2, 2, 2, 2, 2, 1, 1, 1, 1, 1, 1, 1, 1, 1, 1, 1, 1, 1, 1, 1, 1, 1, 1, 1, 1, 1, 1, 1, 1, 1, 1, 1, 1, 1]",15597,676,279,31,1614,1,2,264156,338,False,False,1.0,16652.0,1.0
lowdb-cjs,npm,https://github.com/typicode/lowdb,MIT,2021-09-28T17:22:26.267Z,2021-09-28T18:20:16.741Z,3.0.1,2,1,32,426,380,387,"[2, 1, 3, 1, 1, 1, 1, 1, 7, 1, 1, 1, 380, 1, 1, 2, 1, 1, 2, 1, 1, 1, 1, 1, 1, 2, 1, 1, 1, 1, 4, 1]",17842,837,230,7,540,0,13,525,418,False,True,1.0,18941.0,0.9
koa-helmet,npm,https://github.com/venables/koa-helmet,MIT,2014-03-30T02:15:48.713Z,2025-12-28T21:10:49.178Z,9.0.0,40,1,24,182,104,147,"[6, 1, 1, 1, 2, 1, 2, 1, 43, 104, 2, 2, 1, 1, 1, 1, 5, 1, 1, 1, 1, 1, 1, 1]",624,37,7,5,73,0,14,707602,18,False,True,0.75,707.0,0.9
lolex,npm,ssh://git@github.com/sinonjs/lolex,BSD-3-Clause,2014-11-12T21:51:47.902Z,2020-02-04T11:49:06.664Z,6.0.0,44,4,57,462,153,224,"[1, 1, 10, 3, 1, 1, 1, 2, 8, 4, 11, 2, 2, 31, 2, 8, 4, 1, 5, 1, 1, 3, 2, 2, 1, 1, 1, 1, 12, 4, 12, 1, 16, 20, 1, 153, 1, 1, 5, 2, 71, 1, 1, 1, 18, 1, 1, 4, 4, 12, 2, 1, 2, 1, 1, 1, 1]",707,102,18,18,433,1,16,16553117,51,True,True,1.0,890.0,0.7591609589041095
safe-buffer,npm,https://github.com/feross/safe-buffer,MIT,2016-01-13T04:36:59.750Z,2020-05-10T16:37:30.776Z,5.2.1,11,2,8,72,60,64,"[1, 2, 60, 1, 1, 1, 2, 4]",323,40,6,5,34,0,2,345532269,20,False,True,1.0,382.0,0.9
rate-limiter-flexible,npm,https://github.com/animir/node-rate-limiter-flexible,ISC,2018-05-06T15:59:02.551Z,2026-09-17T20:00:21.093Z,11.2.1,196,1,31,487,314,431,"[314, 117, 8, 5, 4, 3, 3, 3, 2, 2, 2, 2, 2, 2, 2, 1, 1, 1, 1, 1, 1, 1, 1, 1, 1, 1, 1, 1, 1, 1, 1]",2286,122,21,7,183,0,27,782080,61,False,True,1.0,2460.0,1.0
trough,npm,https://github.com/wooorm/trough,MIT,2016-08-01T15:37:21.468Z,2024-02-05T15:27:09.053Z,2.2.0,11,1,3,67,63,66,"[1, 3, 63]",54,4,2,0,11,0,8,26470442,5,False,True,1.0,64.0,0.9
hastscript,npm,https://github.com/syntax-tree/hastscript,MIT,2016-02-24T19:21:08.583Z,2025-02-19T13:18:00.722Z,9.0.1,22,2,6,129,124,125,"[124, 1, 1, 1, 1, 1]",100,9,11,1,18,5,14,20890132,5,False,True,1.0,127.0,0.9
redis-parser,npm,https://github.com/NodeRedis/node-redis-parser,MIT,2015-10-20T21:13:05.102Z,2017-05-25T18:52:28.462Z,3.0.0,18,2,6,48,23,39,"[23, 6, 1, 16, 1, 1]",82,35,8,8,62,1,6,17674778,17,False,True,1.0,134.0,0.9
@nswbmw/koa,npm,https://github.com/koajs/koa,MIT,2021-09-07T13:16:32.211Z,2024-11-11T06:26:48.048Z,2.15.3,3,1,100,874,257,507,"[2, 1, 1, 14, 2, 3, 2, 3, 1, 1, 1, 1, 1, 1, 3, 1, 5, 3, 3, 3, 1, 1, 1, 2, 1, 3, 1, 5, 1, 2, 2, 257, 2, 1, 1, 1, 1, 16, 1, 1, 1, 2, 2, 2, 1, 2, 1, 2, 1, 1, 4, 1, 1, 2, 97, 1, 2, 2, 1, 1, 3, 1, 1, 2, 1, 1, 11, 1, 1, 1, 21, 1, 1, 2, 1, 10, 3, 1, 1, 1, 250, 1, 3, 2, 5, 1, 1, 10, 2, 2, 2, 1, 1, 1, 40, 2, 2, 1, 1, 1]",32864,3198,839,52,1635,23,10,4,1599,False,True,0.8,37001.0,0.4099315068493151
react-hook-form,npm,https://github.com/react-hook-form/react-hook-form,MIT,2019-03-20T21:30:15.019Z,2026-09-11T22:51:23.453Z,7.88.0,1098,1,100,3349,2875,2988,"[2875, 113, 88, 25, 20, 16, 16, 16, 15, 8, 7, 6, 6, 5, 4, 3, 3, 3, 3, 3, 3, 3, 3, 3, 2, 2, 2, 2, 2, 2, 2, 2, 2, 2, 2, 2, 2, 2, 2, 2, 2, 2, 2, 2, 2, 2, 2, 2, 2, 2, 1, 1, 1, 1, 1, 1, 1, 1, 1, 1, 1, 1, 1, 1, 1, 1, 1, 1, 1, 1, 1, 1, 1, 1, 1, 1, 1, 1, 1, 1, 1, 1, 1, 1, 1, 1, 1, 1, 1, 1, 1, 1, 1, 1, 1, 1, 1, 1, 1, 1]",32690,1618,166,11,5672,0,38,9280430,809,False,True,1.0,34575.0,1.0
ansi-colors,npm,https://github.com/doowb/ansi-colors,MIT,2015-11-30T17:41:48.492Z,2022-05-16T15:48:22.352Z,4.1.3,29,2,9,105,56,92,"[56, 1, 1, 1, 6, 1, 1, 36, 2]",353,29,6,13,55,0,5,118898178,14,False,True,1.0,400.0,0.9024828767123289
pg-pool,npm,https://github.com/brianc/node-postgres,MIT,2016-06-02T16:57:53.898Z,2026-05-18T12:00:18.362Z,3.14.0,61,1,100,1976,1458,1518,"[4, 7, 10, 4, 2, 2, 7, 17, 9, 37, 2, 3, 5, 60, 1458, 2, 2, 2, 2, 4, 3, 18, 2, 2, 3, 2, 2, 3, 3, 3, 2, 1, 1, 2, 3, 3, 4, 2, 4, 2, 2, 3, 2, 2, 2, 2, 5, 3, 2, 4, 4, 5, 3, 2, 4, 3, 11, 2, 1, 2, 1, 1, 2, 22, 2, 8, 2, 3, 1, 1, 2, 5, 3, 4, 2, 6, 2, 38, 1, 2, 3, 2, 1, 2, 3, 4, 2, 3, 4, 10, 1, 4, 2, 40, 2, 2, 2, 3, 9, 1]",10598,1123,185,383,2787,0,5,13731608,561,False,True,1.0,12009.0,0.110958904109589
expect-ct,npm,https://github.com/helmetjs/helmet,MIT,2017-05-04T22:28:04.735Z,2020-08-02T16:55:57.674Z,1.0.0,5,1,41,756,694,700,"[1, 1, 1, 1, 1, 694, 2, 1, 1, 1, 1, 1, 1, 6, 1, 1, 1, 1, 1, 6, 2, 2, 1, 1, 1, 1, 1, 1, 2, 4, 1, 2, 1, 3, 1, 3, 1, 1, 1, 1, 1]",9015,370,99,4,365,0,0,991359,185,False,True,1.0,9525.0,0.9
react-native-firebase,npm,https://github.com/invertase/react-native-firebase,Apache-2.0,2015-10-17T08:21:07.012Z,2019-12-10T07:46:26.396Z,5.6.0,145,4,100,4382,2358,2946,"[3, 30, 73, 2, 2, 2, 2, 2, 2, 2, 2, 2, 2, 12, 3, 2, 4, 6, 2, 3, 39, 2, 9, 4, 16, 2, 2, 2, 2, 447, 8, 2, 2, 4, 3, 3, 2, 9, 3, 3, 3, 2, 2, 3, 2, 2, 2, 8, 6, 2, 4, 522, 2358, 2, 3, 2, 588, 16, 2, 3, 2, 2, 3, 2, 2, 2, 2, 2, 2, 2, 2, 2, 3, 3, 4, 2, 3, 3, 2, 2, 2, 2, 2, 2, 7, 2, 3, 3, 4, 2, 3, 2, 14, 4, 11, 2, 2, 8, 4, 2]",10088,2015,177,65,5531,2,27,46409,1007,True,False,1.0,12392.0,0.0
argparse,npm,https://github.com/nodeca/argparse,PSF-2.0,2012-05-16T20:16:27.775Z,2026-09-10T18:44:02.120Z,3.0.2,33,1,20,186,91,140,"[1, 1, 2, 1, 1, 1, 2, 14, 1, 49, 2, 2, 2, 3, 91, 1, 1, 1, 8, 2]",445,61,18,1,168,0,2,177104382,30,False,True,1.0,566.0,0.9
dompurify,npm,https://github.com/cure53/DOMPurify,Apache-2.0,2014-05-21T18:34:38.970Z,2026-09-23T15:29:57.247Z,3.4.16,153,1,83,1327,842,944,"[842, 102, 58, 42, 32, 28, 19, 17, 14, 14, 13, 10, 8, 7, 6, 5, 5, 5, 5, 4, 4, 4, 3, 3, 3, 3, 2, 2, 2, 2, 2, 2, 2, 2, 2, 2, 2, 2, 2, 2, 1, 1, 1, 1, 1, 1, 1, 1, 1, 1, 1, 1, 1, 1, 1, 1, 1, 1, 1, 1, 1, 1, 1, 1, 1, 1, 1, 1, 1, 1, 1, 1, 1, 1, 1, 1, 1, 1, 1, 1, 1, 1, 1]",10214,632,141,2,744,0,25,10844579,316,False,True,1.0,11087.0,1.0
webpack-cli,npm,https://github.com/webpack/webpack-cli,MIT,2015-05-30T16:03:23.836Z,2026-08-28T10:59:09.124Z,7.2.3,134,6,100,2984,483,955,"[483, 472, 337, 262, 247, 206, 194, 123, 106, 73, 60, 59, 46, 39, 22, 19, 19, 16, 13, 13, 12, 10, 10, 7, 7, 6, 6, 5, 5, 4, 4, 4, 4, 4, 4, 4, 3, 3, 3, 3, 2, 2, 2, 2, 2, 2, 2, 1, 1, 1, 1, 1, 1, 1, 1, 1, 1, 1, 1, 1, 1, 1, 1, 1, 1, 1, 1, 1, 1, 1, 1, 1, 1, 1, 1, 1, 1, 1, 1, 1, 1, 1, 1, 1, 1, 1, 1, 1, 1, 1, 1, 1, 1, 1, 1, 1, 1, 1, 1, 1]",2437,549,53,40,3504,8,1,31281219,274,False,False,1.0,3150.0,1.0
has-values,npm,https://github.com/jonschlinkert/has-values,MIT,2015-03-25T02:12:55.847Z,2018-01-31T01:03:10.470Z,2.0.1,7,1,1,21,21,21,[21],23,4,2,2,4,1,2,141965770,5,False,True,1.0,32.0,0.9
lmdb,npm,ssh://git@github.com/kriszyp/lmdb-js,MIT,2013-05-31T04:44:45.771Z,2026-06-18T14:00:19.225Z,3.5.6,197,3,28,1692,1412,1607,"[1412, 195, 27, 6, 5, 4, 4, 4, 4, 3, 3, 3, 2, 2, 2, 2, 2, 2, 1, 1, 1, 1, 1, 1, 1, 1, 1, 1]",289,25,12,20,175,6,14,2768690,12,False,True,0.8181818181818181,356.0,1.0
next-build-id,npm,https://github.com/nexdrew/next-build-id,ISC,2017-12-13T16:41:47.225Z,2019-08-16T13:45:34.785Z,3.0.0,9,1,3,24,17,23,"[6, 1, 17]",277,12,3,7,56,0,6,96436,6,False,True,1.0,295.0,0.9
path-is-absolute,npm,https://github.com/sindresorhus/path-is-absolute,MIT,2015-02-17T03:11:44.044Z,2018-11-08T11:03:52.447Z,2.0.0,3,1,2,11,10,11,"[10, 1]",39,9,6,0,4,0,1,144601769,8,True,True,1.0,64.0,0.7591609589041095
pg,npm,https://github.com/brianc/node-postgres,MIT,2010-12-19T22:44:11.618Z,2026-08-08T19:27:05.108Z,8.23.0,249,1,100,1997,1466,1526,"[1466, 60, 48, 38, 37, 28, 18, 17, 11, 10, 10, 9, 9, 8, 7, 6, 5, 5, 5, 5, 5, 4, 4, 4, 4, 4, 4, 4, 4, 4, 4, 4, 4, 3, 3, 3, 3, 3, 3, 3, 3, 3, 3, 3, 3, 3, 3, 3, 3, 3, 2, 2, 2, 2, 2, 2, 2, 2, 2, 2, 2, 2, 2, 2, 2, 2, 2, 2, 2, 2, 2, 2, 2, 2, 2, 2, 2, 2, 2, 2, 2, 2, 2, 2, 2, 2, 2, 2, 2, 2, 2, 1, 1, 1, 1, 1, 1, 1, 1, 1]",10835,1139,184,410,2874,6,9,16581785,569,False,True,0.75,12435.0,0.8554794520547946
esprima,npm,https://github.com/jquery/esprima,BSD-2-Clause,2011-11-25T05:45:39.271Z,2018-07-13T08:39:14.711Z,4.0.1,46,1,65,1228,1016,1058,"[1016, 42, 26, 13, 12, 10, 9, 8, 7, 7, 6, 4, 4, 3, 3, 3, 2, 2, 2, 2, 2, 2, 1, 1, 1, 1, 1, 1, 1, 1, 1, 1, 1, 1, 1, 1, 1, 1, 1, 1, 1, 1, 1, 1, 1, 1, 1, 1, 1, 1, 1, 1, 1, 1, 1, 1, 1, 1, 1, 1, 1, 1, 1, 1, 1]",6639,789,152,140,1431,0,26,156088918,394,False,True,1.0,7717.0,0.7591609589041095
gulp,npm,https://github.com/gulpjs/gulp,MIT,2013-07-04T23:27:07.828Z,2025-06-01T21:54:34.542Z,5.0.1,68,2,100,537,127,190,"[127, 63, 43, 36, 23, 10, 10, 10, 9, 8, 8, 6, 5, 5, 5, 5, 5, 4, 4, 4, 4, 4, 4, 4, 4, 3, 3, 3, 3, 3, 3, 3, 3, 3, 3, 3, 2, 2, 2, 2, 2, 2, 2, 2, 2, 2, 2, 2, 2, 2, 2, 2, 2, 2, 2, 2, 2, 2, 2, 2, 2, 2, 2, 2, 2, 2, 1, 1, 1, 1, 1, 1, 1, 1, 1, 1, 1, 1, 1, 1, 1, 1, 1, 1, 1, 1, 1, 1, 1, 1, 1, 1, 1, 1, 1, 1, 1, 1, 1, 1]",32664,4390,1060,30,2540,4,8,5385564,2195,False,True,1.0,39624.0,0.0
json-parse-better-errors,npm,https://github.com/zkat/json-parse-better-errors,MIT,2017-08-15T23:15:29.428Z,2018-03-30T15:08:03.275Z,1.0.2,3,1,2,8,7,8,"[1, 7]",63,10,2,3,4,0,6,77122795,5,False,True,1.0,77.0,0.9
ssri,npm,https://github.com/npm/ssri,ISC,2017-03-23T04:56:05.227Z,2026-05-08T18:33:10.421Z,14.0.0,44,4,13,162,93,111,"[93, 18, 16, 11, 6, 5, 4, 4, 1, 1, 1, 1, 1]",41,20,10,1,63,1,3,104633173,10,False,True,1.0,86.0,0.9425513698630136
ajv,npm,https://github.com/ajv-validator/ajv,MIT,2015-05-29T22:33:14.989Z,2026-04-24T15:22:16.529Z,8.20.0,359,2,100,2149,1791,1836,"[1791, 45, 37, 30, 21, 20, 16, 14, 12, 7, 6, 6, 4, 4, 4, 4, 3, 3, 3, 3, 3, 3, 3, 3, 2, 2, 2, 2, 2, 2, 2, 2, 2, 2, 2, 2, 2, 2, 2, 2, 2, 2, 2, 2, 2, 2, 2, 2, 2, 2, 2, 2, 1, 1, 1, 1, 1, 1, 1, 1, 1, 1, 1, 1, 1, 1, 1, 1, 1, 1, 1, 1, 1, 1, 1, 1, 1, 1, 1, 1, 1, 1, 1, 1, 1, 1, 1, 1, 1, 1, 1, 1, 1, 1, 1, 1, 1, 1, 1, 1]",12004,868,108,219,2180,4,40,301184400,434,False,True,1.0,13181.0,0.7912671232876712
ccxt,npm,https://github.com/ccxt/ccxt,MIT,2017-06-28T14:39:51.669Z,2026-09-24T11:13:18.215Z,4.5.84,2016,2,100,36812,21369,24948,"[137, 34, 37, 45, 60, 127, 49, 19, 1117, 469, 33, 11, 19, 12, 27, 11, 33, 15, 143, 13, 9, 526, 181, 193, 10, 23, 24, 8, 13, 9, 15, 9, 6, 8, 27, 1789, 12, 25, 14, 50, 62, 21, 416, 55, 11, 20, 12, 21369, 29, 49, 12, 15, 15, 9, 19, 8, 13, 12, 54, 22, 18, 1819, 9, 35, 478, 12, 12, 21, 20, 9, 23, 11, 13, 743, 33, 22, 7, 28, 9, 16, 12, 399, 31, 99, 9, 749, 19, 3579, 17, 13, 19, 765, 46, 11, 20, 16, 35, 12, 20, 18]",26910,6586,934,948,16414,6,36,86994,3293,False,True,1.0,34557.0,1.0
@redocly/ajv,npm,https://github.com/Redocly/ajv,MIT,2020-06-26T09:46:33.073Z,2026-04-06T16:34:07.396Z,8.18.3,22,5,100,2107,1765,1810,"[1765, 45, 37, 28, 21, 16, 14, 12, 7, 7, 6, 6, 4, 4, 4, 4, 3, 3, 3, 3, 3, 3, 3, 2, 2, 2, 2, 2, 2, 2, 2, 2, 2, 2, 2, 2, 2, 2, 2, 2, 2, 2, 2, 2, 2, 2, 2, 2, 2, 2, 2, 2, 1, 1, 1, 1, 1, 1, 1, 1, 1, 1, 1, 1, 1, 1, 1, 1, 1, 1, 1, 1, 1, 1, 1, 1, 1, 1, 1, 1, 1, 1, 1, 1, 1, 1, 1, 1, 1, 1, 1, 1, 1, 1, 1, 1, 1, 1, 1, 1]",11761,851,109,247,2132,4,41,1039359,425,False,True,1.0,12821.0,0.9425513698630136
@sindresorhus/is,npm,https://github.com/sindresorhus/is,MIT,2017-09-21T17:54:29.643Z,2026-05-11T11:22:36.268Z,8.1.0,63,1,42,184,114,122,"[3, 1, 2, 3, 1, 2, 5, 1, 1, 1, 1, 1, 2, 1, 1, 8, 1, 2, 1, 3, 1, 3, 1, 4, 1, 1, 1, 2, 1, 1, 1, 1, 1, 1, 2, 114, 1, 1, 1, 1, 1, 2]",1382,101,19,12,170,0,12,69503912,50,False,True,1.0,1547.0,1.0
boom,npm,https://github.com/hapijs/boom,BSD-3-Clause,2013-01-12T22:26:10.641Z,2018-11-28T20:32:58.107Z,7.3.0,69,4,48,223,83,128,"[1, 1, 8, 1, 3, 1, 1, 3, 1, 1, 2, 2, 2, 1, 1, 1, 45, 7, 3, 2, 1, 1, 2, 1, 2, 3, 1, 83, 4, 1, 1, 8, 2, 1, 1, 2, 2, 1, 2, 3, 1, 1, 4, 4, 1, 1, 1, 1]",2890,215,45,4,297,1,3,9742606,117,True,True,1.0,3315.0,0.0
@typescript-eslint/parser,npm,https://github.com/typescript-eslint/typescript-eslint,MIT,2019-01-19T17:13:21.526Z,2026-09-21T17:09:44.706Z,8.70.1,4892,2,100,2963,581,1109,"[581, 528, 453, 318, 190, 68, 63, 52, 44, 38, 37, 37, 36, 32, 28, 25, 23, 19, 19, 15, 14, 12, 12, 10, 10, 9, 9, 9, 9, 8, 8, 8, 7, 7, 7, 7, 7, 7, 6, 6, 6, 5, 5, 5, 5, 5, 5, 4, 4, 4, 4, 4, 4, 4, 4, 4, 4, 4, 4, 3, 3, 3, 3, 3, 3, 3, 3, 3, 3, 3, 3, 3, 3, 3, 3, 3, 3, 3, 2, 2, 2, 2, 2, 2, 2, 2, 2, 2, 2, 2, 2, 2, 2, 2, 2, 2, 2, 2, 2, 2]",12740,2413,90,424,6266,5,7,70497411,1206,False,True,1.0,15343.0,1.0
snowpack,npm,https://github.com/snowpackjs/snowpack,MIT,2019-11-09T19:45:48.454Z,2021-08-26T17:17:29.165Z,3.8.8,229,3,100,2815,2003,2234,"[7, 3, 2, 8, 2, 10, 4, 2, 2, 6, 2, 13, 2, 2, 4, 3, 2, 5, 3, 1, 3, 3, 2003, 3, 3, 29, 4, 2, 2, 2, 2, 2, 2, 2, 5, 2, 5, 4, 17, 5, 2, 3, 3, 6, 14, 3, 3, 96, 2, 3, 4, 2, 2, 3, 2, 48, 2, 3, 2, 3, 4, 2, 4, 2, 2, 3, 22, 5, 2, 5, 18, 2, 2, 10, 2, 7, 2, 231, 2, 6, 9, 3, 5, 2, 5, 2, 3, 5, 3, 3, 4, 2, 13, 18, 2, 3, 3, 3, 2, 3]",19800,1000,151,396,2359,52,1,102261,500,False,False,0.5,21051.0,1.0
http-proxy-middleware,npm,https://github.com/chimurai/http-proxy-middleware,MIT,2015-03-14T21:57:46.940Z,2026-07-04T21:49:09.221Z,4.2.0,108,1,29,355,319,324,"[1, 1, 1, 1, 5, 1, 1, 1, 1, 3, 1, 1, 319, 1, 1, 2, 1, 1, 1, 1, 1, 2, 1, 1, 1, 1, 1, 1, 1]",9195,753,120,67,686,5,32,57249000,376,False,True,0.75,10182.0,1.0
urix,npm,https://github.com/lydell/urix,MIT,2014-03-01T21:02:32.481Z,2014-03-01T21:02:32.481Z,0.1.0,1,1,2,6,5,6,"[5, 1]",56,29,4,0,4,0,2,74159150,14,True,True,1.0,91.0,0.0
ansi-styles,npm,https://github.com/chalk/ansi-styles,MIT,2013-07-31T23:00:29.145Z,2026-07-26T14:57:36.835Z,7.0.0,29,1,2,348,245,348,"[245, 103]",0,0,0,0,20,0,4,851116255,11,False,True,1.0,11.0,1.0
egg,npm,https://github.com/eggjs/egg,MIT,2013-08-08T03:49:43.401Z,2026-01-18T06:35:38.018Z,3.34.0,278,13,100,927,177,352,"[177, 175, 134, 132, 30, 21, 16, 15, 13, 9, 8, 8, 8, 8, 7, 6, 6, 6, 5, 5, 4, 4, 4, 4, 4, 3, 3, 3, 3, 3, 3, 3, 3, 3, 3, 3, 2, 2, 2, 2, 2, 2, 2, 2, 2, 2, 2, 2, 2, 2, 2, 2, 2, 2, 2, 2, 2, 1, 1, 1, 1, 1, 1, 1, 1, 1, 1, 1, 1, 1, 1, 1, 1, 1, 1, 1, 1, 1, 1, 1, 1, 1, 1, 1, 1, 1, 1, 1, 1, 1, 1, 1, 1, 1, 1, 1, 1, 1, 1, 1]",18307,1789,474,256,5083,42,35,356173,894,False,True,0.951219512195122,20685.0,1.0
ienoopen,npm,https://github.com/helmetjs/helmet,MIT,2014-10-28T14:28:38.096Z,2020-06-16T16:15:55.480Z,1.1.1,4,1,41,756,694,700,"[1, 1, 1, 1, 1, 694, 2, 1, 1, 1, 6, 1, 1, 6, 1, 1, 1, 1, 4, 1, 2, 2, 1, 1, 1, 1, 1, 1, 1, 2, 1, 2, 1, 3, 1, 3, 1, 1, 1, 1, 1]",9021,376,99,6,367,0,0,1008775,188,False,True,1.0,9538.0,0.9
tcomb-validation,npm,https://github.com/gcanti/tcomb-validation,MIT,2014-08-24T17:34:38.228Z,2017-08-16T06:09:29.952Z,3.4.1,35,1,6,91,85,87,"[85, 1, 1, 1, 2, 1]",400,20,12,13,70,1,2,3492508,10,False,True,1.0,439.0,0.9
hoek,npm,https://github.com/hapijs/hoek,BSD-3-Clause,2012-09-16T17:20:24.700Z,2019-03-27T00:32:16.115Z,6.1.3,116,5,46,428,119,176,"[9, 8, 1, 1, 41, 57, 2, 1, 2, 6, 3, 4, 1, 17, 4, 2, 3, 1, 1, 2, 2, 38, 11, 5, 5, 1, 28, 2, 2, 3, 9, 2, 1, 2, 1, 1, 2, 3, 119, 16, 3, 1, 1, 1, 1, 2]",473,170,52,3,382,0,2,15240367,85,True,True,1.0,773.0,0.0
secure-json-parse,npm,https://github.com/fastify/secure-json-parse,BSD-3-Clause,2019-04-29T14:35:36.964Z,2025-10-05T12:41:31.433Z,4.1.0,17,6,19,143,34,60,"[34, 26, 25, 12, 11, 9, 6, 4, 3, 2, 2, 2, 1, 1, 1, 1, 1, 1, 1]",168,11,12,0,90,0,8,7492254,5,False,True,1.0,210.0,1.0
formik,npm,https://github.com/jaredpalmer/formik,Apache-2.0,2017-06-14T19:53:09.868Z,2025-11-10T17:02:05.434Z,2.4.9,214,1,98,1225,1002,1013,"[1, 4, 3, 2, 1, 1, 4, 2, 1, 1, 2, 2, 2, 1, 2, 8, 7, 8, 1, 1, 1, 4, 2, 2, 4, 1, 5, 1002, 1, 1, 11, 1, 3, 1, 2, 1, 2, 2, 2, 2, 1, 2, 1, 2, 2, 3, 1, 2, 1, 1, 2, 2, 1, 2, 1, 2, 2, 2, 3, 1, 1, 1, 3, 3, 3, 1, 2, 1, 3, 2, 1, 2, 6, 9, 2, 2, 2, 2, 2, 1, 1, 2, 9, 5, 2, 1, 1, 1, 1, 4, 2, 1, 1, 2, 2, 1, 1, 1]",30738,2560,236,728,3276,8,11,8132748,1280,False,True,0.5,33653.0,0.8331335616438356
express-rate-limit,npm,https://github.com/express-rate-limit/express-rate-limit,MIT,2014-12-11T01:58:05.543Z,2026-08-29T00:49:51.601Z,8.7.0,130,2,54,497,222,364,"[222, 142, 11, 10, 10, 9, 9, 7, 5, 5, 5, 4, 4, 3, 3, 3, 2, 2, 2, 2, 2, 2, 2, 1, 1, 1, 1, 1, 1, 1, 1, 1, 1, 1, 1, 1, 1, 1, 1, 1, 1, 1, 1, 1, 1, 1, 1, 1, 1, 1, 1, 1, 1, 1]",2241,192,15,11,318,2,25,2331862,96,False,True,1.0,2548.0,1.0
@oroinc/bootstrap,npm,https://github.com/oroinc/bootstrap,MIT,2021-10-06T16:37:17.641Z,2026-08-19T13:45:15.462Z,4.3.1-oro4,4,5,15,450,175,248,"[175, 73, 44, 31, 23, 19, 15, 13, 11, 10, 9, 8, 7, 6, 6]",350,120,25,12,140,0,44,1842100,5,False,False,0.0,0.0,0.0
regexpp,npm,https://github.com/mysticatea/regexpp,MIT,2018-02-28T10:17:11.684Z,2021-06-14T11:06:58.407Z,3.2.0,10,1,4,50,47,48,"[47, 1, 1, 1]",123,10,5,10,28,0,18,96424687,5,False,True,1.0,142.0,0.9
bootstrap,npm,https://github.com/twbs/bootstrap,MIT,2011-08-28T02:47:43.832Z,2025-08-26T14:39:00.539Z,5.3.8,68,3,100,15672,7024,8846,"[74, 5, 5, 7024, 372, 28, 5, 161, 8, 16, 70, 24, 34, 6, 6, 25, 1804, 7, 49, 17, 26, 7, 8, 25, 8, 18, 6, 19, 7, 6, 109, 8, 41, 23, 7, 11, 8, 21, 11, 8, 297, 9, 13, 17, 19, 43, 5, 38, 13, 63, 5, 14, 5, 5, 29, 221, 7, 15, 7, 6, 83, 63, 113, 12, 88, 8, 7, 95, 22, 18, 4, 7, 23, 16, 439, 5, 5, 5, 29, 8, 230, 6, 8, 157, 365, 6, 12, 53, 12, 825, 1822, 6, 18, 44, 16, 6, 65, 11, 6, 6]",160972,77680,6856,370,35835,0,73,18680170,38840,False,True,1.0,245918.0,1.0
helmet,npm,https://github.com/helmetjs/helmet,MIT,2012-02-02T18:58:33.918Z,2026-07-12T01:20:06.201Z,8.3.0,135,2,43,774,709,716,"[709, 7, 6, 4, 3, 3, 2, 2, 2, 2, 2, 1, 1, 1, 1, 1, 1, 1, 1, 1, 1, 1, 1, 1, 1, 1, 1, 1, 1, 1, 1, 1, 1, 1, 1, 1, 1, 1, 1, 1, 1, 1, 1]",9279,391,99,4,385,0,0,9631445,282,False,True,1.0,10094.0,0.9
unist-util-visit-parents,npm,https://github.com/syntax-tree/unist-util-visit-parents,MIT,2016-03-25T13:55:33.557Z,2025-10-16T18:20:45.045Z,6.0.2,25,2,4,107,103,105,"[1, 1, 103, 2]",30,6,8,0,12,2,16,36112802,5,False,True,1.0,48.0,0.9
swiper,npm,https://github.com/nolimits4web/Swiper,MIT,2014-12-10T14:37:24.150Z,2026-08-26T17:47:46.281Z,14.2.0,365,1,100,2416,1796,2098,"[1796, 302, 28, 23, 16, 15, 14, 11, 8, 7, 7, 7, 7, 6, 6, 6, 5, 4, 4, 4, 4, 4, 3, 3, 3, 3, 3, 3, 3, 3, 3, 3, 3, 3, 2, 2, 2, 2, 2, 2, 2, 2, 2, 2, 2, 2, 2, 2, 2, 2, 2, 2, 2, 2, 2, 2, 2, 2, 2, 2, 2, 2, 2, 2, 1, 1, 1, 1, 1, 1, 1, 1, 1, 1, 1, 1, 1, 1, 1, 1, 1, 1, 1, 1, 1, 1, 1, 1, 1, 1, 1, 1, 1, 1, 1, 1, 1, 1, 1, 1]",33575,9653,694,269,5420,0,0,5991823,4826,False,False,1.0,44056.0,1.0
flatted,npm,https://github.com/WebReflection/flatted,ISC,2018-04-26T09:50:37.331Z,2026-07-30T09:53:10.155Z,3.4.4,44,1,11,94,84,85,"[1, 1, 84, 1, 1, 1, 1, 1, 1, 1, 1]",828,46,10,0,59,0,14,106254210,23,False,True,1.0,895.0,0.9
firebase,npm,https://github.com/firebase/firebase-js-sdk,Apache-2.0,2012-02-21T23:57:52.588Z,2026-09-09T19:20:03.458Z,12.19.0,4215,4,100,3345,660,1182,"[660, 522, 456, 188, 138, 137, 114, 109, 100, 99, 91, 73, 50, 40, 36, 34, 34, 30, 28, 26, 26, 25, 25, 20, 18, 16, 14, 13, 12, 10, 10, 10, 8, 8, 7, 7, 7, 6, 6, 6, 6, 6, 6, 5, 5, 4, 4, 4, 4, 4, 4, 4, 4, 3, 3, 3, 3, 3, 2, 2, 2, 2, 2, 2, 2, 2, 2, 1, 1, 1, 1, 1, 1, 1, 1, 1, 1, 1, 1, 1, 1, 1, 1, 1, 1, 1, 1, 1, 1, 1, 1, 1, 1, 1, 1, 1, 1, 1, 1, 1]",4344,810,194,553,6684,28,11,4518355,405,False,True,1.0,5577.0,1.0
mssql,npm,https://github.com/tediousjs/node-mssql,MIT,2013-08-10T23:27:58.461Z,2026-09-10T14:02:07.792Z,12.7.2,195,4,77,764,335,600,"[1, 1, 3, 1, 1, 3, 2, 335, 1, 1, 1, 1, 5, 1, 1, 1, 1, 1, 1, 1, 1, 1, 2, 1, 1, 2, 1, 1, 2, 1, 1, 1, 2, 1, 1, 2, 1, 7, 8, 3, 1, 2, 1, 1, 2, 1, 2, 1, 1, 1, 1, 1, 1, 5, 2, 1, 1, 12, 1, 1, 2, 265, 1, 1, 1, 1, 2, 2, 19, 4, 1, 17, 1, 1, 1, 1, 2]",2043,446,84,12,1420,5,9,1161707,223,False,True,1.0,2786.0,1.0
release-it,npm,https://github.com/release-it/release-it,MIT,2014-01-15T01:28:40.551Z,2026-09-18T06:51:09.884Z,21.1.0,443,1,2,5316,3742,5316,"[3742, 1574]",5979,486,34,19,954,22,15,789723,243,False,True,0.7692307692307692,6530.0,1.0
classnames,npm,https://github.com/JedWatson/classnames,MIT,2014-11-05T01:18:18.680Z,2023-12-29T15:55:16.013Z,2.5.1,30,2,41,241,90,155,"[90, 65, 12, 7, 7, 6, 4, 4, 4, 4, 3, 2, 2, 2, 2, 2, 1, 1, 1, 1, 1, 1, 1, 1, 1, 1, 1, 1, 1, 1, 1, 1, 1, 1, 1, 1, 1, 1, 1, 1, 1]",15822,539,131,6,281,0,10,43583461,269,False,True,1.0,16761.0,1.0
cli-progress,npm,https://github.com/npkgz/cli-progress,MIT,2015-12-13T17:56:55.421Z,2023-02-19T11:24:29.315Z,3.12.0,39,1,17,118,90,98,"[1, 1, 1, 8, 5, 1, 1, 1, 1, 1, 1, 1, 1, 90, 1, 2, 1]",701,68,6,2,127,1,3,10545642,34,False,True,0.75,798.0,0.9
antd,npm,https://github.com/ant-design/ant-design,MIT,2015-06-23T08:52:43.206Z,2026-09-20T09:10:07.567Z,6.6.5,943,7,100,17920,8269,10104,"[183, 25, 235, 49, 61, 17, 24, 12, 11, 60, 162, 22, 14, 11, 55, 29, 16, 28, 13, 66, 11, 10, 740, 173, 10, 35, 22, 1079, 18, 141, 17, 40, 510, 67, 44, 195, 55, 12, 27, 63, 22, 13, 21, 22, 1835, 493, 11, 33, 15, 295, 31, 33, 12, 32, 14, 12, 129, 238, 16, 48, 22, 17, 11, 8269, 183, 13, 116, 35, 19, 33, 21, 38, 27, 32, 36, 35, 16, 13, 83, 18, 55, 19, 119, 39, 20, 19, 11, 11, 427, 31, 11, 11, 137, 66, 49, 19, 15, 108, 11, 18]",83824,37784,192,943,38779,48,169,3657856,18892,False,True,0.6595744680851063,121956.0,1.0
foundation-sites,npm,https://github.com/foundation/foundation-sites,MIT,2015-04-30T17:40:17.819Z,2024-09-27T20:02:35.745Z,6.9.0,63,4,100,7722,1252,2435,"[194, 6, 71, 855, 14, 22, 23, 6, 5, 6, 8, 6, 55, 5, 59, 7, 1252, 11, 12, 12, 7, 188, 8, 220, 8, 7, 18, 5, 22, 6, 8, 24, 170, 6, 5, 5, 30, 5, 10, 548, 25, 9, 19, 5, 47, 5, 8, 6, 6, 273, 5, 17, 11, 23, 12, 16, 7, 7, 5, 6, 121, 5, 789, 8, 10, 556, 58, 6, 5, 11, 10, 5, 9, 9, 8, 32, 8, 7, 17, 6, 12, 7, 5, 12, 6, 1183, 11, 35, 8, 7, 6, 85, 13, 31, 11, 5, 44, 12, 99, 9]",29255,5652,1292,19,12225,0,66,452918,2826,False,True,1.0,36315.0,1.0
@react-native-firebase/app,npm,https://github.com/invertase/react-native-firebase,Apache-2.0,2019-01-29T15:10:17.911Z,2026-09-05T01:50:01.122Z,26.4.0,318,4,100,4627,2447,3185,"[2447, 738, 527, 447, 79, 39, 30, 16, 16, 14, 11, 9, 9, 8, 8, 7, 7, 6, 6, 6, 4, 4, 4, 4, 4, 4, 4, 4, 3, 3, 3, 3, 3, 3, 3, 3, 3, 3, 3, 3, 3, 3, 3, 3, 3, 3, 3, 3, 3, 2, 2, 2, 2, 2, 2, 2, 2, 2, 2, 2, 2, 2, 2, 2, 2, 2, 2, 2, 2, 2, 2, 2, 2, 2, 2, 2, 2, 2, 2, 2, 2, 2, 2, 2, 2, 2, 2, 2, 2, 2, 2, 2, 2, 2, 2, 2, 2, 2, 2, 2]",10490,2108,174,87,5819,1,2,1157586,1054,False,False,0.75,12872.0,1.0
@webassemblyjs/wasm-parser,npm,https://github.com/xtuc/webassemblyjs,MIT,2018-02-25T19:13:25.346Z,2024-11-06T21:53:38.577Z,1.14.1,89,1,30,1417,1222,1334,"[3, 4, 1, 2, 6, 2, 1, 1222, 1, 1, 112, 1, 1, 17, 1, 2, 2, 1, 1, 6, 4, 2, 5, 2, 1, 2, 1, 7, 5, 1]",669,82,9,74,1132,6,7,81393554,41,False,True,0.5,790.0,1.0
fraction.js,npm,ssh://git@github.com/rawify/Fraction.js,MIT,2014-03-12T01:46:09.440Z,2025-08-22T11:44:45.549Z,5.3.4,70,1,9,257,243,246,"[3, 243, 3, 1, 1, 3, 1, 1, 1]",382,56,12,5,54,0,2,24716226,28,False,True,1.0,460.0,0.930222602739726
graphile-build,npm,https://github.com/graphile/crystal,MIT,2017-08-01T17:24:38.548Z,2026-07-29T07:06:59.225Z,5.1.1,211,1,58,1079,924,953,"[924, 29, 24, 19, 10, 8, 4, 4, 3, 2, 2, 2, 2, 2, 1, 1, 1, 1, 1, 1, 1, 1, 1, 1, 1, 1, 1, 1, 1, 1, 1, 1, 1, 1, 1, 1, 1, 1, 1, 1, 1, 1, 1, 1, 1, 1, 1, 1, 1, 1, 1, 1, 1, 1, 1, 1, 1, 1]",717,130,11,59,823,13,0,135098,65,False,True,0.5,916.0,1.0
css-tree,npm,https://github.com/csstree/csstree,MIT,2016-09-12T19:34:13.785Z,2026-03-05T14:12:36.884Z,3.2.1,60,2,19,1087,1065,1067,"[1065, 2, 2, 2, 2, 1, 1, 1, 1, 1, 1, 1, 1, 1, 1, 1, 1, 1, 1]",1614,90,21,33,215,2,7,98411954,45,False,True,1.0,1746.0,1.0
@formatjs/intl-unified-numberformat,npm,https://github.com/formatjs/formatjs,MIT,2019-08-16T20:55:38.893Z,2020-05-16T01:54:56.316Z,3.3.7,43,3,100,3534,2008,2625,"[3, 82, 1, 617, 4, 7, 1, 1, 2, 13, 1, 1, 2, 1, 1, 2, 1, 1, 3, 1, 19, 3, 2, 2, 2, 6, 1, 3, 1, 2, 3, 5, 2, 1, 1, 1, 2, 82, 2, 2, 34, 1, 4, 2, 1, 39, 1, 2, 14, 30, 2, 1, 2, 1, 3, 3, 2, 2, 1, 2, 2, 1, 2, 3, 2, 1, 2008, 1, 2, 9, 21, 32, 1, 300, 1, 3, 1, 4, 1, 2, 1, 3, 1, 2, 1, 2, 2, 2, 2, 2, 1, 67, 5, 3, 1, 3, 2, 1, 1, 1]",13245,1331,135,36,3521,1,6,1295641,665,True,True,0.75,14811.0,0.2866438356164383
strapi,npm,https://github.com/strapi/strapi,MIT,2013-06-24T03:17:28.018Z,2022-11-22T15:32:47.812Z,3.6.11,303,11,100,15357,4126,5997,"[10, 36, 6, 45, 21, 742, 691, 20, 321, 15, 14, 29, 6, 6, 1871, 989, 16, 687, 13, 13, 7, 21, 6, 14, 18, 12, 6, 35, 21, 36, 6, 148, 6, 8, 31, 14, 8, 9, 21, 88, 117, 7, 272, 71, 4126, 8, 21, 6, 8, 19, 83, 13, 24, 9, 8, 9, 19, 8, 18, 6, 12, 10, 9, 8, 85, 6, 6, 10, 8, 9, 7, 396, 7, 168, 6, 449, 10, 22, 621, 6, 149, 26, 7, 558, 9, 6, 280, 8, 13, 137, 65, 217, 13, 6, 6, 1042, 14, 7, 13, 8]",50017,6063,662,410,13961,53,0,72454,3031,True,False,0.5,56851.0,1.0
lowdb,npm,https://github.com/typicode/lowdb,MIT,2014-04-02T02:21:16.414Z,2023-12-26T23:26:38.995Z,7.0.1,76,1,33,457,409,416,"[409, 7, 4, 3, 3, 2, 2, 2, 1, 1, 1, 1, 1, 1, 1, 1, 1, 1, 1, 1, 1, 1, 1, 1, 1, 1, 1, 1, 1, 1, 1, 1, 1]",18799,870,235,5,558,1,17,1787013,435,False,True,1.0,20018.0,1.0
async,npm,https://github.com/caolan/async,MIT,2010-12-19T16:41:51.765Z,2024-08-19T23:24:23.363Z,3.2.6,93,5,100,1039,414,582,"[3, 3, 2, 2, 4, 4, 11, 3, 168, 3, 2, 1, 4, 7, 3, 6, 2, 1, 4, 1, 68, 3, 2, 2, 3, 2, 1, 4, 1, 2, 2, 2, 1, 1, 2, 2, 2, 10, 4, 3, 414, 1, 4, 1, 6, 25, 2, 19, 1, 8, 1, 2, 1, 7, 7, 4, 1, 2, 20, 38, 4, 3, 5, 2, 28, 1, 1, 1, 6, 3, 1, 5, 1, 2, 2, 3, 2, 1, 2, 1, 1, 2, 2, 3, 6, 3, 2, 3, 4, 2, 2, 2, 6, 2, 2, 2, 2, 1, 1, 2]",27632,2449,680,4,1847,0,36,183676730,1224,False,True,1.0,32067.0,0.9
yeoman-generator,npm,https://github.com/yeoman/generator,BSD-2-Clause,2013-02-14T18:39:29.528Z,2026-09-14T21:09:48.276Z,9.2.0,195,9,100,1187,424,698,"[9, 2, 2, 1, 1, 1, 1, 1, 1, 1, 1, 1, 1, 6, 1, 1, 1, 47, 1, 1, 1, 1, 1, 1, 25, 4, 1, 1, 2, 9, 5, 18, 424, 2, 1, 1, 1, 17, 1, 1, 2, 2, 121, 1, 1, 1, 1, 8, 16, 1, 1, 1, 2, 2, 1, 2, 5, 1, 1, 2, 1, 2, 36, 1, 3, 35, 1, 1, 1, 8, 1, 274, 1, 3, 3, 2, 1, 1, 3, 2, 2, 1, 1, 1, 1, 2, 1, 11, 1, 2, 1, 1, 1, 1, 1, 1, 1, 3, 3, 1]",1097,307,47,4,1360,16,22,3050256,153,False,True,0.5,1603.0,0.9
inferno-compat,npm,https://github.com/infernojs/inferno,MIT,2016-07-06T19:43:38.535Z,2026-04-07T13:22:37.366Z,9.1.0,303,5,100,3151,1459,2325,"[1459, 866, 203, 117, 71, 64, 30, 26, 16, 16, 14, 13, 13, 11, 10, 10, 9, 9, 8, 8, 8, 7, 7, 7, 5, 5, 4, 4, 4, 4, 4, 4, 3, 3, 3, 3, 3, 3, 3, 3, 2, 2, 2, 2, 2, 2, 2, 2, 2, 2, 2, 2, 2, 2, 2, 2, 2, 2, 2, 2, 2, 2, 2, 2, 2, 2, 2, 2, 2, 2, 2, 1, 1, 1, 1, 1, 1, 1, 1, 1, 1, 1, 1, 1, 1, 1, 1, 1, 1, 1, 1, 1, 1, 1, 1, 1, 1, 1, 1, 1]",15597,676,279,31,1614,5,4,265329,338,False,False,1.0,16653.0,1.0
hapi,npm,https://github.com/hapijs/hapi,BSD-3-Clause,2011-08-06T00:41:58.808Z,2019-02-04T21:52:46.157Z,18.1.0,295,4,100,2268,810,1392,"[2, 38, 5, 2, 3, 1, 6, 4, 3, 1, 27, 3, 31, 582, 2, 13, 3, 1, 2, 2, 3, 2, 6, 9, 2, 3, 3, 2, 5, 2, 294, 8, 2, 1, 10, 5, 2, 13, 2, 16, 5, 2, 2, 4, 10, 2, 2, 2, 1, 4, 3, 2, 4, 3, 2, 5, 14, 18, 1, 2, 3, 2, 3, 2, 2, 4, 2, 2, 55, 60, 4, 3, 6, 1, 810, 4, 2, 2, 3, 11, 2, 7, 1, 3, 2, 2, 6, 2, 10, 2, 1, 3, 1, 2, 2, 2, 2, 15, 1, 12]",13953,1360,416,36,4347,18,6,372024,680,True,True,0.8888888888888888,16172.0,0.0
ethereumjs-vm,npm,https://github.com/ethereumjs/ethereumjs-vm,MPL-2.0,2015-07-17T03:39:55.831Z,2020-05-06T17:08:52.053Z,4.2.0,43,5,99,4484,1218,1883,"[20, 16, 2, 27, 58, 31, 9, 32, 2, 2, 4, 212, 1218, 2, 5, 16, 21, 44, 3, 50, 2, 2, 3, 3, 3, 2, 5, 2, 2, 16, 21, 13, 294, 2, 3, 2, 225, 8, 4, 665, 52, 3, 15, 1, 334, 1, 3, 2, 130, 5, 5, 2, 6, 5, 5, 2, 2, 3, 2, 33, 3, 1, 3, 2, 6, 2, 2, 7, 90, 6, 3, 5, 2, 7, 3, 1, 164, 37, 15, 3, 3, 3, 15, 4, 4, 13, 2, 3, 2, 2, 2, 1, 2, 190, 5, 203, 1, 4, 1]",1804,536,58,131,1978,15,32,1512581,268,True,True,0.6,2497.0,0.7591609589041095
vuex-persistedstate,npm,https://github.com/robinvdvleuten/vuex-persistedstate,MIT,2016-09-25T14:14:38.007Z,2021-09-21T11:46:45.318Z,4.1.0,38,1,43,290,167,232,"[1, 1, 1, 1, 1, 1, 1, 1, 1, 1, 1, 1, 1, 1, 65, 1, 1, 1, 3, 13, 167, 1, 1, 1, 1, 1, 1, 1, 1, 1, 1, 1, 1, 1, 1, 1, 2, 1, 1, 1, 1, 3, 1]",5697,359,51,27,444,2,17,710652,179,True,True,0.75,6166.0,0.2465753424657534
electron-builder,npm,https://github.com/electron-userland/electron-builder,MIT,2015-05-26T13:08:36.993Z,2026-06-09T17:34:36.991Z,26.15.3,998,3,100,2258,1597,1719,"[1597, 122, 79, 62, 53, 52, 14, 12, 10, 10, 9, 8, 6, 6, 6, 6, 5, 5, 4, 4, 4, 4, 4, 4, 3, 3, 3, 3, 3, 3, 3, 3, 3, 3, 3, 3, 3, 3, 3, 3, 3, 3, 3, 3, 2, 2, 2, 2, 2, 2, 2, 2, 2, 2, 2, 2, 2, 2, 2, 2, 2, 2, 2, 2, 2, 2, 2, 2, 2, 2, 2, 2, 2, 2, 2, 2, 2, 2, 2, 2, 2, 2, 2, 2, 2, 2, 2, 2, 2, 2, 2, 2, 2, 2, 2, 2, 2, 2, 2, 2]",12531,1621,148,347,7244,10,2,742599,810,False,False,0.5,14461.0,1.0
unist-util-visit,npm,https://github.com/syntax-tree/unist-util-visit,MIT,2015-08-01T12:08:40.972Z,2026-01-22T19:02:58.977Z,5.1.0,24,2,13,148,134,136,"[1, 1, 1, 2, 134, 1, 1, 1, 1, 2, 1, 1, 1]",154,19,9,0,35,3,13,34459947,9,False,True,1.0,196.0,0.9
@openzeppelin/contracts-ethereum-package,npm,https://github.com/OpenZeppelin/openzeppelin-contracts,MIT,2019-07-20T16:41:25.425Z,2020-05-13T23:10:52.857Z,3.0.0,7,8,100,2514,768,1184,"[768, 416, 260, 158, 67, 64, 58, 49, 39, 31, 27, 27, 23, 23, 21, 20, 20, 19, 18, 16, 16, 15, 14, 14, 14, 12, 9, 9, 8, 8, 8, 8, 7, 7, 7, 7, 7, 7, 6, 6, 6, 6, 6, 6, 6, 5, 5, 5, 5, 4, 4, 4, 4, 4, 4, 4, 4, 4, 4, 4, 4, 4, 4, 4, 3, 3, 3, 3, 3, 3, 3, 3, 3, 3, 3, 3, 3, 3, 3, 3, 3, 3, 3, 2, 2, 2, 2, 2, 2, 2, 2, 2, 2, 2, 2, 2, 2, 2, 2, 2]",20107,10331,628,146,3667,0,23,8060,5165,True,True,1.0,31166.0,0.7591609589041095
markdown-it,npm,https://github.com/markdown-it/markdown-it,MIT,2014-12-19T23:46:48.471Z,2026-09-11T04:04:18.194Z,15.0.2,87,1,71,988,672,898,"[1, 1, 1, 1, 1, 1, 1, 1, 1, 1, 1, 1, 2, 1, 1, 1, 2, 1, 1, 1, 1, 1, 4, 1, 1, 1, 1, 1, 1, 1, 3, 1, 1, 1, 1, 1, 1, 2, 1, 1, 672, 1, 3, 1, 1, 1, 1, 1, 1, 1, 2, 1, 1, 1, 1, 1, 1, 1, 1, 1, 1, 1, 4, 226, 2, 3, 1, 3, 1, 1, 3]",13680,1483,171,10,864,6,22,11267228,741,False,True,0.75,15486.0,1.0
webpack-hot-middleware,npm,https://github.com/webpack-contrib/webpack-hot-middleware,MIT,2015-05-03T17:26:33.277Z,2024-02-01T16:50:44.186Z,2.26.1,67,3,65,253,132,143,"[132, 11, 7, 7, 6, 5, 4, 4, 3, 3, 3, 3, 2, 2, 2, 2, 2, 2, 2, 2, 2, 2, 2, 2, 1, 1, 1, 1, 1, 1, 1, 1, 1, 1, 1, 1, 1, 1, 1, 1, 1, 1, 1, 1, 1, 1, 1, 1, 1, 1, 1, 1, 1, 1, 1, 1, 1, 1, 1, 1, 1, 1, 1, 1, 1]",2319,313,37,73,428,3,10,21404301,156,False,True,0.75,2791.0,1.0
string.prototype.trimend,npm,https://github.com/es-shims/String.prototype.trimEnd,MIT,2017-12-19T10:59:43.526Z,2026-06-06T06:19:59.765Z,1.0.10,13,2,2,57,52,57,"[52, 5]",5,5,4,1,5,4,11,122603967,5,False,True,1.0,16.0,1.0
html-minifier-terser,npm,https://github.com/terser/html-minifier-terser,MIT,2019-11-02T14:47:06.879Z,2023-04-11T05:32:18.898Z,7.2.0,19,2,86,1179,399,637,"[399, 238, 200, 106, 62, 35, 9, 9, 7, 6, 5, 4, 4, 4, 3, 3, 3, 2, 2, 2, 2, 2, 2, 2, 2, 2, 2, 2, 2, 2, 1, 1, 1, 1, 1, 1, 1, 1, 1, 1, 1, 1, 1, 1, 1, 1, 1, 1, 1, 1, 1, 1, 1, 1, 1, 1, 1, 1, 1, 1, 1, 1, 1, 1, 1, 1, 1, 1, 1, 1, 1, 1, 1, 1, 1, 1, 1, 1, 1, 1, 1, 1, 1, 1, 1, 1]",234,19,8,11,135,7,18,50266539,9,False,True,0.75,347.0,1.0
cookie-parser,npm,https://github.com/expressjs/cookie-parser,MIT,2014-02-15T16:25:08.464Z,2024-10-08T18:26:16.210Z,1.4.7,18,3,14,254,238,241,"[1, 1, 1, 1, 1, 1, 1, 238, 1, 2, 3, 1, 1, 1]",1765,203,35,4,51,2,10,10814814,236,False,True,0.5,2253.0,0.9
fb-watchman,npm,ssh://git@github.com/facebook/watchman,Apache-2.0,2014-11-03T21:02:29.025Z,2022-09-21T19:53:18.615Z,2.0.2,17,2,100,3634,1792,2381,"[8, 45, 6, 12, 73, 1792, 589, 2, 36, 2, 6, 4, 31, 17, 2, 94, 15, 2, 6, 3, 2, 2, 4, 3, 13, 209, 2, 3, 2, 3, 2, 2, 4, 7, 8, 2, 2, 34, 8, 3, 3, 2, 2, 3, 4, 29, 2, 8, 6, 3, 5, 9, 3, 2, 2, 9, 2, 4, 8, 3, 8, 5, 3, 4, 61, 15, 9, 4, 2, 2, 2, 5, 10, 6, 6, 16, 7, 2, 2, 3, 7, 4, 2, 8, 16, 4, 109, 4, 10, 29, 21, 7, 37, 2, 4, 19, 2, 2, 4, 2]",11298,928,268,151,1054,1,0,78211864,464,False,False,1.0,12604.0,0.8308219178082192
cors,npm,https://github.com/expressjs/cors,MIT,2013-01-31T04:13:40.565Z,2026-01-22T14:41:30.223Z,2.8.6,35,3,39,282,143,236,"[143, 93, 5, 3, 3, 2, 1, 1, 1, 1, 1, 1, 1, 1, 1, 1, 1, 1, 1, 1, 1, 1, 1, 1, 1, 1, 1, 1, 1, 1, 1, 1, 1, 1, 1, 1, 1, 1, 1]",5622,446,88,18,184,2,6,39155643,275,False,True,1.0,6470.0,0.7591609589041095
ng-zorro-antd,npm,https://github.com/NG-ZORRO/ng-zorro-antd,MIT,2017-08-15T14:11:22.755Z,2026-09-22T05:31:12.392Z,22.1.1,254,8,100,1982,484,952,"[484, 468, 116, 109, 86, 84, 73, 63, 56, 41, 35, 23, 21, 12, 10, 10, 10, 9, 8, 7, 7, 7, 6, 6, 6, 6, 6, 6, 6, 5, 5, 5, 5, 5, 5, 5, 5, 5, 5, 4, 4, 4, 4, 4, 4, 4, 4, 4, 4, 4, 4, 3, 3, 3, 3, 3, 3, 3, 3, 3, 3, 3, 3, 2, 2, 2, 2, 2, 2, 2, 2, 2, 2, 2, 2, 2, 2, 2, 2, 2, 2, 2, 2, 2, 2, 2, 2, 2, 2, 2, 2, 2, 2, 1, 1, 1, 1, 1, 1, 1]",8358,3366,238,768,7679,5,0,185220,1683,False,True,1.0,12065.0,1.0
estree-util-build-jsx,npm,https://github.com/syntax-tree/estree-util-build-jsx,MIT,2020-12-23T09:33:21.835Z,2023-10-22T08:22:31.879Z,3.0.1,9,2,4,45,42,43,"[42, 1, 1, 1]",18,4,8,0,5,4,11,1153396,5,False,True,1.0,34.0,0.9
bugsnag-build-reporter,npm,https://github.com/bugsnag/bugsnag-build-reporter-node,MIT,2018-01-10T15:16:01.182Z,2021-07-05T08:41:22.317Z,2.0.0,12,2,8,55,47,49,"[47, 2, 1, 1, 1, 1, 1, 1]",4,5,20,3,20,7,6,336242,5,False,True,0.5,37.0,0.9
bin-build,npm,https://github.com/kevva/bin-build,MIT,2014-04-25T08:03:39.368Z,2017-06-17T10:19:13.042Z,3.0.0,13,3,4,80,65,78,"[1, 13, 65, 1]",37,7,5,6,20,5,5,3982975,5,False,True,0.5,55.0,0.9
@gusoku/openzeppelin-solidity,npm,https://github.com/OpenZeppelin/openzeppelin-contracts,MIT,2021-02-04T01:24:51.397Z,2021-02-04T01:24:51.883Z,3.4.0-solc-0.8,1,1,100,2134,571,962,"[8, 27, 391, 6, 2, 6, 571, 3, 49, 5, 2, 4, 8, 16, 5, 16, 6, 7, 3, 2, 193, 6, 3, 3, 19, 2, 2, 3, 2, 6, 2, 3, 2, 14, 20, 3, 9, 4, 3, 4, 5, 2, 4, 9, 6, 3, 7, 4, 3, 4, 1, 67, 31, 2, 2, 4, 7, 14, 13, 2, 3, 2, 3, 2, 2, 3, 3, 3, 4, 23, 158, 27, 9, 4, 3, 4, 2, 7, 20, 4, 4, 2, 15, 2, 2, 2, 5, 7, 59, 3, 8, 2, 8, 4, 39, 20, 19, 6, 4, 7]",18897,9690,616,132,3459,0,28,4,4845,False,True,1.0,29303.0,0.3113013698630137
multer,npm,https://github.com/expressjs/multer,MIT,2014-02-01T10:13:27.089Z,2026-09-14T08:18:42.977Z,2.4.0,57,5,10,684,289,410,"[289, 121, 73, 51, 39, 31, 25, 21, 18, 16]",0,0,0,0,20,3,8,15226290,280,False,True,0.0,280.0,0.9957191780821918
level,npm,https://github.com/Level/level,MIT,2013-04-15T11:16:07.372Z,2025-04-20T20:29:36.726Z,10.0.0,47,3,17,192,70,122,"[70, 52, 22, 18, 8, 5, 4, 3, 2, 1, 1, 1, 1, 1, 1, 1, 1]",1324,103,19,2,223,3,12,1401808,51,False,True,1.0,1512.0,0.9
htmlparser2,npm,https://github.com/fb55/htmlparser2,MIT,2011-08-28T11:32:26.564Z,2026-03-20T23:08:39.985Z,12.0.0,80,1,53,1515,610,1058,"[610, 448, 317, 60, 6, 6, 5, 4, 4, 3, 2, 2, 2, 2, 2, 2, 2, 2, 2, 1, 1, 1, 1, 1, 1, 1, 1, 1, 1, 1, 1, 1, 1, 1, 1, 1, 1, 1, 1, 1, 1, 1, 1, 1, 1, 1, 1, 1, 1, 1, 1, 1, 1]",3697,371,50,2,1370,4,8,98259130,185,False,True,1.0,4262.0,0.9
frameguard,npm,https://github.com/helmetjs/helmet,MIT,2014-10-28T14:54:07.353Z,2020-12-21T18:00:12.298Z,4.0.0,10,1,41,756,694,700,"[1, 1, 1, 2, 1, 694, 2, 1, 1, 1, 1, 1, 1, 6, 1, 1, 1, 1, 6, 1, 2, 4, 1, 1, 1, 1, 1, 1, 2, 1, 2, 1, 3, 1, 3, 1, 1, 1, 1, 1, 1]",9021,376,99,6,367,0,0,1032954,188,False,True,1.0,9543.0,0.9
gatsby-recipes,npm,https://github.com/gatsbyjs/gatsby,MIT,2020-04-14T02:22:17.722Z,2021-12-14T13:39:09.949Z,1.4.0,356,3,6,4272,2043,2902,"[2043, 859, 518, 361, 273, 218]",0,0,0,0,20,59,24,647784,5,True,True,0.5,0.0,1.0
rxdb,npm,https://github.com/pubkey/rxdb,Apache-2.0,2016-11-16T07:58:15.731Z,2026-08-20T12:56:24.916Z,17.5.0,650,1,100,7531,3934,6176,"[3934, 2242, 364, 292, 209, 68, 31, 29, 24, 22, 13, 12, 12, 12, 11, 11, 10, 10, 9, 8, 8, 8, 7, 6, 6, 6, 5, 5, 5, 5, 4, 4, 4, 4, 4, 4, 4, 4, 4, 4, 4, 3, 3, 3, 3, 3, 3, 3, 2, 2, 2, 2, 2, 2, 2, 2, 2, 2, 2, 2, 2, 2, 2, 2, 2, 2, 2, 2, 2, 2, 2, 2, 2, 2, 2, 2, 2, 2, 1, 1, 1, 1, 1, 1, 1, 1, 1, 1, 1, 1, 1, 1, 1, 1, 1, 1, 1, 1, 1, 1]",18648,926,225,16,4211,23,104,24857,463,False,True,0.5,19907.0,1.0
string-width,npm,https://github.com/sindresorhus/string-width,MIT,2015-07-16T22:08:17.757Z,2026-07-08T20:46:47.396Z,8.2.2,30,1,12,51,36,39,"[2, 1, 2, 3, 36, 1, 1, 1, 1, 1, 1, 1]",332,23,11,4,41,2,3,367693690,11,False,True,0.75,381.0,0.9
intl-locales-supported,npm,https://github.com/formatjs/formatjs,BSD-3-Clause,2015-05-30T19:30:17.372Z,2020-07-03T01:50:36.088Z,1.8.12,42,5,100,3533,2007,2624,"[3, 82, 1, 1, 617, 4, 7, 1, 1, 2, 13, 1, 1, 2, 1, 1, 2, 1, 1, 3, 1, 19, 3, 2, 2, 2, 6, 1, 3, 1, 2, 3, 5, 2, 1, 1, 1, 2, 82, 2, 2, 34, 1, 4, 2, 1, 9, 1, 2, 14, 30, 2, 1, 2, 1, 3, 3, 2, 2, 1, 2, 2, 1, 2, 3, 67, 2, 3, 2007, 2, 2, 21, 32, 2, 3, 5, 2, 3, 1, 1, 1, 1, 2, 1, 4, 2, 2, 1, 3, 1, 1, 1, 300, 2, 1, 39, 2, 1, 1, 1]",13242,1330,135,36,3516,0,0,359580,665,True,True,1.0,14808.0,0.7591609589041095
openzeppelin-solidity,npm,https://github.com/OpenZeppelin/openzeppelin-contracts,MIT,2018-04-25T22:03:20.145Z,2021-08-26T20:56:40.640Z,3.4.2,77,3,100,2620,828,1244,"[828, 416, 284, 158, 69, 67, 58, 49, 39, 31, 27, 27, 23, 23, 21, 20, 20, 19, 19, 16, 16, 15, 14, 14, 14, 12, 11, 11, 9, 8, 8, 8, 8, 8, 7, 7, 7, 7, 7, 6, 6, 6, 6, 6, 6, 6, 5, 5, 5, 5, 4, 4, 4, 4, 4, 4, 4, 4, 4, 4, 4, 4, 4, 4, 4, 4, 4, 3, 3, 3, 3, 3, 3, 3, 3, 3, 3, 3, 3, 3, 3, 3, 3, 3, 3, 3, 2, 2, 2, 2, 2, 2, 2, 2, 2, 2, 2, 2, 2, 2]",21128,10846,643,180,3860,0,27,79644,5423,False,True,1.0,32717.0,1.0
gatsby-plugin-graphql-config,npm,https://github.com/gatsbyjs/gatsby,MIT,2020-09-23T10:53:39.861Z,2022-05-10T15:08:20.862Z,1.14.0,118,3,6,1416,676,961,"[676, 285, 172, 120, 91, 72]",0,0,0,0,20,2,4,9001,5,True,False,0.75,0.0,1.0
vfile-message,npm,https://github.com/vfile/vfile-message,MIT,2017-11-16T22:05:51.579Z,2025-07-26T15:08:12.656Z,4.0.3,22,1,4,87,81,84,"[81, 3, 2, 1]",10,3,7,2,15,2,8,39312941,5,False,True,1.0,24.0,0.9
intl-messageformat,npm,git@github.com:formatjs/formatjs,BSD-3-Clause,2014-01-16T22:54:15.606Z,2026-09-19T20:52:10.368Z,12.1.2,317,3,100,3671,2100,2717,"[2100, 617, 299, 102, 82, 67, 39, 34, 32, 30, 21, 19, 18, 14, 13, 9, 7, 6, 5, 5, 5, 4, 4, 3, 3, 3, 3, 3, 3, 3, 3, 3, 3, 3, 3, 3, 3, 3, 3, 2, 2, 2, 2, 2, 2, 2, 2, 2, 2, 2, 2, 2, 2, 2, 2, 2, 2, 2, 2, 2, 2, 2, 2, 2, 2, 2, 2, 2, 2, 1, 1, 1, 1, 1, 1, 1, 1, 1, 1, 1, 1, 1, 1, 1, 1, 1, 1, 1, 1, 1, 1, 1, 1, 1, 1, 1, 1, 1, 1, 1]",13464,1366,135,33,3725,2,0,11041491,683,False,False,1.0,15071.0,1.0
@nrwl/tao,npm,https://github.com/nrwl/nx,MIT,2019-07-17T23:55:57.031Z,2024-10-04T23:07:26.426Z,19.8.4,1629,7,100,7215,1547,2554,"[1547, 1007, 702, 507, 424, 343, 320, 205, 197, 185, 123, 118, 113, 107, 103, 98, 90, 88, 79, 60, 57, 54, 48, 45, 43, 31, 30, 22, 20, 16, 16, 14, 13, 13, 13, 12, 12, 11, 11, 11, 11, 10, 10, 10, 9, 9, 9, 9, 8, 8, 8, 7, 7, 7, 7, 7, 6, 6, 6, 5, 5, 5, 5, 5, 5, 5, 5, 5, 4, 4, 4, 4, 4, 4, 4, 4, 4, 4, 4, 4, 3, 3, 3, 3, 3, 3, 3, 3, 3, 3, 3, 3, 3, 3, 3, 3, 3, 3, 3, 3]",16088,1593,146,771,13709,2,0,9714279,796,False,False,1.0,17927.0,1.0
has-flag,npm,https://github.com/sindresorhus/has-flag,MIT,2015-07-07T22:43:54.339Z,2021-07-19T17:30:54.122Z,5.0.1,6,1,7,22,16,17,"[1, 1, 1, 1, 1, 16, 1]",82,11,8,0,13,0,3,607850533,5,False,True,1.0,113.0,0.9
string.prototype.trimstart,npm,https://github.com/es-shims/String.prototype.trimStart,MIT,2017-12-19T10:59:21.206Z,2024-03-21T16:01:21.571Z,1.0.8,11,2,2,57,52,57,"[52, 5]",4,5,4,1,4,3,12,122573323,5,False,True,1.0,15.0,1.0
superstruct,npm,https://github.com/ianstormtaylor/superstruct,MIT,2017-11-25T05:28:28.320Z,2024-07-06T11:11:24.577Z,2.0.2,90,2,63,911,419,737,"[419, 318, 99, 5, 4, 3, 2, 2, 2, 2, 2, 2, 1, 1, 1, 1, 1, 1, 1, 1, 1, 1, 1, 1, 1, 1, 1, 1, 1, 1, 1, 1, 1, 1, 1, 1, 1, 1, 1, 1, 1, 1, 1, 1, 1, 1, 1, 1, 1, 1, 1, 1, 1, 1, 1, 1, 1, 1, 1, 1, 1, 1, 1]",6225,218,43,55,1146,0,15,3975672,109,False,True,1.0,6549.0,1.0
@hapi/hapi,npm,https://github.com/hapijs/hapi,BSD-3-Clause,2019-04-02T23:03:15.810Z,2026-07-22T09:05:38.188Z,21.4.10,61,6,100,2307,820,1402,"[820, 582, 294, 60, 57, 56, 32, 27, 21, 16, 15, 14, 13, 13, 12, 11, 11, 10, 10, 10, 8, 7, 6, 6, 6, 6, 5, 5, 5, 5, 5, 4, 4, 4, 4, 4, 4, 4, 4, 3, 3, 3, 3, 3, 3, 3, 3, 3, 3, 3, 3, 3, 3, 3, 2, 2, 2, 2, 2, 2, 2, 2, 2, 2, 2, 2, 2, 2, 2, 2, 2, 2, 2, 2, 2, 2, 2, 2, 2, 2, 2, 2, 2, 2, 2, 2, 2, 2, 2, 2, 1, 1, 1, 1, 1, 1, 1, 1, 1, 1]",14136,1370,418,40,4390,18,12,2303502,685,False,True,0.8888888888888888,16024.0,1.0
colord,npm,https://github.com/omgovich/colord,MIT,2020-11-27T16:12:02.335Z,2026-08-20T17:09:58.437Z,2.10.0,54,1,10,220,173,210,"[1, 1, 1, 1, 1, 37, 1, 173, 3, 1]",982,33,7,9,95,0,23,21598054,16,False,True,1.0,1032.0,0.9
@babel/polyfill,npm,https://github.com/babel/babel,MIT,2017-10-30T18:34:54.509Z,2020-10-15T22:40:35.490Z,7.12.1,48,4,1100,18000,4599,6539,"[4599, 1940, 1169, 816, 617, 491, 405, 343, 296, 260, 230, 207, 187, 170, 156, 144, 134, 124, 116, 109, 103, 97, 92, 87, 83, 79, 75, 72, 69, 66, 63, 61, 58, 56, 54, 52, 51, 49, 47, 46, 44, 43, 42, 41, 40, 39, 37, 37, 36, 35, 34, 33, 32, 32, 31, 30, 29, 29, 28, 28, 27, 27, 26, 25, 25, 25, 24, 24, 23, 23, 22, 22, 22, 21, 21, 21, 20, 20, 20, 19, 19, 19, 18, 18, 18, 18, 17, 17, 17, 17, 16, 16, 16, 16, 16, 15, 15, 15, 15, 15, 14, 14, 14, 14, 14, 14, 13, 13, 13, 13, 13, 13, 13, 12, 12, 12, 12, 12, 12, 12, 11, 11, 11, 11, 11, 11, 11, 11, 11, 11, 10, 10, 10, 10, 10, 10, 10, 10, 10, 10, 9, 9, 9, 9, 9, 9, 9, 9, 9, 9, 9, 9, 9, 9, 8, 8, 8, 8, 8, 8, 8, 8, 8, 8, 8, 8, 8, 8, 8, 8, 7, 7, 7, 7, 7, 7, 7, 7, 7, 7, 7, 7, 7, 7, 7, 7, 7, 7, 7, 7, 6, 6, 6, 6, 6, 6, 6, 6, 6, 6, 6, 6, 6, 6, 6, 6, 6, 6, 6, 6, 6, 6, 6, 6, 6, 6, 6, 6, 5, 5, 5, 5, 5, 5, 5, 5, 5, 5, 5, 5, 5, 5, 5, 5, 5, 5, 5, 5, 5, 5, 5, 5, 5, 5, 5, 5, 5, 5, 5, 5, 5, 5, 5, 5, 5, 5, 4, 4, 4, 4, 4, 4, 4, 4, 4, 4, 4, 4, 4, 4, 4, 4, 4, 4, 4, 4, 4, 4, 4, 4, 4, 4, 4, 4, 4, 4, 4, 4, 4, 4, 4, 4, 4, 4, 4, 4, 4, 4, 4, 4, 4, 4, 4, 4, 4, 4, 4, 4, 4, 4, 4, 4, 4, 3, 3, 3, 3, 3, 3, 3, 3, 3, 3, 3, 3, 3, 3, 3, 3, 3, 3, 3, 3, 3, 3, 3, 3, 3, 3, 3, 3, 3, 3, 3, 3, 3, 3, 3, 3, 3, 3, 3, 3, 3, 3, 3, 3, 3, 3, 3, 3, 3, 3, 3, 3, 3, 3, 3, 3, 3, 3, 3, 3, 3, 3, 3, 3, 3, 3, 3, 3, 3, 3, 3, 3, 3, 3, 3, 3, 3, 3, 3, 3, 3, 3, 3, 3, 3, 3, 3, 3, 3, 3, 3, 3, 3, 3, 3, 3, 3, 2, 2, 2, 2, 2, 2, 2, 2, 2, 2, 2, 2, 2, 2, 2, 2, 2, 2, 2, 2, 2, 2, 2, 2, 2, 2, 2, 2, 2, 2, 2, 2, 2, 2, 2, 2, 2, 2, 2, 2, 2, 2, 2, 2, 2, 2, 2, 2, 2, 2, 2, 2, 2, 2, 2, 2, 2, 2, 2, 2, 2, 2, 2, 2, 2, 2, 2, 2, 2, 2, 2, 2, 2, 2, 2, 2, 2, 2, 2, 2, 2, 2, 2, 2, 2, 2, 2, 2, 2, 2, 2, 2, 2, 2, 2, 2, 2, 2, 2, 2, 2, 2, 2, 2, 2, 2, 2, 2, 2, 2, 2, 2, 2, 2, 2, 2, 2, 2, 2, 2, 2, 2, 2, 2, 2, 2, 2, 2, 2, 2, 2, 2, 2, 2, 2, 2, 2, 2, 2, 2, 2, 2, 2, 2, 2, 2, 2, 2, 2, 2, 2, 2, 2, 2, 2, 2, 2, 2, 2, 2, 2, 2, 2, 2, 2, 2, 2, 2, 2, 2, 2, 2, 2, 2, 2, 2, 2, 2, 2, 2, 2, 2, 2, 2, 2, 2, 2, 2, 2, 2, 2, 2, 2, 2, 2, 2, 2, 2, 2, 2, 2, 2, 2, 2, 2, 2, 2, 1, 1, 1, 1, 1, 1, 1, 1, 1, 1, 1, 1, 1, 1, 1, 1, 1, 1, 1, 1, 1, 1, 1, 1, 1, 1, 1, 1, 1, 1, 1, 1, 1, 1, 1, 1, 1, 1, 1, 1, 1, 1, 1, 1, 1, 1, 1, 1, 1, 1, 1, 1, 1, 1, 1, 1, 1, 1, 1, 1, 1, 1, 1, 1, 1, 1, 1, 1, 1, 1, 1, 1, 1, 1, 1, 1, 1, 1, 1, 1, 1, 1, 1, 1, 1, 1, 1, 1, 1, 1, 1, 1, 1, 1, 1, 1, 1, 1, 1, 1, 1, 1, 1, 1, 1, 1, 1, 1, 1, 1, 1, 1, 1, 1, 1, 1, 1, 1, 1, 1, 1, 1, 1, 1, 1, 1, 1, 1, 1, 1, 1, 1, 1, 1, 1, 1, 1, 1, 1, 1, 1, 1, 1, 1, 1, 1, 1, 1, 1, 1, 1, 1, 1, 1, 1, 1, 1, 1, 1, 1, 1, 1, 1, 1, 1, 1, 1, 1, 1, 1, 1, 1, 1, 1, 1, 1, 1, 1, 1, 1, 1, 1, 1, 1, 1, 1, 1, 1, 1, 1, 1, 1, 1, 1, 1, 1, 1, 1, 1, 1, 1, 1, 1, 1, 1, 1, 1, 1, 1, 1, 1, 1, 1, 1, 1, 1, 1, 1, 1, 1, 1, 1, 1, 1, 1, 1, 1, 1, 1, 1, 1, 1, 1, 1, 1, 1, 1, 1, 1, 1, 1, 1, 1, 1, 1, 1, 1, 1, 1, 1, 1, 1, 1, 1, 1, 1, 1, 1, 1, 1, 1, 1, 1, 1, 1, 1, 1, 1, 1, 1, 1, 1, 1, 1, 1, 1, 1, 1, 1, 1, 1, 1, 1, 1, 1, 1, 1, 1, 1, 1, 1, 1, 1, 1, 1, 1, 1, 1, 1, 1, 1, 1, 1, 1, 1, 1, 1, 1, 1, 1, 1, 1, 1, 1, 1, 1, 1, 1, 1, 1, 1, 1, 1, 1, 1, 1, 1, 1, 1, 1, 1, 1, 1, 1, 1, 1, 1, 1, 1, 1, 1, 1, 1, 1, 1, 1, 1, 1, 1, 1, 1, 1, 1, 1, 1, 1, 1, 1, 1, 1, 1, 1, 1, 1, 1, 1, 1, 1, 1, 1, 1, 1, 1, 1, 1, 1, 1, 1, 1, 1, 1, 1, 1, 1, 1, 1, 1, 1, 1, 1, 1, 1, 1, 1, 1, 1, 1, 1, 1, 1, 1, 1, 1, 1, 1, 1, 1, 1, 1, 1, 1, 1, 1, 1, 1, 1, 1, 1, 1, 1, 1, 1, 1, 1, 1, 1, 1, 1, 1, 1, 1, 1, 1, 1, 1, 1, 1, 1, 1, 1, 1, 1, 1, 1, 1, 1, 1, 1, 1, 1, 1, 1, 1, 1, 1, 1, 1, 1, 1, 1, 1, 1, 1, 1, 1, 1, 1, 1, 1, 1, 1, 1, 1, 1, 1, 1, 1, 1, 1, 1, 1, 1, 1]",43000,5600,850,120,14120,2,4,6915336,5,True,False,0.0,0.0,0.0
cucumber,npm,https://github.com/cucumber/cucumber-js,MIT,2011-07-28T16:53:31.573Z,2022-04-20T09:05:58.943Z,6.0.7,111,3,100,1410,457,737,"[2, 1, 1, 1, 2, 2, 1, 2, 1, 1, 4, 2, 3, 1, 1, 1, 2, 6, 1, 4, 2, 2, 28, 1, 1, 1, 1, 1, 1, 76, 1, 1, 6, 4, 1, 1, 1, 1, 1, 1, 3, 1, 5, 1, 162, 14, 2, 1, 1, 1, 2, 1, 3, 2, 4, 1, 1, 9, 2, 1, 2, 1, 2, 1, 2, 1, 4, 1, 1, 1, 1, 227, 2, 1, 1, 1, 1, 1, 2, 1, 1, 1, 1, 1, 1, 2, 1, 1, 2, 280, 1, 1, 457, 2, 1, 1, 8, 2, 3, 1]",4607,1016,223,31,2069,27,36,2550136,508,True,True,0.5,5999.0,0.9055650684931508
@hapi/cryptiles,npm,https://github.com/hapijs/cryptiles,BSD-3-Clause,2019-04-02T06:16:08.071Z,2025-12-11T11:40:52.283Z,6.0.3,8,6,10,59,38,43,"[38, 5, 4, 3, 2, 2, 2, 1, 1, 1]",181,27,14,0,57,1,5,2827344,13,False,True,1.0,232.0,0.9
hsts,npm,https://github.com/helmetjs/hsts,MIT,2014-10-28T14:18:30.827Z,2019-03-10T17:31:37.991Z,2.2.0,9,1,6,81,76,77,"[1, 1, 1, 1, 1, 76]",88,13,6,0,28,1,4,2892837,6,False,True,1.0,118.0,0.9
yaml,npm,https://github.com/eemeli/yaml,ISC,2011-04-15T16:25:52.216Z,2026-09-11T20:30:10.905Z,2.9.1,105,1,18,1310,1270,1286,"[1270, 16, 5, 3, 2, 2, 1, 1, 1, 1, 1, 1, 1, 1, 1, 1, 1, 1]",802,78,11,8,366,0,21,100533702,39,False,True,1.0,924.0,1.0
vfile-location,npm,https://github.com/vfile/vfile-location,MIT,2016-02-07T09:47:36.068Z,2024-07-15T14:29:27.567Z,5.0.3,18,1,3,82,77,80,"[77, 2, 3]",11,2,5,0,9,2,9,23236725,5,False,True,1.0,21.0,0.9
admin-lte,npm,https://github.com/ColorlibHQ/AdminLTE,MIT,2015-04-13T07:17:59.117Z,2026-08-26T09:44:37.838Z,4.9.1,80,3,100,2255,729,1317,"[1, 2, 2, 729, 1, 2, 1, 1, 2, 1, 1, 1, 1, 1, 2, 5, 1, 1, 1, 1, 10, 1, 1, 40, 1, 1, 2, 2, 1, 3, 1, 1, 3, 1, 1, 27, 141, 1, 1, 445, 1, 2, 2, 1, 1, 13, 1, 1, 1, 1, 1, 1, 1, 3, 1, 1, 74, 1, 15, 588, 5, 1, 1, 1, 1, 1, 1, 1, 3, 1, 1, 1, 1, 8, 4, 2, 1, 2, 1, 1, 1, 1, 2, 1, 1, 1, 1, 2, 1, 1, 2, 1, 1, 42, 3, 1, 1, 1, 1, 1]",41172,17703,2031,65,4423,0,40,142406,8851,False,True,0.8032786885245902,61018.0,0.8523972602739727
lodash.isarray,npm,https://github.com/lodash/lodash,MIT,2013-09-23T06:33:44.290Z,2016-01-13T11:04:07.195Z,4.0.0,13,2,4,156,85,120,"[85, 35, 21, 15]",0,0,0,0,20,0,0,11384400,5,True,True,1.0,1.0,0.7591609589041095
requests,pypi,https://github.com/psf/requests,Apache-2.0,2011-02-14T08:49:42.641660+00:00,2026-05-14T19:25:27.735762+00:00,2.34.2,163,1,380,6500,1771,2512,"[1771, 741, 446, 311, 236, 188, 155, 131, 113, 99, 88, 79, 71, 65, 60, 55, 51, 48, 44, 42, 39, 37, 35, 33, 32, 30, 29, 27, 26, 25, 24, 23, 22, 21, 21, 20, 19, 19, 18, 18, 17, 16, 16, 16, 15, 15, 14, 14, 14, 13, 13, 13, 12, 12, 12, 12, 11, 11, 11, 11, 10, 10, 10, 10, 10, 9, 9, 9, 9, 9, 9, 8, 8, 8, 8, 8, 8, 8, 7, 7, 7, 7, 7, 7, 7, 7, 7, 7, 6, 6, 6, 6, 6, 6, 6, 6, 6, 6, 6, 6, 6, 5, 5, 5, 5, 5, 5, 5, 5, 5, 5, 5, 5, 5, 5, 5, 5, 5, 4, 4, 4, 4, 4, 4, 4, 4, 4, 4, 4, 4, 4, 4, 4, 4, 4, 4, 4, 4, 4, 4, 4, 4, 4, 4, 4, 3, 3, 3, 3, 3, 3, 3, 3, 3, 3, 3, 3, 3, 3, 3, 3, 3, 3, 3, 3, 3, 3, 3, 3, 3, 3, 3, 3, 3, 3, 3, 3, 3, 3, 3, 3, 3, 3, 3, 3, 3, 3, 3, 3, 2, 2, 2, 2, 2, 2, 2, 2, 2, 2, 2, 2, 2, 2, 2, 2, 2, 2, 2, 2, 2, 2, 2, 2, 2, 2, 2, 2, 2, 2, 2, 2, 2, 2, 2, 2, 2, 2, 2, 2, 2, 2, 2, 2, 2, 2, 2, 2, 2, 2, 2, 2, 2, 2, 2, 2, 2, 2, 2, 2, 2, 2, 2, 2, 2, 2, 2, 2, 2, 2, 2, 2, 2, 2, 2, 2, 2, 2, 2, 2, 2, 2, 2, 2, 2, 2, 2, 2, 2, 2, 2, 2, 2, 2, 2, 2, 1, 1, 1, 1, 1, 1, 1, 1, 1, 1, 1, 1, 1, 1, 1, 1, 1, 1, 1, 1, 1, 1, 1, 1, 1, 1, 1, 1, 1, 1, 1, 1, 1, 1, 1, 1, 1, 1, 1, 1, 1, 1, 1, 1, 1, 1, 1, 1, 1, 1, 1, 1, 1, 1, 1, 1, 1, 1, 1, 1, 1, 1, 1, 1, 1, 1, 1, 1, 1, 1, 1, 1, 1, 1, 1, 1, 1, 1, 1, 1, 1, 1, 1, 1, 1, 1, 1, 1, 1, 1, 1, 1, 1, 1, 1]",54300,10750,1600,150,5350,6,0,1164000000,5375,False,True,,,
django,pypi,https://github.com/django/django,BSD-3-Clause,2010-05-17T20:04:28.174094+00:00,2026-09-02T17:20:45.621516+00:00,6.1.1,442,1,2400,34000,8184,11737,"[8184, 3553, 2140, 1494, 1130, 900, 742, 628, 542, 475, 422, 378, 342, 312, 286, 264, 245, 228, 213, 200, 188, 177, 168, 159, 151, 144, 137, 131, 126, 120, 116, 111, 107, 103, 99, 96, 93, 90, 87, 84, 81, 79, 77, 75, 73, 71, 69, 67, 65, 64, 62, 61, 59, 58, 56, 55, 54, 53, 52, 51, 50, 49, 48, 47, 46, 45, 44, 43, 42, 42, 41, 40, 40, 39, 38, 38, 37, 36, 36, 35, 35, 34, 34, 33, 33, 32, 32, 31, 31, 30, 30, 30, 29, 29, 28, 28, 28, 27, 27, 27, 26, 26, 26, 25, 25, 25, 25, 24, 24, 24, 23, 23, 23, 23, 22, 22, 22, 22, 21, 21, 21, 21, 21, 20, 20, 20, 20, 20, 19, 19, 19, 19, 19, 19, 18, 18, 18, 18, 18, 18, 17, 17, 17, 17, 17, 17, 17, 16, 16, 16, 16, 16, 16, 16, 15, 15, 15, 15, 15, 15, 15, 15, 15, 14, 14, 14, 14, 14, 14, 14, 14, 14, 13, 13, 13, 13, 13, 13, 13, 13, 13, 13, 13, 12, 12, 12, 12, 12, 12, 12, 12, 12, 12, 12, 12, 12, 11, 11, 11, 11, 11, 11, 11, 11, 11, 11, 11, 11, 11, 11, 11, 10, 10, 10, 10, 10, 10, 10, 10, 10, 10, 10, 10, 10, 10, 10, 10, 10, 9, 9, 9, 9, 9, 9, 9, 9, 9, 9, 9, 9, 9, 9, 9, 9, 9, 9, 9, 9, 9, 9, 8, 8, 8, 8, 8, 8, 8, 8, 8, 8, 8, 8, 8, 8, 8, 8, 8, 8, 8, 8, 8, 8, 8, 8, 8, 8, 7, 7, 7, 7, 7, 7, 7, 7, 7, 7, 7, 7, 7, 7, 7, 7, 7, 7, 7, 7, 7, 7, 7, 7, 7, 7, 7, 7, 7, 7, 7, 7, 7, 6, 6, 6, 6, 6, 6, 6, 6, 6, 6, 6, 6, 6, 6, 6, 6, 6, 6, 6, 6, 6, 6, 6, 6, 6, 6, 6, 6, 6, 6, 6, 6, 6, 6, 6, 6, 6, 6, 6, 6, 6, 6, 6, 6, 6, 5, 5, 5, 5, 5, 5, 5, 5, 5, 5, 5, 5, 5, 5, 5, 5, 5, 5, 5, 5, 5, 5, 5, 5, 5, 5, 5, 5, 5, 5, 5, 5, 5, 5, 5, 5, 5, 5, 5, 5, 5, 5, 5, 5, 5, 5, 5, 5, 5, 5, 5, 5, 5, 5, 5, 5, 5, 5, 5, 5, 5, 4, 4, 4, 4, 4, 4, 4, 4, 4, 4, 4, 4, 4, 4, 4, 4, 4, 4, 4, 4, 4, 4, 4, 4, 4, 4, 4, 4, 4, 4, 4, 4, 4, 4, 4, 4, 4, 4, 4, 4, 4, 4, 4, 4, 4, 4, 4, 4, 4, 4, 4, 4, 4, 4, 4, 4, 4, 4, 4, 4, 4, 4, 4, 4, 4, 4, 4, 4, 4, 4, 4, 4, 4, 4, 4, 4, 4, 4, 4, 4, 4, 4, 4, 4, 4, 4, 4, 4, 4, 4, 4, 4, 4, 3, 3, 3, 3, 3, 3, 3, 3, 3, 3, 3, 3, 3, 3, 3, 3, 3, 3, 3, 3, 3, 3, 3, 3, 3, 3, 3, 3, 3, 3, 3, 3, 3, 3, 3, 3, 3, 3, 3, 3, 3, 3, 3, 3, 3, 3, 3, 3, 3, 3, 3, 3, 3, 3, 3, 3, 3, 3, 3, 3, 3, 3, 3, 3, 3, 3, 3, 3, 3, 3, 3, 3, 3, 3, 3, 3, 3, 3, 3, 3, 3, 3, 3, 3, 3, 3, 3, 3, 3, 3, 3, 3, 3, 3, 3, 3, 3, 3, 3, 3, 3, 3, 3, 3, 3, 3, 3, 3, 3, 3, 3, 3, 3, 3, 3, 3, 3, 3, 3, 3, 3, 3, 3, 3, 3, 3, 3, 3, 3, 3, 3, 3, 3, 3, 3, 3, 3, 3, 3, 3, 3, 3, 3, 3, 3, 3, 3, 3, 3, 3, 3, 3, 3, 3, 3, 3, 3, 2, 2, 2, 2, 2, 2, 2, 2, 2, 2, 2, 2, 2, 2, 2, 2, 2, 2, 2, 2, 2, 2, 2, 2, 2, 2, 2, 2, 2, 2, 2, 2, 2, 2, 2, 2, 2, 2, 2, 2, 2, 2, 2, 2, 2, 2, 2, 2, 2, 2, 2, 2, 2, 2, 2, 2, 2, 2, 2, 2, 2, 2, 2, 2, 2, 2, 2, 2, 2, 2, 2, 2, 2, 2, 2, 2, 2, 2, 2, 2, 2, 2, 2, 2, 2, 2, 2, 2, 2, 2, 2, 2, 2, 2, 2, 2, 2, 2, 2, 2, 2, 2, 2, 2, 2, 2, 2, 2, 2, 2, 2, 2, 2, 2, 2, 2, 2, 2, 2, 2, 2, 2, 2, 2, 2, 2, 2, 2, 2, 2, 2, 2, 2, 2, 2, 2, 2, 2, 2, 2, 2, 2, 2, 2, 2, 2, 2, 2, 2, 2, 2, 2, 2, 2, 2, 2, 2, 2, 2, 2, 2, 2, 2, 2, 2, 2, 2, 2, 2, 2, 2, 2, 2, 2, 2, 2, 2, 2, 2, 2, 2, 2, 2, 2, 2, 2, 2, 2, 2, 2, 2, 2, 2, 2, 2, 2, 2, 2, 2, 2, 2, 2, 2, 2, 2, 2, 2, 2, 2, 2, 2, 2, 2, 2, 2, 2, 2, 2, 2, 2, 2, 2, 2, 2, 2, 2, 2, 2, 2, 2, 2, 2, 2, 2, 2, 2, 2, 2, 2, 2, 2, 2, 2, 2, 2, 2, 2, 2, 2, 2, 2, 2, 2, 2, 2, 2, 2, 2, 2, 2, 2, 2, 2, 2, 2, 2, 2, 2, 2, 2, 2, 2, 2, 2, 2, 2, 2, 2, 2, 2, 2, 2, 2, 2, 2, 2, 2, 2, 2, 2, 2, 2, 2, 2, 2, 2, 2, 2, 2, 2, 2, 2, 2, 2, 2, 2, 2, 2, 2, 2, 2, 2, 2, 2, 2, 2, 2, 2, 2, 2, 2, 2, 2, 2, 2, 2, 2, 2, 2, 2, 2, 2, 2, 2, 2, 2, 1, 1, 1, 1, 1, 1, 1, 1, 1, 1, 1, 1, 1, 1, 1, 1, 1, 1, 1, 1, 1, 1, 1, 1, 1, 1, 1, 1, 1, 1, 1, 1, 1, 1, 1, 1, 1, 1, 1, 1, 1, 1, 1, 1, 1, 1, 1, 1, 1, 1, 1, 1, 1, 1, 1, 1, 1, 1, 1, 1, 1, 1, 1, 1, 1, 1, 1, 1, 1, 1, 1, 1, 1, 1, 1, 1, 1, 1, 1, 1, 1, 1, 1, 1, 1, 1, 1, 1, 1, 1, 1, 1, 1, 1, 1, 1, 1, 1, 1, 1, 1, 1, 1, 1, 1, 1, 1, 1, 1, 1, 1, 1, 1, 1, 1, 1, 1, 1, 1, 1, 1, 1, 1, 1, 1, 1, 1, 1, 1, 1, 1, 1, 1, 1, 1, 1, 1, 1, 1, 1, 1, 1, 1, 1, 1, 1, 1, 1, 1, 1, 1, 1, 1, 1, 1, 1, 1, 1, 1, 1, 1, 1, 1, 1, 1, 1, 1, 1, 1, 1, 1, 1, 1, 1, 1, 1, 1, 1, 1, 1, 1, 1, 1, 1, 1, 1, 1, 1, 1, 1, 1, 1, 1, 1, 1, 1, 1, 1, 1, 1, 1, 1, 1, 1, 1, 1, 1, 1, 1, 1, 1, 1, 1, 1, 1, 1, 1, 1, 1, 1, 1, 1, 1, 1, 1, 1, 1, 1, 1, 1, 1, 1, 1, 1, 1, 1, 1, 1, 1, 1, 1, 1, 1, 1, 1, 1, 1, 1, 1, 1, 1, 1, 1, 1, 1, 1, 1, 1, 1, 1, 1, 1, 1, 1, 1, 1, 1, 1, 1, 1, 1, 1, 1, 1, 1, 1, 1, 1, 1, 1, 1, 1, 1, 1, 1, 1, 1, 1, 1, 1, 1, 1, 1, 1, 1, 1, 1, 1, 1, 1, 1, 1, 1, 1, 1, 1, 1, 1, 1, 1, 1, 1, 1, 1, 1, 1, 1, 1, 1, 1, 1, 1, 1, 1, 1, 1, 1, 1, 1, 1, 1, 1, 1, 1, 1, 1, 1, 1, 1, 1, 1, 1, 1, 1, 1, 1, 1, 1, 1, 1, 1, 1, 1, 1, 1, 1, 1, 1, 1, 1, 1, 1, 1, 1, 1, 1, 1, 1, 1, 1, 1, 1, 1, 1, 1, 1, 1, 1, 1, 1, 1, 1, 1, 1, 1, 1, 1, 1, 1, 1, 1, 1, 1, 1, 1, 1, 1, 1, 1, 1, 1, 1, 1, 1, 1, 1, 1, 1, 1, 1, 1, 1, 1, 1, 1, 1, 1, 1, 1, 1, 1, 1, 1, 1, 1, 1, 1, 1, 1, 1, 1, 1, 1, 1, 1, 1, 1, 1, 1, 1, 1, 1, 1, 1, 1, 1, 1, 1, 1, 1, 1, 1, 1, 1, 1, 1, 1, 1, 1, 1, 1, 1, 1, 1, 1, 1, 1, 1, 1, 1, 1, 1, 1, 1, 1, 1, 1, 1, 1, 1, 1, 1, 1, 1, 1, 1, 1, 1, 1, 1, 1, 1, 1, 1, 1, 1, 1, 1, 1, 1, 1, 1, 1, 1, 1, 1, 1, 1, 1, 1, 1, 1, 1, 1, 1, 1, 1, 1, 1, 1, 1, 1, 1, 1, 1, 1, 1, 1, 1, 1, 1, 1, 1, 1, 1, 1, 1, 1, 1, 1, 1, 1, 1, 1, 1, 1, 1, 1, 1, 1, 1, 1, 1, 1, 1, 1, 1, 1, 1, 1, 1, 1, 1, 1, 1, 1, 1, 1, 1, 1, 1, 1, 1, 1, 1, 1, 1, 1, 1, 1, 1, 1, 1, 1, 1, 1, 1, 1, 1, 1, 1, 1, 1, 1, 1, 1, 1, 1, 1, 1, 1, 1, 1, 1, 1, 1, 1, 1, 1, 1, 1, 1, 1, 1, 1, 1, 1, 1, 1, 1, 1, 1, 1, 1, 1, 1, 1, 1, 1, 1, 1, 1, 1, 1, 1, 1, 1, 1, 1, 1, 1, 1, 1, 1, 1, 1, 1, 1, 1, 1, 1, 1, 1, 1, 1, 1, 1, 1, 1, 1, 1, 1, 1, 1, 1, 1, 1, 1, 1, 1, 1, 1, 1, 1, 1, 1, 1, 1, 1, 1, 1, 1, 1, 1, 1, 1, 1, 1, 1, 1, 1, 1, 1, 1, 1, 1, 1, 1, 1, 1, 1, 1, 1, 1, 1, 1, 1, 1, 1, 1, 1, 1, 1, 1, 1, 1, 1, 1, 1, 1, 1, 1, 1, 1, 1, 1, 1, 1, 1, 1, 1, 1, 1, 1, 1, 1, 1, 1, 1, 1, 1, 1, 1, 1, 1, 1, 1, 1, 1, 1, 1, 1, 1, 1, 1, 1, 1, 1, 1, 1, 1, 1, 1, 1, 1, 1, 1, 1, 1, 1, 1, 1, 1, 1, 1, 1, 1, 1, 1, 1, 1, 1, 1, 1, 1, 1, 1, 1, 1, 1, 1, 1, 1, 1, 1, 1, 1, 1, 1, 1, 1, 1, 1, 1, 1, 1, 1, 1, 1, 1, 1, 1, 1, 1, 1, 1, 1, 1, 1, 1, 1, 1, 1, 1, 1, 1, 1, 1, 1, 1, 1, 1, 1, 1, 1, 1, 1, 1, 1, 1, 1, 1, 1, 1, 1, 1, 1, 1, 1, 1, 1, 1, 1, 1, 1, 1, 1, 1, 1, 1, 1, 1, 1, 1, 1, 1, 1, 1, 1, 1, 1, 1, 1, 1, 1, 1, 1, 1, 1, 1, 1, 1, 1, 1, 1, 1, 1, 1, 1, 1, 1, 1, 1, 1, 1, 1, 1, 1, 1, 1, 1, 1, 1, 1, 1, 1, 1, 1, 1, 1, 1, 1, 1, 1, 1, 1, 1, 1, 1, 1, 1, 1, 1, 1, 1, 1, 1, 1, 1, 1, 1, 1, 1, 1, 1, 1, 1, 1, 1, 1, 1, 1, 1, 1, 1, 1, 1, 1, 1, 1, 1, 1, 1, 1, 1, 1, 1, 1, 1, 1, 1, 1, 1, 1, 1, 1, 1, 1, 1, 1, 1, 1, 1, 1, 1, 1, 1, 1, 1, 1, 1, 1, 1, 1, 1, 1, 1, 1, 1, 1, 1, 1, 1, 1, 1, 1, 1, 1, 1, 1, 1, 1, 1, 1, 1, 1, 1, 1, 1, 1, 1, 1, 1, 1, 1, 1, 1, 1, 1, 1, 1, 1, 1, 1, 1, 1, 1, 1, 1, 1, 1, 1, 1, 1, 1, 1, 1, 1, 1, 1, 1, 1, 1, 1, 1, 1, 1, 1, 1, 1, 1, 1, 1, 1, 1, 1, 1, 1, 1, 1, 1, 1, 1, 1, 1, 1, 1, 1, 1, 1, 1, 1, 1, 1, 1, 1, 1, 1, 1, 1, 1, 1, 1, 1, 1, 1, 1, 1, 1, 1, 1, 1, 1, 1, 1, 1, 1, 1, 1, 1, 1, 1, 1, 1, 1, 1, 1, 1, 1, 1, 1, 1, 1, 1, 1, 1, 1, 1, 1, 1, 1, 1, 1, 1, 1, 1, 1, 1, 1, 1, 1, 1, 1, 1, 1, 1, 1, 1, 1, 1, 1, 1, 1, 1, 1, 1, 1, 1, 1, 1, 1, 1, 1, 1, 1, 1, 1, 1, 1, 1, 1, 1, 1, 1, 1, 1, 1, 1, 1, 1, 1, 1, 1, 1, 1, 1, 1, 1, 1, 1, 1, 1, 1, 1, 1, 1, 1, 1, 1, 1, 1, 1, 1, 1, 1, 1, 1, 1, 1, 1, 1, 1, 1, 1, 1, 1, 1, 1, 1, 1, 1, 1, 1, 1, 1, 1, 1, 1, 1, 1, 1, 1, 1, 1, 1, 1, 1, 1, 1, 1, 1, 1, 1, 1, 1, 1, 1, 1, 1, 1, 1, 1, 1, 1, 1, 1, 1, 1, 1, 1, 1, 1, 1, 1, 1, 1, 1, 1, 1, 1, 1, 1, 1, 1, 1, 1, 1, 1, 1, 1, 1, 1, 1, 1, 1, 1, 1, 1, 1, 1, 1, 1, 1, 1, 1, 1, 1, 1, 1, 1, 1, 1, 1, 1, 1, 1, 1, 1, 1, 1, 1, 1, 1, 1, 1, 1, 1, 1, 1, 1, 1, 1, 1, 1, 1, 1, 1, 1, 1, 1, 1, 1, 1, 1, 1, 1, 1, 1, 1, 1, 1, 1, 1, 1, 1, 1, 1, 1, 1, 1, 1, 1, 1, 1, 1, 1, 1, 1, 1, 1, 1, 1, 1, 1, 1, 1, 1, 1, 1, 1, 1, 1, 1, 1, 1, 1, 1, 1, 1, 1, 1, 1, 1, 1, 1, 1, 1, 1, 1, 1, 1, 1, 1, 1, 1, 1, 1, 1, 1, 1, 1, 1, 1, 1, 1, 1, 1, 1, 1]",82000,32500,2300,180,32180,5,0,120000000,16250,False,True,,,
pydantic,pypi,https://github.com/pydantic/pydantic,MIT,2017-05-03T20:58:44.335432+00:00,2026-09-09T21:55:06.583432+00:00,2.13.5,206,1,450,4200,1092,1566,"[1092, 474, 285, 199, 151, 120, 99, 84, 72, 63, 56, 50, 46, 42, 38, 35, 33, 30, 28, 27, 25, 24, 22, 21, 20, 19, 18, 17, 17, 16, 15, 15, 14, 14, 13, 13, 12, 12, 12, 11, 11, 11, 10, 10, 10, 9, 9, 9, 9, 8, 8, 8, 8, 8, 8, 7, 7, 7, 7, 7, 7, 6, 6, 6, 6, 6, 6, 6, 6, 6, 5, 5, 5, 5, 5, 5, 5, 5, 5, 5, 5, 5, 4, 4, 4, 4, 4, 4, 4, 4, 4, 4, 4, 4, 4, 4, 4, 4, 4, 4, 4, 3, 3, 3, 3, 3, 3, 3, 3, 3, 3, 3, 3, 3, 3, 3, 3, 3, 3, 3, 3, 3, 3, 3, 3, 3, 3, 3, 3, 3, 3, 3, 2, 2, 2, 2, 2, 2, 2, 2, 2, 2, 2, 2, 2, 2, 2, 2, 2, 2, 2, 2, 2, 2, 2, 2, 2, 2, 2, 2, 2, 2, 2, 2, 2, 2, 2, 2, 2, 2, 2, 2, 2, 2, 2, 2, 2, 2, 2, 2, 2, 2, 2, 2, 2, 2, 2, 2, 2, 2, 2, 2, 2, 2, 2, 2, 2, 2, 2, 1, 1, 1, 1, 1, 1, 1, 1, 1, 1, 1, 1, 1, 1, 1, 1, 1, 1, 1, 1, 1, 1, 1, 1, 1, 1, 1, 1, 1, 1, 1, 1, 1, 1, 1, 1, 1, 1, 1, 1, 1, 1, 1, 1, 1, 1, 1, 1, 1, 1, 1, 1, 1, 1, 1, 1, 1, 1, 1, 1, 1, 1, 1, 1, 1, 1, 1, 1, 1, 1, 1, 1, 1, 1, 1, 1, 1, 1, 1, 1, 1, 1, 1, 1, 1, 1, 1, 1, 1, 1, 1, 1, 1, 1, 1, 1, 1, 1, 1, 1, 1, 1, 1, 1, 1, 1, 1, 1, 1, 1, 1, 1, 1, 1, 1, 1, 1, 1, 1, 1, 1, 1, 1, 1, 1, 1, 1, 1, 1, 1, 1, 1, 1, 1, 1, 1, 1, 1, 1, 1, 1, 1, 1, 1, 1, 1, 1, 1, 1, 1, 1, 1, 1, 1, 1, 1, 1, 1, 1, 1, 1, 1, 1, 1, 1, 1, 1, 1, 1, 1, 1, 1, 1, 1, 1, 1, 1, 1, 1, 1, 1, 1, 1, 1, 1, 1, 1, 1, 1, 1, 1, 1, 1, 1, 1, 1, 1, 1, 1, 1, 1, 1, 1, 1, 1, 1, 1, 1, 1, 1, 1, 1, 1, 1, 1, 1, 1, 1, 1, 1, 1, 1, 1, 1, 1, 1, 1, 1, 1, 1, 1, 1, 1, 1, 1, 1, 1, 1, 1, 1, 1, 1, 1, 1, 1, 1, 1, 1, 1, 1, 1]",25000,2100,320,320,7820,6,0,320000000,1050,False,True,,,
fastapi,pypi,https://github.com/tiangolo/fastapi,MIT,2018-12-08T08:14:13.103167+00:00,2026-07-29T17:18:05.568608+00:00,0.141.1,317,1,750,2800,408,715,"[408, 307, 185, 129, 98, 78, 64, 54, 47, 41, 36, 33, 30, 27, 25, 23, 21, 20, 18, 17, 16, 15, 15, 14, 13, 12, 12, 11, 11, 10, 10, 10, 9, 9, 9, 8, 8, 8, 7, 7, 7, 7, 7, 6, 6, 6, 6, 6, 6, 5, 5, 5, 5, 5, 5, 5, 5, 5, 4, 4, 4, 4, 4, 4, 4, 4, 4, 4, 4, 4, 4, 3, 3, 3, 3, 3, 3, 3, 3, 3, 3, 3, 3, 3, 3, 3, 3, 3, 3, 3, 3, 3, 3, 2, 2, 2, 2, 2, 2, 2, 2, 2, 2, 2, 2, 2, 2, 2, 2, 2, 2, 2, 2, 2, 2, 2, 2, 2, 2, 2, 2, 2, 2, 2, 2, 2, 2, 2, 2, 2, 2, 2, 2, 2, 2, 2, 2, 2, 2, 2, 2, 1, 1, 1, 1, 1, 1, 1, 1, 1, 1, 1, 1, 1, 1, 1, 1, 1, 1, 1, 1, 1, 1, 1, 1, 1, 1, 1, 1, 1, 1, 1, 1, 1, 1, 1, 1, 1, 1, 1, 1, 1, 1, 1, 1, 1, 1, 1, 1, 1, 1, 1, 1, 1, 1, 1, 1, 1, 1, 1, 1, 1, 1, 1, 1, 1, 1, 1, 1, 1, 1, 1, 1, 1, 1, 1, 1, 1, 1, 1, 1, 1, 1, 1, 1, 1, 1, 1, 1, 1, 1, 1, 1, 1, 1, 1, 1, 1, 1, 1, 1, 1, 1, 1, 1, 1, 1, 1, 1, 1, 1, 1, 1, 1, 1, 1, 1, 1, 1, 1, 1, 1, 1, 1, 1, 1, 1, 1, 1, 1, 1, 1, 1, 1, 1, 1, 1, 1, 1, 1, 1, 1, 1, 1, 1, 1, 1, 1, 1, 1, 1, 1, 1, 1, 1, 1, 1, 1, 1, 1, 1, 1, 1, 1, 1, 1, 1, 1, 1, 1, 1, 1, 1, 1, 1, 1, 1, 1, 1, 1, 1, 1, 1, 1, 1, 1, 1, 1, 1, 1, 1, 1, 1, 1, 1, 1, 1, 1, 1, 1, 1, 1, 1, 1, 1, 1, 1, 1, 1, 1, 1, 1, 1, 1, 1, 1, 1, 1, 1, 1, 1, 1, 1, 1, 1, 1, 1, 1, 1, 1, 1, 1, 1, 1, 1, 1, 1, 1, 1, 1, 1, 1, 1, 1, 1, 1, 1, 1, 1, 1, 1, 1, 1, 1, 1, 1, 1, 1, 1, 1, 1, 1, 1, 1, 1, 1, 1, 1, 1, 1, 1, 1, 1, 1, 1, 1, 1, 1, 1, 1, 1, 1, 1, 1, 1, 1, 1, 1, 1, 1, 1, 1, 1, 1, 1, 1, 1, 1, 1, 1, 1, 1, 1, 1, 1, 1, 1, 1, 1, 1, 1, 1, 1, 1, 1, 1, 1, 1, 1, 1, 1, 1, 1, 1, 1, 1, 1, 1, 1, 1, 1, 1, 1, 1, 1, 1, 1, 1, 1, 1, 1, 1, 1, 1, 1, 1, 1, 1, 1, 1, 1, 1, 1, 1, 1, 1, 1, 1, 1, 1, 1, 1, 1, 1, 1, 1, 1, 1, 1, 1, 1, 1, 1, 1, 1, 1, 1, 1, 1, 1, 1, 1, 1, 1, 1, 1, 1, 1, 1, 1, 1, 1, 1, 1, 1, 1, 1, 1, 1, 1, 1, 1, 1, 1, 1, 1, 1, 1, 1, 1, 1, 1, 1, 1, 1, 1, 1, 1, 1, 1, 1, 1, 1, 1, 1, 1, 1, 1, 1, 1, 1, 1, 1, 1, 1, 1, 1, 1, 1, 1, 1, 1, 1, 1, 1, 1, 1, 1, 1, 1, 1, 1, 1, 1, 1, 1, 1, 1, 1, 1, 1, 1, 1, 1, 1, 1, 1, 1, 1, 1, 1, 1, 1, 1, 1, 1, 1, 1, 1, 1, 1, 1, 1, 1, 1, 1, 1, 1, 1, 1, 1, 1, 1, 1, 1, 1, 1, 1, 1, 1, 1, 1, 1, 1, 1, 1, 1, 1, 1, 1, 1, 1, 1, 1, 1, 1, 1, 1, 1, 1, 1, 1, 1, 1, 1, 1, 1, 1, 1, 1, 1, 1, 1, 1, 1, 1, 1, 1, 1, 1, 1, 1, 1, 1, 1, 1, 1, 1, 1, 1, 1, 1, 1, 1, 1, 1, 1, 1, 1, 1, 1, 1, 1, 1, 1, 1, 1, 1, 1, 1, 1, 1, 1, 1, 1, 1, 1, 1, 1, 1, 1, 1, 1, 1, 1, 1, 1, 1, 1, 1, 1, 1, 1, 1, 1, 1, 1, 1, 1, 1, 1, 1, 1, 1, 1, 1, 1, 1, 1, 1]",82000,6800,1200,650,5450,32,0,140000000,3400,False,True,,,
scikit-learn,pypi,https://github.com/scikit-learn/scikit-learn,BSD-3-Clause,2011-09-22T00:03:10.112867+00:00,2026-09-10T18:34:04.679234+00:00,1.9.1,76,1,2800,31000,7084,10306,"[7084, 3222, 1941, 1355, 1025, 816, 673, 570, 492, 431, 383, 343, 310, 283, 260, 239, 222, 207, 193, 181, 170, 161, 152, 144, 137, 131, 125, 119, 114, 109, 105, 101, 97, 93, 90, 87, 84, 81, 79, 76, 74, 72, 70, 68, 66, 64, 62, 61, 59, 58, 56, 55, 54, 52, 51, 50, 49, 48, 47, 46, 45, 44, 43, 42, 42, 41, 40, 39, 39, 38, 37, 37, 36, 35, 35, 34, 34, 33, 33, 32, 32, 31, 31, 30, 30, 29, 29, 28, 28, 28, 27, 27, 27, 26, 26, 26, 25, 25, 25, 24, 24, 24, 23, 23, 23, 23, 22, 22, 22, 22, 21, 21, 21, 21, 20, 20, 20, 20, 19, 19, 19, 19, 19, 19, 18, 18, 18, 18, 18, 17, 17, 17, 17, 17, 17, 17, 16, 16, 16, 16, 16, 16, 15, 15, 15, 15, 15, 15, 15, 15, 14, 14, 14, 14, 14, 14, 14, 14, 14, 13, 13, 13, 13, 13, 13, 13, 13, 13, 13, 12, 12, 12, 12, 12, 12, 12, 12, 12, 12, 12, 12, 11, 11, 11, 11, 11, 11, 11, 11, 11, 11, 11, 11, 11, 11, 10, 10, 10, 10, 10, 10, 10, 10, 10, 10, 10, 10, 10, 10, 10, 10, 9, 9, 9, 9, 9, 9, 9, 9, 9, 9, 9, 9, 9, 9, 9, 9, 9, 9, 9, 9, 8, 8, 8, 8, 8, 8, 8, 8, 8, 8, 8, 8, 8, 8, 8, 8, 8, 8, 8, 8, 8, 8, 8, 8, 7, 7, 7, 7, 7, 7, 7, 7, 7, 7, 7, 7, 7, 7, 7, 7, 7, 7, 7, 7, 7, 7, 7, 7, 7, 7, 7, 7, 7, 7, 7, 6, 6, 6, 6, 6, 6, 6, 6, 6, 6, 6, 6, 6, 6, 6, 6, 6, 6, 6, 6, 6, 6, 6, 6, 6, 6, 6, 6, 6, 6, 6, 6, 6, 6, 6, 6, 6, 6, 6, 6, 6, 5, 5, 5, 5, 5, 5, 5, 5, 5, 5, 5, 5, 5, 5, 5, 5, 5, 5, 5, 5, 5, 5, 5, 5, 5, 5, 5, 5, 5, 5, 5, 5, 5, 5, 5, 5, 5, 5, 5, 5, 5, 5, 5, 5, 5, 5, 5, 5, 5, 5, 5, 5, 5, 5, 5, 5, 5, 4, 4, 4, 4, 4, 4, 4, 4, 4, 4, 4, 4, 4, 4, 4, 4, 4, 4, 4, 4, 4, 4, 4, 4, 4, 4, 4, 4, 4, 4, 4, 4, 4, 4, 4, 4, 4, 4, 4, 4, 4, 4, 4, 4, 4, 4, 4, 4, 4, 4, 4, 4, 4, 4, 4, 4, 4, 4, 4, 4, 4, 4, 4, 4, 4, 4, 4, 4, 4, 4, 4, 4, 4, 4, 4, 4, 4, 4, 4, 4, 4, 4, 4, 4, 4, 4, 3, 3, 3, 3, 3, 3, 3, 3, 3, 3, 3, 3, 3, 3, 3, 3, 3, 3, 3, 3, 3, 3, 3, 3, 3, 3, 3, 3, 3, 3, 3, 3, 3, 3, 3, 3, 3, 3, 3, 3, 3, 3, 3, 3, 3, 3, 3, 3, 3, 3, 3, 3, 3, 3, 3, 3, 3, 3, 3, 3, 3, 3, 3, 3, 3, 3, 3, 3, 3, 3, 3, 3, 3, 3, 3, 3, 3, 3, 3, 3, 3, 3, 3, 3, 3, 3, 3, 3, 3, 3, 3, 3, 3, 3, 3, 3, 3, 3, 3, 3, 3, 3, 3, 3, 3, 3, 3, 3, 3, 3, 3, 3, 3, 3, 3, 3, 3, 3, 3, 3, 3, 3, 3, 3, 3, 3, 3, 3, 3, 3, 3, 3, 3, 3, 3, 3, 3, 3, 3, 3, 3, 3, 3, 3, 3, 2, 2, 2, 2, 2, 2, 2, 2, 2, 2, 2, 2, 2, 2, 2, 2, 2, 2, 2, 2, 2, 2, 2, 2, 2, 2, 2, 2, 2, 2, 2, 2, 2, 2, 2, 2, 2, 2, 2, 2, 2, 2, 2, 2, 2, 2, 2, 2, 2, 2, 2, 2, 2, 2, 2, 2, 2, 2, 2, 2, 2, 2, 2, 2, 2, 2, 2, 2, 2, 2, 2, 2, 2, 2, 2, 2, 2, 2, 2, 2, 2, 2, 2, 2, 2, 2, 2, 2, 2, 2, 2, 2, 2, 2, 2, 2, 2, 2, 2, 2, 2, 2, 2, 2, 2, 2, 2, 2, 2, 2, 2, 2, 2, 2, 2, 2, 2, 2, 2, 2, 2, 2, 2, 2, 2, 2, 2, 2, 2, 2, 2, 2, 2, 2, 2, 2, 2, 2, 2, 2, 2, 2, 2, 2, 2, 2, 2, 2, 2, 2, 2, 2, 2, 2, 2, 2, 2, 2, 2, 2, 2, 2, 2, 2, 2, 2, 2, 2, 2, 2, 2, 2, 2, 2, 2, 2, 2, 2, 2, 2, 2, 2, 2, 2, 2, 2, 2, 2, 2, 2, 2, 2, 2, 2, 2, 2, 2, 2, 2, 2, 2, 2, 2, 2, 2, 2, 2, 2, 2, 2, 2, 2, 2, 2, 2, 2, 2, 2, 2, 2, 2, 2, 2, 2, 2, 2, 2, 2, 2, 2, 2, 2, 2, 2, 2, 2, 2, 2, 2, 2, 2, 2, 2, 2, 2, 2, 2, 2, 2, 2, 2, 2, 2, 2, 2, 2, 2, 2, 2, 2, 2, 2, 2, 2, 2, 2, 2, 2, 2, 2, 2, 2, 2, 2, 2, 2, 2, 2, 2, 2, 2, 2, 2, 2, 2, 2, 2, 2, 2, 2, 2, 2, 2, 2, 2, 2, 2, 2, 2, 2, 2, 2, 2, 2, 2, 2, 2, 2, 2, 2, 2, 1, 1, 1, 1, 1, 1, 1, 1, 1, 1, 1, 1, 1, 1, 1, 1, 1, 1, 1, 1, 1, 1, 1, 1, 1, 1, 1, 1, 1, 1, 1, 1, 1, 1, 1, 1, 1, 1, 1, 1, 1, 1, 1, 1, 1, 1, 1, 1, 1, 1, 1, 1, 1, 1, 1, 1, 1, 1, 1, 1, 1, 1, 1, 1, 1, 1, 1, 1, 1, 1, 1, 1, 1, 1, 1, 1, 1, 1, 1, 1, 1, 1, 1, 1, 1, 1, 1, 1, 1, 1, 1, 1, 1, 1, 1, 1, 1, 1, 1, 1, 1, 1, 1, 1, 1, 1, 1, 1, 1, 1, 1, 1, 1, 1, 1, 1, 1, 1, 1, 1, 1, 1, 1, 1, 1, 1, 1, 1, 1, 1, 1, 1, 1, 1, 1, 1, 1, 1, 1, 1, 1, 1, 1, 1, 1, 1, 1, 1, 1, 1, 1, 1, 1, 1, 1, 1, 1, 1, 1, 1, 1, 1, 1, 1, 1, 1, 1, 1, 1, 1, 1, 1, 1, 1, 1, 1, 1, 1, 1, 1, 1, 1, 1, 1, 1, 1, 1, 1, 1, 1, 1, 1, 1, 1, 1, 1, 1, 1, 1, 1, 1, 1, 1, 1, 1, 1, 1, 1, 1, 1, 1, 1, 1, 1, 1, 1, 1, 1, 1, 1, 1, 1, 1, 1, 1, 1, 1, 1, 1, 1, 1, 1, 1, 1, 1, 1, 1, 1, 1, 1, 1, 1, 1, 1, 1, 1, 1, 1, 1, 1, 1, 1, 1, 1, 1, 1, 1, 1, 1, 1, 1, 1, 1, 1, 1, 1, 1, 1, 1, 1, 1, 1, 1, 1, 1, 1, 1, 1, 1, 1, 1, 1, 1, 1, 1, 1, 1, 1, 1, 1, 1, 1, 1, 1, 1, 1, 1, 1, 1, 1, 1, 1, 1, 1, 1, 1, 1, 1, 1, 1, 1, 1, 1, 1, 1, 1, 1, 1, 1, 1, 1, 1, 1, 1, 1, 1, 1, 1, 1, 1, 1, 1, 1, 1, 1, 1, 1, 1, 1, 1, 1, 1, 1, 1, 1, 1, 1, 1, 1, 1, 1, 1, 1, 1, 1, 1, 1, 1, 1, 1, 1, 1, 1, 1, 1, 1, 1, 1, 1, 1, 1, 1, 1, 1, 1, 1, 1, 1, 1, 1, 1, 1, 1, 1, 1, 1, 1, 1, 1, 1, 1, 1, 1, 1, 1, 1, 1, 1, 1, 1, 1, 1, 1, 1, 1, 1, 1, 1, 1, 1, 1, 1, 1, 1, 1, 1, 1, 1, 1, 1, 1, 1, 1, 1, 1, 1, 1, 1, 1, 1, 1, 1, 1, 1, 1, 1, 1, 1, 1, 1, 1, 1, 1, 1, 1, 1, 1, 1, 1, 1, 1, 1, 1, 1, 1, 1, 1, 1, 1, 1, 1, 1, 1, 1, 1, 1, 1, 1, 1, 1, 1, 1, 1, 1, 1, 1, 1, 1, 1, 1, 1, 1, 1, 1, 1, 1, 1, 1, 1, 1, 1, 1, 1, 1, 1, 1, 1, 1, 1, 1, 1, 1, 1, 1, 1, 1, 1, 1, 1, 1, 1, 1, 1, 1, 1, 1, 1, 1, 1, 1, 1, 1, 1, 1, 1, 1, 1, 1, 1, 1, 1, 1, 1, 1, 1, 1, 1, 1, 1, 1, 1, 1, 1, 1, 1, 1, 1, 1, 1, 1, 1, 1, 1, 1, 1, 1, 1, 1, 1, 1, 1, 1, 1, 1, 1, 1, 1, 1, 1, 1, 1, 1, 1, 1, 1, 1, 1, 1, 1, 1, 1, 1, 1, 1, 1, 1, 1, 1, 1, 1, 1, 1, 1, 1, 1, 1, 1, 1, 1, 1, 1, 1, 1, 1, 1, 1, 1, 1, 1, 1, 1, 1, 1, 1, 1, 1, 1, 1, 1, 1, 1, 1, 1, 1, 1, 1, 1, 1, 1, 1, 1, 1, 1, 1, 1, 1, 1, 1, 1, 1, 1, 1, 1, 1, 1, 1, 1, 1, 1, 1, 1, 1, 1, 1, 1, 1, 1, 1, 1, 1, 1, 1, 1, 1, 1, 1, 1, 1, 1, 1, 1, 1, 1, 1, 1, 1, 1, 1, 1, 1, 1, 1, 1, 1, 1, 1, 1, 1, 1, 1, 1, 1, 1, 1, 1, 1, 1, 1, 1, 1, 1, 1, 1, 1, 1, 1, 1, 1, 1, 1, 1, 1, 1, 1, 1, 1, 1, 1, 1, 1, 1, 1, 1, 1, 1, 1, 1, 1, 1, 1, 1, 1, 1, 1, 1, 1, 1, 1, 1, 1, 1, 1, 1, 1, 1, 1, 1, 1, 1, 1, 1, 1, 1, 1, 1, 1, 1, 1, 1, 1, 1, 1, 1, 1, 1, 1, 1, 1, 1, 1, 1, 1, 1, 1, 1, 1, 1, 1, 1, 1, 1, 1, 1, 1, 1, 1, 1, 1, 1, 1, 1, 1, 1, 1, 1, 1, 1, 1, 1, 1, 1, 1, 1, 1, 1, 1, 1, 1, 1, 1, 1, 1, 1, 1, 1, 1, 1, 1, 1, 1, 1, 1, 1, 1, 1, 1, 1, 1, 1, 1, 1, 1, 1, 1, 1, 1, 1, 1, 1, 1, 1, 1, 1, 1, 1, 1, 1, 1, 1, 1, 1, 1, 1, 1, 1, 1, 1, 1, 1, 1, 1, 1, 1, 1, 1, 1, 1, 1, 1, 1, 1, 1, 1, 1, 1, 1, 1, 1, 1, 1, 1, 1, 1, 1, 1, 1, 1, 1, 1, 1, 1, 1, 1, 1, 1, 1, 1, 1, 1, 1, 1, 1, 1, 1, 1, 1, 1, 1, 1, 1, 1, 1, 1, 1, 1, 1, 1, 1, 1, 1, 1, 1, 1, 1, 1, 1, 1, 1, 1, 1, 1, 1, 1, 1, 1, 1, 1, 1, 1, 1, 1, 1, 1, 1, 1, 1, 1, 1, 1, 1, 1, 1, 1, 1, 1, 1, 1, 1, 1, 1, 1, 1, 1, 1, 1, 1, 1, 1, 1, 1, 1, 1, 1, 1, 1, 1, 1, 1, 1, 1, 1, 1, 1, 1, 1, 1, 1, 1, 1, 1, 1, 1, 1, 1, 1, 1, 1, 1, 1, 1, 1, 1, 1, 1, 1, 1, 1, 1, 1, 1, 1, 1, 1, 1, 1, 1, 1, 1, 1, 1, 1, 1, 1, 1, 1, 1, 1, 1, 1, 1, 1, 1, 1, 1, 1, 1, 1, 1, 1, 1, 1, 1, 1, 1, 1, 1, 1, 1, 1, 1, 1, 1, 1, 1, 1, 1, 1, 1, 1, 1, 1, 1, 1, 1, 1, 1, 1, 1, 1, 1, 1, 1, 1, 1, 1, 1, 1, 1, 1, 1, 1, 1, 1, 1, 1, 1, 1, 1, 1, 1, 1, 1, 1, 1, 1, 1, 1, 1, 1, 1, 1, 1, 1, 1, 1, 1, 1, 1, 1, 1, 1, 1, 1, 1, 1, 1, 1, 1, 1, 1, 1, 1, 1, 1, 1, 1, 1, 1, 1, 1, 1, 1, 1, 1, 1, 1, 1, 1, 1, 1, 1, 1, 1, 1, 1, 1, 1, 1, 1, 1, 1, 1, 1, 1, 1, 1, 1, 1, 1, 1, 1, 1, 1, 1, 1, 1, 1, 1, 1, 1, 1, 1, 1, 1, 1, 1, 1, 1, 1, 1, 1, 1, 1, 1, 1, 1, 1, 1, 1, 1, 1, 1, 1, 1, 1, 1, 1, 1, 1, 1, 1, 1, 1, 1, 1, 1, 1, 1, 1, 1, 1, 1, 1, 1, 1, 1, 1, 1, 1, 1, 1, 1, 1, 1, 1, 1, 1, 1, 1, 1, 1, 1, 1, 1, 1, 1, 1, 1, 1, 1, 1, 1, 1, 1, 1, 1, 1, 1, 1, 1, 1, 1, 1, 1, 1, 1, 1, 1, 1, 1, 1, 1, 1, 1, 1, 1, 1, 1, 1, 1, 1, 1, 1, 1, 1, 1, 1, 1, 1, 1, 1, 1, 1, 1, 1, 1, 1, 1, 1, 1, 1, 1, 1, 1, 1, 1, 1, 1, 1, 1, 1, 1, 1, 1, 1, 1, 1, 1, 1, 1, 1, 1, 1, 1, 1, 1, 1, 1, 1, 1, 1, 1, 1, 1, 1, 1, 1, 1, 1, 1, 1, 1, 1, 1, 1, 1, 1, 1, 1, 1, 1, 1, 1, 1, 1, 1, 1, 1, 1, 1, 1, 1, 1, 1, 1, 1, 1, 1, 1, 1, 1, 1, 1, 1, 1, 1, 1, 1, 1, 1, 1, 1, 1, 1, 1, 1, 1, 1, 1, 1, 1, 1, 1, 1, 1, 1, 1, 1, 1, 1, 1, 1, 1, 1, 1, 1, 1, 1, 1, 1, 1, 1, 1, 1, 1, 1, 1, 1, 1, 1, 1, 1, 1, 1, 1, 1, 1, 1, 1, 1, 1, 1, 1, 1, 1, 1, 1, 1, 1, 1, 1, 1, 1, 1, 1, 1, 1, 1, 1, 1, 1, 1, 1, 1, 1, 1, 1, 1, 1, 1, 1, 1, 1, 1, 1, 1, 1, 1, 1, 1, 1, 1, 1, 1, 1, 1, 1, 1, 1, 1, 1, 1, 1, 1, 1, 1, 1, 1, 1, 1, 1, 1, 1, 1, 1, 1, 1, 1, 1, 1, 1, 1, 1, 1, 1, 1, 1, 1, 1, 1, 1, 1, 1, 1, 1, 1, 1, 1, 1, 1, 1, 1, 1, 1, 1, 1, 1, 1, 1, 1, 1, 1, 1, 1, 1, 1, 1, 1, 1, 1, 1, 1, 1, 1, 1, 1, 1, 1, 1, 1, 1, 1, 1, 1, 1, 1, 1, 1, 1, 1, 1, 1, 1, 1, 1, 1, 1, 1, 1, 1, 1, 1, 1, 1, 1, 1, 1, 1, 1, 1, 1, 1, 1, 1, 1, 1, 1, 1, 1, 1, 1, 1, 1, 1, 1, 1, 1, 1, 1, 1, 1, 1, 1, 1, 1, 1, 1, 1, 1, 1, 1, 1, 1, 1, 1, 1, 1, 1, 1, 1, 1, 1, 1, 1, 1, 1, 1, 1, 1, 1, 1, 1, 1, 1, 1, 1, 1, 1, 1, 1, 1, 1, 1, 1, 1, 1, 1, 1, 1, 1, 1, 1, 1, 1, 1, 1, 1, 1, 1, 1, 1, 1, 1, 1, 1, 1, 1, 1, 1, 1, 1, 1, 1, 1, 1, 1, 1, 1, 1, 1, 1, 1, 1, 1, 1, 1, 1, 1, 1, 1, 1, 1, 1, 1, 1, 1, 1, 1, 1, 1, 1, 1, 1, 1, 1, 1, 1, 1, 1, 1, 1, 1, 1, 1, 1, 1, 1, 1, 1, 1, 1, 1, 1, 1, 1, 1, 1, 1, 1, 1, 1, 1, 1, 1, 1, 1, 1, 1, 1, 1, 1, 1, 1, 1, 1, 1, 1, 1, 1, 1, 1, 1, 1, 1, 1, 1, 1, 1, 1, 1, 1, 1, 1, 1, 1, 1, 1, 1, 1, 1, 1, 1, 1, 1, 1, 1, 1, 1, 1, 1, 1, 1, 1, 1, 1, 1, 1, 1, 1, 1, 1, 1, 1, 1, 1, 1, 1, 1, 1, 1, 1, 1, 1, 1, 1, 1, 1, 1, 1, 1, 1, 1, 1, 1, 1, 1, 1, 1, 1, 1, 1, 1, 1, 1, 1, 1, 1, 1, 1, 1, 1, 1, 1, 1, 1, 1, 1, 1, 1, 1, 1, 1, 1, 1, 1, 1, 1, 1, 1, 1, 1, 1, 1, 1, 1, 1, 1, 1, 1, 1, 1, 1, 1, 1, 1, 1, 1, 1, 1, 1, 1, 1, 1, 1, 1, 1, 1, 1, 1, 1, 1, 1, 1, 1]",63000,26000,1800,2100,30100,5,0,185000000,13000,False,True,,,
flask,pypi,https://github.com/pallets/flask,BSD-3-Clause,2010-04-16T14:29:37.458396+00:00,2026-02-19T05:00:57.678803+00:00,3.1.3,64,1,750,4800,1061,1588,"[1061, 527, 317, 221, 168, 133, 110, 93, 80, 70, 63, 56, 51, 46, 42, 39, 36, 34, 32, 30, 28, 26, 25, 24, 22, 21, 20, 19, 19, 18, 17, 16, 16, 15, 15, 14, 14, 13, 13, 12, 12, 12, 11, 11, 11, 10, 10, 10, 10, 9, 9, 9, 9, 9, 8, 8, 8, 8, 8, 8, 7, 7, 7, 7, 7, 7, 7, 6, 6, 6, 6, 6, 6, 6, 6, 6, 5, 5, 5, 5, 5, 5, 5, 5, 5, 5, 5, 5, 5, 5, 4, 4, 4, 4, 4, 4, 4, 4, 4, 4, 4, 4, 4, 4, 4, 4, 4, 4, 4, 4, 3, 3, 3, 3, 3, 3, 3, 3, 3, 3, 3, 3, 3, 3, 3, 3, 3, 3, 3, 3, 3, 3, 3, 3, 3, 3, 3, 3, 3, 3, 3, 3, 3, 3, 2, 2, 2, 2, 2, 2, 2, 2, 2, 2, 2, 2, 2, 2, 2, 2, 2, 2, 2, 2, 2, 2, 2, 2, 2, 2, 2, 2, 2, 2, 2, 2, 2, 2, 2, 2, 2, 2, 2, 2, 2, 2, 2, 2, 2, 2, 2, 2, 2, 2, 2, 2, 2, 2, 2, 2, 2, 2, 2, 2, 2, 2, 2, 2, 2, 2, 2, 2, 2, 2, 2, 2, 2, 1, 1, 1, 1, 1, 1, 1, 1, 1, 1, 1, 1, 1, 1, 1, 1, 1, 1, 1, 1, 1, 1, 1, 1, 1, 1, 1, 1, 1, 1, 1, 1, 1, 1, 1, 1, 1, 1, 1, 1, 1, 1, 1, 1, 1, 1, 1, 1, 1, 1, 1, 1, 1, 1, 1, 1, 1, 1, 1, 1, 1, 1, 1, 1, 1, 1, 1, 1, 1, 1, 1, 1, 1, 1, 1, 1, 1, 1, 1, 1, 1, 1, 1, 1, 1, 1, 1, 1, 1, 1, 1, 1, 1, 1, 1, 1, 1, 1, 1, 1, 1, 1, 1, 1, 1, 1, 1, 1, 1, 1, 1, 1, 1, 1, 1, 1, 1, 1, 1, 1, 1, 1, 1, 1, 1, 1, 1, 1, 1, 1, 1, 1, 1, 1, 1, 1, 1, 1, 1, 1, 1, 1, 1, 1, 1, 1, 1, 1, 1, 1, 1, 1, 1, 1, 1, 1, 1, 1, 1, 1, 1, 1, 1, 1, 1, 1, 1, 1, 1, 1, 1, 1, 1, 1, 1, 1, 1, 1, 1, 1, 1, 1, 1, 1, 1, 1, 1, 1, 1, 1, 1, 1, 1, 1, 1, 1, 1, 1, 1, 1, 1, 1, 1, 1, 1, 1, 1, 1, 1, 1, 1, 1, 1, 1, 1, 1, 1, 1, 1, 1, 1, 1, 1, 1, 1, 1, 1, 1, 1, 1, 1, 1, 1, 1, 1, 1, 1, 1, 1, 1, 1, 1, 1, 1, 1, 1, 1, 1, 1, 1, 1, 1, 1, 1, 1, 1, 1, 1, 1, 1, 1, 1, 1, 1, 1, 1, 1, 1, 1, 1, 1, 1, 1, 1, 1, 1, 1, 1, 1, 1, 1, 1, 1, 1, 1, 1, 1, 1, 1, 1, 1, 1, 1, 1, 1, 1, 1, 1, 1, 1, 1, 1, 1, 1, 1, 1, 1, 1, 1, 1, 1, 1, 1, 1, 1, 1, 1, 1, 1, 1, 1, 1, 1, 1, 1, 1, 1, 1, 1, 1, 1, 1, 1, 1, 1, 1, 1, 1, 1, 1, 1, 1, 1, 1, 1, 1, 1, 1, 1, 1, 1, 1, 1, 1, 1, 1, 1, 1, 1, 1, 1, 1, 1, 1, 1, 1, 1, 1, 1, 1, 1, 1, 1, 1, 1, 1, 1, 1, 1, 1, 1, 1, 1, 1, 1, 1, 1, 1, 1, 1, 1, 1, 1, 1, 1, 1, 1, 1, 1, 1, 1, 1, 1, 1, 1, 1, 1, 1, 1, 1, 1, 1, 1, 1, 1, 1, 1, 1, 1, 1, 1, 1, 1, 1, 1, 1, 1, 1, 1, 1, 1, 1, 1, 1, 1, 1, 1, 1, 1, 1, 1, 1, 1, 1, 1, 1, 1, 1, 1, 1, 1, 1, 1, 1, 1, 1, 1, 1, 1, 1, 1, 1, 1, 1, 1, 1, 1, 1, 1, 1, 1, 1, 1, 1, 1, 1, 1, 1, 1, 1, 1, 1, 1, 1, 1, 1, 1, 1, 1, 1, 1, 1, 1, 1, 1, 1, 1, 1, 1, 1, 1, 1, 1, 1, 1, 1, 1, 1, 1, 1, 1, 1, 1, 1, 1, 1, 1, 1, 1, 1, 1, 1, 1, 1, 1, 1, 1, 1, 1, 1, 1, 1, 1]",74800,17000,1900,12,4612,9,0,190000000,8500,False,True,,,
pytest,pypi,https://github.com/pytest-dev/pytest,MIT,2010-11-25T21:00:27.474482+00:00,2026-06-19T10:58:32.857420+00:00,9.1.1,192,1,600,14000,3700,5254,"[3700, 1554, 936, 654, 494, 394, 325, 275, 237, 208, 185, 166, 150, 137, 125, 116, 107, 100, 93, 87, 82, 78, 73, 70, 66, 63, 60, 57, 55, 53, 51, 49, 47, 45, 43, 42, 41, 39, 38, 37, 36, 35, 34, 33, 32, 31, 30, 29, 29, 28, 27, 26, 26, 25, 25, 24, 24, 23, 23, 22, 22, 21, 21, 20, 20, 20, 19, 19, 19, 18, 18, 18, 17, 17, 17, 16, 16, 16, 16, 15, 15, 15, 15, 15, 14, 14, 14, 14, 14, 13, 13, 13, 13, 13, 12, 12, 12, 12, 12, 12, 12, 11, 11, 11, 11, 11, 11, 11, 10, 10, 10, 10, 10, 10, 10, 10, 10, 10, 9, 9, 9, 9, 9, 9, 9, 9, 9, 9, 9, 8, 8, 8, 8, 8, 8, 8, 8, 8, 8, 8, 8, 8, 7, 7, 7, 7, 7, 7, 7, 7, 7, 7, 7, 7, 7, 7, 7, 7, 7, 6, 6, 6, 6, 6, 6, 6, 6, 6, 6, 6, 6, 6, 6, 6, 6, 6, 6, 6, 6, 6, 6, 6, 5, 5, 5, 5, 5, 5, 5, 5, 5, 5, 5, 5, 5, 5, 5, 5, 5, 5, 5, 5, 5, 5, 5, 5, 5, 5, 5, 5, 5, 5, 5, 5, 4, 4, 4, 4, 4, 4, 4, 4, 4, 4, 4, 4, 4, 4, 4, 4, 4, 4, 4, 4, 4, 4, 4, 4, 4, 4, 4, 4, 4, 4, 4, 4, 4, 4, 4, 4, 4, 4, 4, 4, 4, 4, 4, 4, 4, 4, 4, 4, 3, 3, 3, 3, 3, 3, 3, 3, 3, 3, 3, 3, 3, 3, 3, 3, 3, 3, 3, 3, 3, 3, 3, 3, 3, 3, 3, 3, 3, 3, 3, 3, 3, 3, 3, 3, 3, 3, 3, 3, 3, 3, 3, 3, 3, 3, 3, 3, 3, 3, 3, 3, 3, 3, 3, 3, 3, 3, 3, 3, 3, 3, 3, 3, 3, 3, 3, 3, 3, 3, 3, 3, 3, 3, 3, 3, 3, 3, 3, 3, 3, 2, 2, 2, 2, 2, 2, 2, 2, 2, 2, 2, 2, 2, 2, 2, 2, 2, 2, 2, 2, 2, 2, 2, 2, 2, 2, 2, 2, 2, 2, 2, 2, 2, 2, 2, 2, 2, 2, 2, 2, 2, 2, 2, 2, 2, 2, 2, 2, 2, 2, 2, 2, 2, 2, 2, 2, 2, 2, 2, 2, 2, 2, 2, 2, 2, 2, 2, 2, 2, 2, 2, 2, 2, 2, 2, 2, 2, 2, 2, 2, 2, 2, 2, 2, 2, 2, 2, 2, 2, 2, 2, 2, 2, 2, 2, 2, 2, 2, 2, 2, 2, 2, 2, 2, 2, 2, 2, 2, 2, 2, 2, 2, 2, 2, 2, 2, 2, 2, 2, 2, 2, 2, 2, 2, 2, 2, 2, 2, 2, 2, 2, 2, 2, 2, 2, 2, 2, 2, 2, 2, 2, 2, 2, 2, 2, 2, 2, 2, 2, 2, 2, 2, 2, 2, 2, 2, 2, 2, 2, 2, 2, 2, 2, 2, 2, 2, 2, 2, 2, 2, 2, 2, 2, 1, 1, 1, 1, 1, 1, 1, 1, 1, 1, 1, 1, 1, 1, 1, 1, 1, 1, 1, 1, 1, 1, 1, 1, 1, 1, 1, 1, 1, 1, 1, 1, 1, 1, 1, 1, 1, 1, 1, 1, 1, 1, 1, 1, 1, 1, 1, 1, 1, 1, 1, 1, 1, 1, 1, 1, 1, 1, 1, 1, 1, 1, 1, 1, 1, 1, 1, 1, 1, 1, 1, 1, 1, 1, 1, 1, 1, 1, 1, 1, 1, 1, 1, 1]",12500,2600,350,700,11700,14,0,280000000,1300,False,True,,,
scipy,pypi,https://github.com/scipy/scipy,BSD-3-Clause,2010-07-27T18:45:05.190402+00:00,2026-08-21T23:28:50.599285+00:00,1.18.1,108,1,1300,34000,8690,12328,"[8690, 3638, 2192, 1530, 1157, 922, 760, 643, 555, 487, 432, 387, 351, 320, 293, 270, 251, 233, 218, 205, 192, 182, 172, 163, 155, 147, 141, 134, 129, 123, 118, 114, 109, 105, 102, 98, 95, 92, 89, 86, 83, 81, 79, 76, 74, 72, 70, 68, 67, 65, 63, 62, 61, 59, 58, 56, 55, 54, 53, 52, 51, 50, 49, 48, 47, 46, 45, 44, 44, 43, 42, 41, 41, 40, 39, 39, 38, 37, 37, 36, 36, 35, 35, 34, 34, 33, 33, 32, 32, 31, 31, 30, 30, 30, 29, 29, 28, 28, 28, 27, 27, 27, 26, 26, 26, 25, 25, 25, 25, 24, 24, 24, 23, 23, 23, 23, 22, 22, 22, 22, 22, 21, 21, 21, 21, 20, 20, 20, 20, 20, 20, 19, 19, 19, 19, 19, 18, 18, 18, 18, 18, 18, 17, 17, 17, 17, 17, 17, 17, 16, 16, 16, 16, 16, 16, 16, 16, 15, 15, 15, 15, 15, 15, 15, 15, 15, 14, 14, 14, 14, 14, 14, 14, 14, 14, 13, 13, 13, 13, 13, 13, 13, 13, 13, 13, 13, 13, 12, 12, 12, 12, 12, 12, 12, 12, 12, 12, 12, 12, 12, 11, 11, 11, 11, 11, 11, 11, 11, 11, 11, 11, 11, 11, 11, 11, 10, 10, 10, 10, 10, 10, 10, 10, 10, 10, 10, 10, 10, 10, 10, 10, 10, 10, 9, 9, 9, 9, 9, 9, 9, 9, 9, 9, 9, 9, 9, 9, 9, 9, 9, 9, 9, 9, 9, 8, 8, 8, 8, 8, 8, 8, 8, 8, 8, 8, 8, 8, 8, 8, 8, 8, 8, 8, 8, 8, 8, 8, 8, 8, 8, 8, 7, 7, 7, 7, 7, 7, 7, 7, 7, 7, 7, 7, 7, 7, 7, 7, 7, 7, 7, 7, 7, 7, 7, 7, 7, 7, 7, 7, 7, 7, 7, 7, 7, 7, 6, 6, 6, 6, 6, 6, 6, 6, 6, 6, 6, 6, 6, 6, 6, 6, 6, 6, 6, 6, 6, 6, 6, 6, 6, 6, 6, 6, 6, 6, 6, 6, 6, 6, 6, 6, 6, 6, 6, 6, 6, 6, 6, 6, 6, 5, 5, 5, 5, 5, 5, 5, 5, 5, 5, 5, 5, 5, 5, 5, 5, 5, 5, 5, 5, 5, 5, 5, 5, 5, 5, 5, 5, 5, 5, 5, 5, 5, 5, 5, 5, 5, 5, 5, 5, 5, 5, 5, 5, 5, 5, 5, 5, 5, 5, 5, 5, 5, 5, 5, 5, 5, 5, 5, 5, 5, 5, 5, 4, 4, 4, 4, 4, 4, 4, 4, 4, 4, 4, 4, 4, 4, 4, 4, 4, 4, 4, 4, 4, 4, 4, 4, 4, 4, 4, 4, 4, 4, 4, 4, 4, 4, 4, 4, 4, 4, 4, 4, 4, 4, 4, 4, 4, 4, 4, 4, 4, 4, 4, 4, 4, 4, 4, 4, 4, 4, 4, 4, 4, 4, 4, 4, 4, 4, 4, 4, 4, 4, 4, 4, 4, 4, 4, 4, 4, 4, 4, 4, 4, 4, 4, 4, 4, 4, 4, 4, 4, 4, 4, 4, 4, 4, 4, 3, 3, 3, 3, 3, 3, 3, 3, 3, 3, 3, 3, 3, 3, 3, 3, 3, 3, 3, 3, 3, 3, 3, 3, 3, 3, 3, 3, 3, 3, 3, 3, 3, 3, 3, 3, 3, 3, 3, 3, 3, 3, 3, 3, 3, 3, 3, 3, 3, 3, 3, 3, 3, 3, 3, 3, 3, 3, 3, 3, 3, 3, 3, 3, 3, 3, 3, 3, 3, 3, 3, 3, 3, 3, 3, 3, 3, 3, 3, 3, 3, 3, 3, 3, 3, 3, 3, 3, 3, 3, 3, 3, 3, 3, 3, 3, 3, 3, 3, 3, 3, 3, 3, 3, 3, 3, 3, 3, 3, 3, 3, 3, 3, 3, 3, 3, 3, 3, 3, 3, 3, 3, 3, 3, 3, 3, 3, 3, 3, 3, 3, 3, 3, 3, 3, 3, 3, 3, 3, 3, 3, 3, 3, 3, 3, 3, 3, 3, 3, 3, 3, 3, 3, 3, 3, 3, 3, 3, 3, 3, 2, 2, 2, 2, 2, 2, 2, 2, 2, 2, 2, 2, 2, 2, 2, 2, 2, 2, 2, 2, 2, 2, 2, 2, 2, 2, 2, 2, 2, 2, 2, 2, 2, 2, 2, 2, 2, 2, 2, 2, 2, 2, 2, 2, 2, 2, 2, 2, 2, 2, 2, 2, 2, 2, 2, 2, 2, 2, 2, 2, 2, 2, 2, 2, 2, 2, 2, 2, 2, 2, 2, 2, 2, 2, 2, 2, 2, 2, 2, 2, 2, 2, 2, 2, 2, 2, 2, 2, 2, 2, 2, 2, 2, 2, 2, 2, 2, 2, 2, 2, 2, 2, 2, 2, 2, 2, 2, 2, 2, 2, 2, 2, 2, 2, 2, 2, 2, 2, 2, 2, 2, 2, 2, 2, 2, 2, 2, 2, 2, 2, 2, 2, 2, 2, 2, 2, 2, 2, 2, 2, 2, 2, 2, 2, 2, 2, 2, 2, 2, 2, 2, 2, 2, 2, 2, 2, 2, 2, 2, 2, 2, 2, 2, 2, 2, 2, 2, 2, 2, 2, 2, 2, 2, 2, 2, 2, 2, 2, 2, 2, 2, 2, 2, 2, 2, 2, 2, 2, 2, 2, 2, 2, 2, 2, 2, 2, 2, 2, 2, 2, 2, 2, 2, 2, 2, 2, 2, 2, 2, 2, 2, 2, 2, 2, 2, 2, 2, 2, 2, 2, 2, 2, 2, 2, 2, 2, 2, 2, 2, 2, 2, 2, 2, 2, 2, 2, 2, 2, 2, 2, 2, 2, 2, 2, 2, 2, 2, 2, 2, 2, 2, 2, 2, 2, 2, 2, 2, 2, 2, 2, 2, 2, 2, 2, 2, 2, 2, 2, 2, 2, 2, 2, 2, 2, 2, 2, 2, 2, 2, 2, 2, 2, 2, 2, 2, 2, 2, 2, 2, 2, 2, 2, 2, 2, 2, 2, 2, 2, 2, 2, 2, 2, 2, 2, 2, 2, 2, 2, 2, 2, 2, 2, 2, 2, 2, 2, 2, 2, 2, 2, 2, 2, 2, 2, 2, 2, 2, 2, 2, 2, 2, 2, 2, 2, 2, 2, 2, 2, 2, 2, 2, 2, 1, 1, 1, 1, 1, 1, 1, 1, 1, 1, 1, 1, 1, 1, 1, 1, 1, 1, 1, 1, 1, 1, 1, 1, 1, 1, 1, 1, 1, 1, 1, 1, 1, 1, 1, 1, 1, 1, 1, 1, 1, 1, 1, 1, 1, 1, 1, 1, 1, 1, 1, 1, 1, 1, 1, 1, 1, 1, 1, 1, 1, 1, 1, 1, 1, 1, 1, 1, 1, 1, 1, 1, 1, 1, 1, 1, 1, 1, 1, 1, 1, 1, 1, 1, 1, 1, 1, 1, 1, 1, 1, 1, 1, 1, 1, 1, 1, 1, 1, 1, 1, 1, 1, 1, 1, 1, 1, 1, 1, 1, 1, 1, 1, 1, 1, 1, 1, 1, 1, 1, 1, 1, 1, 1, 1, 1, 1, 1, 1, 1, 1, 1, 1, 1, 1, 1, 1, 1, 1, 1, 1, 1, 1, 1, 1, 1, 1, 1, 1, 1, 1, 1, 1, 1, 1, 1, 1, 1, 1, 1, 1, 1, 1, 1, 1, 1, 1, 1, 1, 1, 1, 1, 1, 1, 1, 1, 1, 1, 1, 1, 1, 1, 1, 1, 1, 1, 1, 1, 1, 1, 1, 1, 1, 1, 1, 1, 1, 1, 1, 1, 1, 1, 1, 1, 1, 1, 1, 1, 1, 1, 1, 1, 1, 1, 1, 1, 1, 1, 1, 1, 1, 1, 1, 1, 1, 1, 1, 1, 1, 1, 1, 1, 1, 1, 1, 1, 1, 1, 1, 1, 1, 1, 1, 1, 1, 1, 1, 1, 1, 1, 1, 1, 1, 1, 1, 1, 1, 1, 1, 1, 1, 1, 1, 1, 1, 1, 1, 1, 1, 1, 1, 1, 1, 1, 1, 1, 1, 1, 1, 1]",13500,5200,450,1200,19200,40,0,210000000,2600,False,True,,,
numpy,pypi,https://github.com/numpy/numpy,BSD-3-Clause,2006-12-02T02:07:43+00:00,2026-09-06T16:27:47.073273+00:00,2.5.3,151,1,1450,32000,8139,11548,"[8139, 3409, 2053, 1433, 1084, 863, 712, 603, 520, 456, 405, 363, 328, 299, 275, 253, 235, 219, 204, 192, 180, 170, 161, 153, 145, 138, 132, 126, 120, 115, 111, 107, 103, 99, 95, 92, 89, 86, 83, 81, 78, 76, 74, 72, 70, 68, 66, 64, 63, 61, 59, 58, 57, 55, 54, 53, 52, 51, 50, 49, 48, 47, 46, 45, 44, 43, 42, 42, 41, 40, 39, 39, 38, 37, 37, 36, 36, 35, 34, 34, 33, 33, 32, 32, 31, 31, 31, 30, 30, 29, 29, 28, 28, 28, 27, 27, 27, 26, 26, 26, 25, 25, 25, 24, 24, 24, 24, 23, 23, 23, 23, 22, 22, 22, 22, 21, 21, 21, 21, 20, 20, 20, 20, 20, 19, 19, 19, 19, 19, 18, 18, 18, 18, 18, 18, 17, 17, 17, 17, 17, 17, 17, 16, 16, 16, 16, 16, 16, 16, 15, 15, 15, 15, 15, 15, 15, 15, 14, 14, 14, 14, 14, 14, 14, 14, 14, 14, 13, 13, 13, 13, 13, 13, 13, 13, 13, 13, 12, 12, 12, 12, 12, 12, 12, 12, 12, 12, 12, 12, 11, 11, 11, 11, 11, 11, 11, 11, 11, 11, 11, 11, 11, 11, 11, 10, 10, 10, 10, 10, 10, 10, 10, 10, 10, 10, 10, 10, 10, 10, 10, 10, 9, 9, 9, 9, 9, 9, 9, 9, 9, 9, 9, 9, 9, 9, 9, 9, 9, 9, 9, 9, 8, 8, 8, 8, 8, 8, 8, 8, 8, 8, 8, 8, 8, 8, 8, 8, 8, 8, 8, 8, 8, 8, 8, 8, 8, 8, 7, 7, 7, 7, 7, 7, 7, 7, 7, 7, 7, 7, 7, 7, 7, 7, 7, 7, 7, 7, 7, 7, 7, 7, 7, 7, 7, 7, 7, 7, 7, 7, 6, 6, 6, 6, 6, 6, 6, 6, 6, 6, 6, 6, 6, 6, 6, 6, 6, 6, 6, 6, 6, 6, 6, 6, 6, 6, 6, 6, 6, 6, 6, 6, 6, 6, 6, 6, 6, 6, 6, 6, 6, 6, 6, 5, 5, 5, 5, 5, 5, 5, 5, 5, 5, 5, 5, 5, 5, 5, 5, 5, 5, 5, 5, 5, 5, 5, 5, 5, 5, 5, 5, 5, 5, 5, 5, 5, 5, 5, 5, 5, 5, 5, 5, 5, 5, 5, 5, 5, 5, 5, 5, 5, 5, 5, 5, 5, 5, 5, 5, 5, 5, 5, 5, 4, 4, 4, 4, 4, 4, 4, 4, 4, 4, 4, 4, 4, 4, 4, 4, 4, 4, 4, 4, 4, 4, 4, 4, 4, 4, 4, 4, 4, 4, 4, 4, 4, 4, 4, 4, 4, 4, 4, 4, 4, 4, 4, 4, 4, 4, 4, 4, 4, 4, 4, 4, 4, 4, 4, 4, 4, 4, 4, 4, 4, 4, 4, 4, 4, 4, 4, 4, 4, 4, 4, 4, 4, 4, 4, 4, 4, 4, 4, 4, 4, 4, 4, 4, 4, 4, 4, 4, 4, 3, 3, 3, 3, 3, 3, 3, 3, 3, 3, 3, 3, 3, 3, 3, 3, 3, 3, 3, 3, 3, 3, 3, 3, 3, 3, 3, 3, 3, 3, 3, 3, 3, 3, 3, 3, 3, 3, 3, 3, 3, 3, 3, 3, 3, 3, 3, 3, 3, 3, 3, 3, 3, 3, 3, 3, 3, 3, 3, 3, 3, 3, 3, 3, 3, 3, 3, 3, 3, 3, 3, 3, 3, 3, 3, 3, 3, 3, 3, 3, 3, 3, 3, 3, 3, 3, 3, 3, 3, 3, 3, 3, 3, 3, 3, 3, 3, 3, 3, 3, 3, 3, 3, 3, 3, 3, 3, 3, 3, 3, 3, 3, 3, 3, 3, 3, 3, 3, 3, 3, 3, 3, 3, 3, 3, 3, 3, 3, 3, 3, 3, 3, 3, 3, 3, 3, 3, 3, 3, 3, 3, 3, 3, 3, 3, 3, 3, 3, 3, 3, 3, 3, 2, 2, 2, 2, 2, 2, 2, 2, 2, 2, 2, 2, 2, 2, 2, 2, 2, 2, 2, 2, 2, 2, 2, 2, 2, 2, 2, 2, 2, 2, 2, 2, 2, 2, 2, 2, 2, 2, 2, 2, 2, 2, 2, 2, 2, 2, 2, 2, 2, 2, 2, 2, 2, 2, 2, 2, 2, 2, 2, 2, 2, 2, 2, 2, 2, 2, 2, 2, 2, 2, 2, 2, 2, 2, 2, 2, 2, 2, 2, 2, 2, 2, 2, 2, 2, 2, 2, 2, 2, 2, 2, 2, 2, 2, 2, 2, 2, 2, 2, 2, 2, 2, 2, 2, 2, 2, 2, 2, 2, 2, 2, 2, 2, 2, 2, 2, 2, 2, 2, 2, 2, 2, 2, 2, 2, 2, 2, 2, 2, 2, 2, 2, 2, 2, 2, 2, 2, 2, 2, 2, 2, 2, 2, 2, 2, 2, 2, 2, 2, 2, 2, 2, 2, 2, 2, 2, 2, 2, 2, 2, 2, 2, 2, 2, 2, 2, 2, 2, 2, 2, 2, 2, 2, 2, 2, 2, 2, 2, 2, 2, 2, 2, 2, 2, 2, 2, 2, 2, 2, 2, 2, 2, 2, 2, 2, 2, 2, 2, 2, 2, 2, 2, 2, 2, 2, 2, 2, 2, 2, 2, 2, 2, 2, 2, 2, 2, 2, 2, 2, 2, 2, 2, 2, 2, 2, 2, 2, 2, 2, 2, 2, 2, 2, 2, 2, 2, 2, 2, 2, 2, 2, 2, 2, 2, 2, 2, 2, 2, 2, 2, 2, 2, 2, 2, 2, 2, 2, 2, 2, 2, 2, 2, 2, 2, 2, 2, 2, 2, 2, 2, 2, 2, 2, 2, 2, 2, 2, 2, 2, 2, 2, 2, 2, 2, 2, 2, 2, 2, 2, 2, 2, 2, 2, 2, 2, 2, 2, 2, 2, 2, 2, 2, 2, 2, 2, 2, 2, 2, 2, 2, 2, 2, 2, 2, 2, 2, 2, 2, 2, 2, 2, 2, 2, 2, 2, 1, 1, 1, 1, 1, 1, 1, 1, 1, 1, 1, 1, 1, 1, 1, 1, 1, 1, 1, 1, 1, 1, 1, 1, 1, 1, 1, 1, 1, 1, 1, 1, 1, 1, 1, 1, 1, 1, 1, 1, 1, 1, 1, 1, 1, 1, 1, 1, 1, 1, 1, 1, 1, 1, 1, 1, 1, 1, 1, 1, 1, 1, 1, 1, 1, 1, 1, 1, 1, 1, 1, 1, 1, 1, 1, 1, 1, 1, 1, 1, 1, 1, 1, 1, 1, 1, 1, 1, 1, 1, 1, 1, 1, 1, 1, 1, 1, 1, 1, 1, 1, 1, 1, 1, 1, 1, 1, 1, 1, 1, 1, 1, 1, 1, 1, 1, 1, 1, 1, 1, 1, 1, 1, 1, 1, 1, 1, 1, 1, 1, 1, 1, 1, 1, 1, 1, 1, 1, 1, 1, 1, 1, 1, 1, 1, 1, 1, 1, 1, 1, 1, 1, 1, 1, 1, 1, 1, 1, 1, 1, 1, 1, 1, 1, 1, 1, 1, 1, 1, 1, 1, 1, 1, 1, 1, 1, 1, 1, 1, 1, 1, 1, 1, 1, 1, 1, 1, 1, 1, 1, 1, 1, 1, 1, 1, 1, 1, 1, 1, 1, 1, 1, 1, 1, 1, 1, 1, 1, 1, 1, 1, 1, 1, 1, 1, 1, 1, 1, 1, 1, 1, 1, 1, 1, 1, 1, 1, 1, 1, 1, 1, 1, 1, 1, 1, 1, 1, 1, 1, 1, 1, 1, 1, 1, 1, 1, 1, 1, 1, 1, 1, 1, 1, 1, 1, 1, 1, 1, 1, 1, 1, 1, 1, 1, 1, 1, 1, 1, 1, 1, 1, 1, 1, 1, 1, 1, 1, 1, 1, 1, 1, 1, 1, 1, 1, 1, 1, 1, 1, 1, 1, 1, 1, 1, 1, 1, 1, 1, 1, 1, 1, 1, 1, 1, 1, 1, 1, 1, 1, 1, 1, 1, 1, 1, 1, 1, 1, 1, 1, 1, 1, 1, 1, 1, 1, 1, 1, 1, 1, 1, 1, 1, 1, 1, 1, 1, 1, 1, 1, 1, 1, 1, 1, 1, 1, 1, 1, 1, 1, 1, 1, 1, 1, 1, 1, 1, 1, 1, 1, 1, 1, 1, 1, 1, 1, 1, 1, 1, 1, 1, 1, 1, 1, 1, 1, 1, 1, 1, 1, 1, 1, 1, 1, 1, 1, 1, 1, 1, 1, 1, 1, 1, 1, 1, 1, 1, 1, 1, 1, 1, 1, 1, 1, 1, 1, 1, 1, 1, 1, 1, 1, 1, 1, 1, 1, 1, 1, 1, 1, 1, 1, 1, 1, 1, 1, 1, 1, 1, 1, 1, 1, 1, 1, 1, 1, 1, 1, 1, 1, 1, 1, 1, 1, 1, 1, 1, 1, 1, 1, 1, 1, 1, 1, 1, 1, 1, 1, 1, 1, 1, 1, 1, 1, 1, 1, 1, 1, 1, 1, 1, 1, 1, 1, 1, 1, 1, 1, 1, 1, 1, 1, 1]",32800,12800,1100,1900,25900,0,0,450000000,6400,False,True,,,
click,pypi,https://github.com/pallets/click,BSD-3-Clause,2014-04-28T11:22:51.341948+00:00,2026-08-26T13:33:14.560531+00:00,8.5.0,65,1,350,1800,402,608,"[402, 206, 124, 87, 66, 52, 43, 36, 31, 28, 24, 22, 20, 18, 17, 15, 14, 13, 12, 12, 11, 10, 10, 9, 9, 8, 8, 8, 7, 7, 7, 6, 6, 6, 6, 6, 5, 5, 5, 5, 5, 5, 4, 4, 4, 4, 4, 4, 4, 4, 4, 4, 3, 3, 3, 3, 3, 3, 3, 3, 3, 3, 3, 3, 3, 3, 3, 3, 2, 2, 2, 2, 2, 2, 2, 2, 2, 2, 2, 2, 2, 2, 2, 2, 2, 2, 2, 2, 2, 2, 2, 2, 2, 2, 2, 2, 2, 2, 2, 2, 2, 2, 1, 1, 1, 1, 1, 1, 1, 1, 1, 1, 1, 1, 1, 1, 1, 1, 1, 1, 1, 1, 1, 1, 1, 1, 1, 1, 1, 1, 1, 1, 1, 1, 1, 1, 1, 1, 1, 1, 1, 1, 1, 1, 1, 1, 1, 1, 1, 1, 1, 1, 1, 1, 1, 1, 1, 1, 1, 1, 1, 1, 1, 1, 1, 1, 1, 1, 1, 1, 1, 1, 1, 1, 1, 1, 1, 1, 1, 1, 1, 1, 1, 1, 1, 1, 1, 1, 1, 1, 1, 1, 1, 1, 1, 1, 1, 1, 1, 1, 1, 1, 1, 1, 1, 1, 1, 1, 1, 1, 1, 1, 1, 1, 1, 1, 1, 1, 1, 1, 1, 1, 1, 1, 1, 1, 1, 1, 1, 1, 1, 1, 1, 1, 1, 1, 1, 1, 1, 1, 1, 1, 1, 1, 1, 1, 1, 1, 1, 1, 1, 1, 1, 1, 1, 1, 1, 1, 1, 1, 1, 1, 1, 1, 1, 1, 1, 1, 1, 1, 1, 1, 1, 1, 1, 1, 1, 1, 1, 1, 1, 1, 1, 1, 1, 1, 1, 1, 1, 1, 1, 1, 1, 1, 1, 1, 1, 1, 1, 1, 1, 1, 1, 1, 1, 1, 1, 1, 1, 1, 1, 1, 1, 1, 1, 1, 1, 1, 1, 1, 1, 1, 1, 1, 1, 1, 1, 1, 1, 1, 1, 1, 1, 1, 1, 1, 1, 1, 1, 1, 1, 1, 1, 1, 1, 1, 1, 1, 1, 1]",16500,1500,340,120,1920,0,0,260000000,750,False,True,,,
black,pypi,https://github.com/psf/black,MIT,2018-03-14T21:30:34.781336+00:00,2026-05-18T17:05:45.521116+00:00,26.5.1,73,1,420,2900,707,1035,"[707, 328, 198, 138, 104, 83, 69, 58, 50, 44, 39, 35, 32, 29, 26, 24, 23, 21, 20, 18, 17, 16, 16, 15, 14, 13, 13, 12, 12, 11, 11, 10, 10, 10, 9, 9, 9, 8, 8, 8, 8, 7, 7, 7, 7, 7, 6, 6, 6, 6, 6, 6, 5, 5, 5, 5, 5, 5, 5, 5, 5, 4, 4, 4, 4, 4, 4, 4, 4, 4, 4, 4, 4, 4, 4, 3, 3, 3, 3, 3, 3, 3, 3, 3, 3, 3, 3, 3, 3, 3, 3, 3, 3, 3, 3, 3, 3, 3, 3, 2, 2, 2, 2, 2, 2, 2, 2, 2, 2, 2, 2, 2, 2, 2, 2, 2, 2, 2, 2, 2, 2, 2, 2, 2, 2, 2, 2, 2, 2, 2, 2, 2, 2, 2, 2, 2, 2, 2, 2, 2, 2, 2, 2, 2, 2, 2, 2, 2, 2, 1, 1, 1, 1, 1, 1, 1, 1, 1, 1, 1, 1, 1, 1, 1, 1, 1, 1, 1, 1, 1, 1, 1, 1, 1, 1, 1, 1, 1, 1, 1, 1, 1, 1, 1, 1, 1, 1, 1, 1, 1, 1, 1, 1, 1, 1, 1, 1, 1, 1, 1, 1, 1, 1, 1, 1, 1, 1, 1, 1, 1, 1, 1, 1, 1, 1, 1, 1, 1, 1, 1, 1, 1, 1, 1, 1, 1, 1, 1, 1, 1, 1, 1, 1, 1, 1, 1, 1, 1, 1, 1, 1, 1, 1, 1, 1, 1, 1, 1, 1, 1, 1, 1, 1, 1, 1, 1, 1, 1, 1, 1, 1, 1, 1, 1, 1, 1, 1, 1, 1, 1, 1, 1, 1, 1, 1, 1, 1, 1, 1, 1, 1, 1, 1, 1, 1, 1, 1, 1, 1, 1, 1, 1, 1, 1, 1, 1, 1, 1, 1, 1, 1, 1, 1, 1, 1, 1, 1, 1, 1, 1, 1, 1, 1, 1, 1, 1, 1, 1, 1, 1, 1, 1, 1, 1, 1, 1, 1, 1, 1, 1, 1, 1, 1, 1, 1, 1, 1, 1, 1, 1, 1, 1, 1, 1, 1, 1, 1, 1, 1, 1, 1, 1, 1, 1, 1, 1, 1, 1, 1, 1, 1, 1, 1, 1, 1, 1, 1, 1, 1, 1, 1, 1, 1, 1, 1, 1, 1, 1, 1, 1, 1, 1, 1, 1, 1, 1, 1, 1, 1, 1, 1, 1, 1, 1, 1, 1, 1, 1, 1, 1, 1, 1, 1, 1, 1, 1, 1, 1, 1, 1, 1, 1, 1, 1, 1, 1, 1, 1, 1, 1]",39000,2400,420,250,4150,14,0,110000000,1200,False,True,,,
rich,pypi,https://github.com/Textualize/rich,MIT,2019-11-10T15:57:05.567678+00:00,2026-04-12T08:24:02.830783+00:00,15.0.0,207,1,240,1600,416,604,"[416, 188, 113, 79, 60, 48, 39, 33, 29, 25, 22, 20, 18, 17, 15, 14, 13, 12, 11, 11, 10, 9, 9, 8, 8, 8, 7, 7, 7, 6, 6, 6, 6, 5, 5, 5, 5, 5, 5, 4, 4, 4, 4, 4, 4, 4, 4, 4, 3, 3, 3, 3, 3, 3, 3, 3, 3, 3, 3, 3, 3, 3, 3, 2, 2, 2, 2, 2, 2, 2, 2, 2, 2, 2, 2, 2, 2, 2, 2, 2, 2, 2, 2, 2, 2, 2, 2, 2, 2, 2, 2, 2, 2, 2, 2, 1, 1, 1, 1, 1, 1, 1, 1, 1, 1, 1, 1, 1, 1, 1, 1, 1, 1, 1, 1, 1, 1, 1, 1, 1, 1, 1, 1, 1, 1, 1, 1, 1, 1, 1, 1, 1, 1, 1, 1, 1, 1, 1, 1, 1, 1, 1, 1, 1, 1, 1, 1, 1, 1, 1, 1, 1, 1, 1, 1, 1, 1, 1, 1, 1, 1, 1, 1, 1, 1, 1, 1, 1, 1, 1, 1, 1, 1, 1, 1, 1, 1, 1, 1, 1, 1, 1, 1, 1, 1, 1, 1, 1, 1, 1, 1, 1, 1, 1, 1, 1, 1, 1, 1, 1, 1, 1, 1, 1, 1, 1, 1, 1, 1, 1, 1, 1, 1, 1, 1, 1, 1, 1, 1, 1, 1, 1, 1, 1, 1, 1, 1, 1, 1, 1, 1, 1, 1, 1, 1, 1, 1, 1, 1, 1]",51000,2200,550,80,2180,3,0,95000000,1100,False,True,,,
pandas,pypi,https://github.com/pandas-dev/pandas,BSD-3-Clause,2009-12-25T23:58:31.560462+00:00,2026-09-17T23:23:18.345248+00:00,3.0.6,118,1,3100,38000,8806,12742,"[8806, 3936, 2371, 1655, 1252, 997, 822, 696, 601, 526, 467, 419, 379, 346, 317, 293, 271, 253, 236, 221, 208, 196, 186, 176, 167, 159, 152, 145, 139, 133, 128, 123, 118, 114, 110, 106, 103, 99, 96, 93, 90, 88, 85, 83, 80, 78, 76, 74, 72, 70, 69, 67, 65, 64, 63, 61, 60, 58, 57, 56, 55, 54, 53, 52, 51, 50, 49, 48, 47, 46, 45, 45, 44, 43, 42, 42, 41, 40, 40, 39, 39, 38, 37, 37, 36, 36, 35, 35, 34, 34, 33, 33, 32, 32, 32, 31, 31, 30, 30, 30, 29, 29, 29, 28, 28, 28, 27, 27, 27, 26, 26, 26, 25, 25, 25, 25, 24, 24, 24, 24, 23, 23, 23, 23, 22, 22, 22, 22, 22, 21, 21, 21, 21, 21, 20, 20, 20, 20, 20, 19, 19, 19, 19, 19, 19, 18, 18, 18, 18, 18, 18, 18, 17, 17, 17, 17, 17, 17, 17, 16, 16, 16, 16, 16, 16, 16, 16, 15, 15, 15, 15, 15, 15, 15, 15, 15, 15, 14, 14, 14, 14, 14, 14, 14, 14, 14, 14, 13, 13, 13, 13, 13, 13, 13, 13, 13, 13, 13, 13, 12, 12, 12, 12, 12, 12, 12, 12, 12, 12, 12, 12, 12, 12, 11, 11, 11, 11, 11, 11, 11, 11, 11, 11, 11, 11, 11, 11, 11, 11, 10, 10, 10, 10, 10, 10, 10, 10, 10, 10, 10, 10, 10, 10, 10, 10, 10, 10, 10, 9, 9, 9, 9, 9, 9, 9, 9, 9, 9, 9, 9, 9, 9, 9, 9, 9, 9, 9, 9, 9, 9, 9, 8, 8, 8, 8, 8, 8, 8, 8, 8, 8, 8, 8, 8, 8, 8, 8, 8, 8, 8, 8, 8, 8, 8, 8, 8, 8, 8, 8, 7, 7, 7, 7, 7, 7, 7, 7, 7, 7, 7, 7, 7, 7, 7, 7, 7, 7, 7, 7, 7, 7, 7, 7, 7, 7, 7, 7, 7, 7, 7, 7, 7, 7, 7, 7, 7, 6, 6, 6, 6, 6, 6, 6, 6, 6, 6, 6, 6, 6, 6, 6, 6, 6, 6, 6, 6, 6, 6, 6, 6, 6, 6, 6, 6, 6, 6, 6, 6, 6, 6, 6, 6, 6, 6, 6, 6, 6, 6, 6, 6, 6, 6, 6, 6, 5, 5, 5, 5, 5, 5, 5, 5, 5, 5, 5, 5, 5, 5, 5, 5, 5, 5, 5, 5, 5, 5, 5, 5, 5, 5, 5, 5, 5, 5, 5, 5, 5, 5, 5, 5, 5, 5, 5, 5, 5, 5, 5, 5, 5, 5, 5, 5, 5, 5, 5, 5, 5, 5, 5, 5, 5, 5, 5, 5, 5, 5, 5, 5, 5, 5, 5, 4, 4, 4, 4, 4, 4, 4, 4, 4, 4, 4, 4, 4, 4, 4, 4, 4, 4, 4, 4, 4, 4, 4, 4, 4, 4, 4, 4, 4, 4, 4, 4, 4, 4, 4, 4, 4, 4, 4, 4, 4, 4, 4, 4, 4, 4, 4, 4, 4, 4, 4, 4, 4, 4, 4, 4, 4, 4, 4, 4, 4, 4, 4, 4, 4, 4, 4, 4, 4, 4, 4, 4, 4, 4, 4, 4, 4, 4, 4, 4, 4, 4, 4, 4, 4, 4, 4, 4, 4, 4, 4, 4, 4, 4, 4, 4, 4, 4, 4, 4, 3, 3, 3, 3, 3, 3, 3, 3, 3, 3, 3, 3, 3, 3, 3, 3, 3, 3, 3, 3, 3, 3, 3, 3, 3, 3, 3, 3, 3, 3, 3, 3, 3, 3, 3, 3, 3, 3, 3, 3, 3, 3, 3, 3, 3, 3, 3, 3, 3, 3, 3, 3, 3, 3, 3, 3, 3, 3, 3, 3, 3, 3, 3, 3, 3, 3, 3, 3, 3, 3, 3, 3, 3, 3, 3, 3, 3, 3, 3, 3, 3, 3, 3, 3, 3, 3, 3, 3, 3, 3, 3, 3, 3, 3, 3, 3, 3, 3, 3, 3, 3, 3, 3, 3, 3, 3, 3, 3, 3, 3, 3, 3, 3, 3, 3, 3, 3, 3, 3, 3, 3, 3, 3, 3, 3, 3, 3, 3, 3, 3, 3, 3, 3, 3, 3, 3, 3, 3, 3, 3, 3, 3, 3, 3, 3, 3, 3, 3, 3, 3, 3, 3, 3, 3, 3, 3, 3, 3, 3, 3, 3, 3, 3, 3, 3, 3, 3, 3, 3, 3, 3, 2, 2, 2, 2, 2, 2, 2, 2, 2, 2, 2, 2, 2, 2, 2, 2, 2, 2, 2, 2, 2, 2, 2, 2, 2, 2, 2, 2, 2, 2, 2, 2, 2, 2, 2, 2, 2, 2, 2, 2, 2, 2, 2, 2, 2, 2, 2, 2, 2, 2, 2, 2, 2, 2, 2, 2, 2, 2, 2, 2, 2, 2, 2, 2, 2, 2, 2, 2, 2, 2, 2, 2, 2, 2, 2, 2, 2, 2, 2, 2, 2, 2, 2, 2, 2, 2, 2, 2, 2, 2, 2, 2, 2, 2, 2, 2, 2, 2, 2, 2, 2, 2, 2, 2, 2, 2, 2, 2, 2, 2, 2, 2, 2, 2, 2, 2, 2, 2, 2, 2, 2, 2, 2, 2, 2, 2, 2, 2, 2, 2, 2, 2, 2, 2, 2, 2, 2, 2, 2, 2, 2, 2, 2, 2, 2, 2, 2, 2, 2, 2, 2, 2, 2, 2, 2, 2, 2, 2, 2, 2, 2, 2, 2, 2, 2, 2, 2, 2, 2, 2, 2, 2, 2, 2, 2, 2, 2, 2, 2, 2, 2, 2, 2, 2, 2, 2, 2, 2, 2, 2, 2, 2, 2, 2, 2, 2, 2, 2, 2, 2, 2, 2, 2, 2, 2, 2, 2, 2, 2, 2, 2, 2, 2, 2, 2, 2, 2, 2, 2, 2, 2, 2, 2, 2, 2, 2, 2, 2, 2, 2, 2, 2, 2, 2, 2, 2, 2, 2, 2, 2, 2, 2, 2, 2, 2, 2, 2, 2, 2, 2, 2, 2, 2, 2, 2, 2, 2, 2, 2, 2, 2, 2, 2, 2, 2, 2, 2, 2, 2, 2, 2, 2, 2, 2, 2, 2, 2, 2, 2, 2, 2, 2, 2, 2, 2, 2, 2, 2, 2, 2, 2, 2, 2, 2, 2, 2, 2, 2, 2, 2, 2, 2, 2, 2, 2, 2, 2, 2, 2, 2, 2, 2, 2, 2, 2, 2, 2, 2, 2, 2, 2, 2, 2, 2, 2, 2, 2, 2, 2, 2, 2, 2, 2, 2, 2, 2, 2, 2, 2, 2, 2, 2, 2, 2, 2, 2, 2, 2, 2, 2, 2, 2, 2, 2, 2, 2, 2, 2, 2, 2, 2, 2, 2, 2, 1, 1, 1, 1, 1, 1, 1, 1, 1, 1, 1, 1, 1, 1, 1, 1, 1, 1, 1, 1, 1, 1, 1, 1, 1, 1, 1, 1, 1, 1, 1, 1, 1, 1, 1, 1, 1, 1, 1, 1, 1, 1, 1, 1, 1, 1, 1, 1, 1, 1, 1, 1, 1, 1, 1, 1, 1, 1, 1, 1, 1, 1, 1, 1, 1, 1, 1, 1, 1, 1, 1, 1, 1, 1, 1, 1, 1, 1, 1, 1, 1, 1, 1, 1, 1, 1, 1, 1, 1, 1, 1, 1, 1, 1, 1, 1, 1, 1, 1, 1, 1, 1, 1, 1, 1, 1, 1, 1, 1, 1, 1, 1, 1, 1, 1, 1, 1, 1, 1, 1, 1, 1, 1, 1, 1, 1, 1, 1, 1, 1, 1, 1, 1, 1, 1, 1, 1, 1, 1, 1, 1, 1, 1, 1, 1, 1, 1, 1, 1, 1, 1, 1, 1, 1, 1, 1, 1, 1, 1, 1, 1, 1, 1, 1, 1, 1, 1, 1, 1, 1, 1, 1, 1, 1, 1, 1, 1, 1, 1, 1, 1, 1, 1, 1, 1, 1, 1, 1, 1, 1, 1, 1, 1, 1, 1, 1, 1, 1, 1, 1, 1, 1, 1, 1, 1, 1, 1, 1, 1, 1, 1, 1, 1, 1, 1, 1, 1, 1, 1, 1, 1, 1, 1, 1, 1, 1, 1, 1, 1, 1, 1, 1, 1, 1, 1, 1, 1, 1, 1, 1, 1, 1, 1, 1, 1, 1, 1, 1, 1, 1, 1, 1, 1, 1, 1, 1, 1, 1, 1, 1, 1, 1, 1, 1, 1, 1, 1, 1, 1, 1, 1, 1, 1, 1, 1, 1, 1, 1, 1, 1, 1, 1, 1, 1, 1, 1, 1, 1, 1, 1, 1, 1, 1, 1, 1, 1, 1, 1, 1, 1, 1, 1, 1, 1, 1, 1, 1, 1, 1, 1, 1, 1, 1, 1, 1, 1, 1, 1, 1, 1, 1, 1, 1, 1, 1, 1, 1, 1, 1, 1, 1, 1, 1, 1, 1, 1, 1, 1, 1, 1, 1, 1, 1, 1, 1, 1, 1, 1, 1, 1, 1, 1, 1, 1, 1, 1, 1, 1, 1, 1, 1, 1, 1, 1, 1, 1, 1, 1, 1, 1, 1, 1, 1, 1, 1, 1, 1, 1, 1, 1, 1, 1, 1, 1, 1, 1, 1, 1, 1, 1, 1, 1, 1, 1, 1, 1, 1, 1, 1, 1, 1, 1, 1, 1, 1, 1, 1, 1, 1, 1, 1, 1, 1, 1, 1, 1, 1, 1, 1, 1, 1, 1, 1, 1, 1, 1, 1, 1, 1, 1, 1, 1, 1, 1, 1, 1, 1, 1, 1, 1, 1, 1, 1, 1, 1, 1, 1, 1, 1, 1, 1, 1, 1, 1, 1, 1, 1, 1, 1, 1, 1, 1, 1, 1, 1, 1, 1, 1, 1, 1, 1, 1, 1, 1, 1, 1, 1, 1, 1, 1, 1, 1, 1, 1, 1, 1, 1, 1, 1, 1, 1, 1, 1, 1, 1, 1, 1, 1, 1, 1, 1, 1, 1, 1, 1, 1, 1, 1, 1, 1, 1, 1, 1, 1, 1, 1, 1, 1, 1, 1, 1, 1, 1, 1, 1, 1, 1, 1, 1, 1, 1, 1, 1, 1, 1, 1, 1, 1, 1, 1, 1, 1, 1, 1, 1, 1, 1, 1, 1, 1, 1, 1, 1, 1, 1, 1, 1, 1, 1, 1, 1, 1, 1, 1, 1, 1, 1, 1, 1, 1, 1, 1, 1, 1, 1, 1, 1, 1, 1, 1, 1, 1, 1, 1, 1, 1, 1, 1, 1, 1, 1, 1, 1, 1, 1, 1, 1, 1, 1, 1, 1, 1, 1, 1, 1, 1, 1, 1, 1, 1, 1, 1, 1, 1, 1, 1, 1, 1, 1, 1, 1, 1, 1, 1, 1, 1, 1, 1, 1, 1, 1, 1, 1, 1, 1, 1, 1, 1, 1, 1, 1, 1, 1, 1, 1, 1, 1, 1, 1, 1, 1, 1, 1, 1, 1, 1, 1, 1, 1, 1, 1, 1, 1, 1, 1, 1, 1, 1, 1, 1, 1, 1, 1, 1, 1, 1, 1, 1, 1, 1, 1, 1, 1, 1, 1, 1, 1, 1, 1, 1, 1, 1, 1, 1, 1, 1, 1, 1, 1, 1, 1, 1, 1, 1, 1, 1, 1, 1, 1, 1, 1, 1, 1, 1, 1, 1, 1, 1, 1, 1, 1, 1, 1, 1, 1, 1, 1, 1, 1, 1, 1, 1, 1, 1, 1, 1, 1, 1, 1, 1, 1, 1, 1, 1, 1, 1, 1, 1, 1, 1, 1, 1, 1, 1, 1, 1, 1, 1, 1, 1, 1, 1, 1, 1, 1, 1, 1, 1, 1, 1, 1, 1, 1, 1, 1, 1, 1, 1, 1, 1, 1, 1, 1, 1, 1, 1, 1, 1, 1, 1, 1, 1, 1, 1, 1, 1, 1, 1, 1, 1, 1, 1, 1, 1, 1, 1, 1, 1, 1, 1, 1, 1, 1, 1, 1, 1, 1, 1, 1, 1, 1, 1, 1, 1, 1, 1, 1, 1, 1, 1, 1, 1, 1, 1, 1, 1, 1, 1, 1, 1, 1, 1, 1, 1, 1, 1, 1, 1, 1, 1, 1, 1, 1, 1, 1, 1, 1, 1, 1, 1, 1, 1, 1, 1, 1, 1, 1, 1, 1, 1, 1, 1, 1, 1, 1, 1, 1, 1, 1, 1, 1, 1, 1, 1, 1, 1, 1, 1, 1, 1, 1, 1, 1, 1, 1, 1, 1, 1, 1, 1, 1, 1, 1, 1, 1, 1, 1, 1, 1, 1, 1, 1, 1, 1, 1, 1, 1, 1, 1, 1, 1, 1, 1, 1, 1, 1, 1, 1, 1, 1, 1, 1, 1, 1, 1, 1, 1, 1, 1, 1, 1, 1, 1, 1, 1, 1, 1, 1, 1, 1, 1, 1, 1, 1, 1, 1, 1, 1, 1, 1, 1, 1, 1, 1, 1, 1, 1, 1, 1, 1, 1, 1, 1, 1, 1, 1, 1, 1, 1, 1, 1, 1, 1, 1, 1, 1, 1, 1, 1, 1, 1, 1, 1, 1, 1, 1, 1, 1, 1, 1, 1, 1, 1, 1, 1, 1, 1, 1, 1, 1, 1, 1, 1, 1, 1, 1, 1, 1, 1, 1, 1, 1, 1, 1, 1, 1, 1, 1, 1, 1, 1, 1, 1, 1, 1, 1, 1, 1, 1, 1, 1, 1, 1, 1, 1, 1, 1, 1, 1, 1, 1, 1, 1, 1, 1, 1, 1, 1, 1, 1, 1, 1, 1, 1, 1, 1, 1, 1, 1, 1, 1, 1, 1, 1, 1, 1, 1, 1, 1, 1, 1, 1, 1, 1, 1, 1, 1, 1, 1, 1, 1, 1, 1, 1, 1, 1, 1, 1, 1, 1, 1, 1, 1, 1, 1, 1, 1, 1, 1, 1, 1, 1, 1, 1, 1, 1, 1, 1, 1, 1, 1, 1, 1, 1, 1, 1, 1, 1, 1, 1, 1, 1, 1, 1, 1, 1, 1, 1, 1, 1, 1, 1, 1, 1, 1, 1, 1, 1, 1, 1, 1, 1, 1, 1, 1, 1, 1, 1, 1, 1, 1, 1, 1, 1, 1, 1, 1, 1, 1, 1, 1, 1, 1, 1, 1, 1, 1, 1, 1, 1, 1, 1, 1, 1, 1, 1, 1, 1, 1, 1, 1, 1, 1, 1, 1, 1, 1, 1, 1, 1, 1, 1, 1, 1, 1, 1, 1, 1, 1, 1, 1, 1, 1, 1, 1, 1, 1, 1, 1, 1, 1, 1, 1, 1, 1, 1, 1, 1, 1, 1, 1, 1, 1, 1, 1, 1, 1, 1, 1, 1, 1, 1, 1, 1, 1, 1, 1, 1, 1, 1, 1, 1, 1, 1, 1, 1, 1, 1, 1, 1, 1, 1, 1, 1, 1, 1, 1, 1, 1, 1, 1, 1, 1, 1, 1, 1, 1, 1, 1, 1, 1, 1, 1, 1, 1, 1, 1, 1, 1, 1, 1, 1, 1, 1, 1, 1, 1, 1, 1, 1, 1, 1, 1, 1, 1, 1, 1, 1, 1, 1, 1, 1, 1, 1, 1, 1, 1, 1, 1, 1, 1, 1, 1, 1, 1, 1, 1, 1, 1, 1, 1, 1, 1, 1, 1, 1, 1, 1, 1, 1, 1, 1, 1, 1, 1, 1, 1, 1, 1, 1, 1, 1, 1, 1, 1, 1, 1, 1, 1, 1, 1, 1, 1, 1, 1, 1, 1, 1, 1, 1, 1, 1, 1, 1, 1, 1, 1, 1, 1, 1, 1, 1, 1, 1, 1, 1, 1, 1, 1, 1, 1, 1, 1, 1, 1, 1, 1, 1, 1, 1, 1, 1, 1, 1, 1, 1, 1, 1, 1, 1, 1, 1, 1, 1, 1, 1, 1, 1, 1, 1, 1, 1, 1, 1, 1, 1, 1, 1, 1, 1, 1, 1, 1, 1, 1, 1, 1, 1, 1, 1, 1, 1, 1, 1, 1, 1, 1, 1, 1, 1, 1, 1, 1, 1, 1, 1, 1, 1, 1, 1, 1, 1, 1, 1, 1, 1, 1, 1, 1, 1, 1, 1, 1, 1, 1, 1, 1, 1, 1, 1, 1, 1, 1, 1, 1, 1, 1, 1, 1, 1, 1, 1, 1, 1, 1, 1, 1, 1, 1, 1, 1, 1, 1, 1, 1, 1, 1, 1, 1, 1, 1, 1, 1, 1, 1, 1, 1, 1, 1, 1, 1, 1, 1, 1, 1, 1, 1, 1, 1, 1, 1, 1, 1, 1, 1, 1, 1, 1, 1, 1, 1, 1, 1, 1, 1, 1, 1, 1, 1, 1, 1, 1, 1, 1, 1, 1, 1, 1, 1, 1, 1, 1, 1, 1, 1, 1, 1, 1, 1, 1, 1, 1, 1, 1, 1, 1, 1, 1, 1, 1, 1, 1, 1, 1, 1, 1, 1, 1, 1, 1, 1, 1, 1, 1, 1, 1, 1, 1, 1, 1, 1, 1, 1, 1, 1, 1, 1, 1, 1, 1, 1, 1, 1, 1, 1, 1, 1, 1, 1, 1, 1, 1, 1, 1, 1, 1, 1, 1, 1, 1, 1, 1, 1, 1, 1, 1, 1, 1, 1, 1, 1, 1, 1, 1, 1, 1, 1, 1, 1, 1, 1, 1, 1, 1, 1, 1, 1, 1, 1, 1, 1, 1, 1, 1, 1, 1, 1, 1, 1, 1, 1, 1, 1, 1, 1, 1, 1, 1, 1, 1, 1, 1, 1, 1, 1, 1, 1, 1, 1, 1, 1, 1, 1, 1, 1, 1, 1, 1, 1, 1, 1, 1, 1, 1, 1, 1, 1, 1, 1, 1, 1, 1, 1, 1, 1, 1, 1, 1, 1, 1, 1, 1, 1, 1, 1, 1, 1, 1, 1, 1, 1, 1, 1, 1, 1, 1, 1, 1, 1, 1, 1, 1, 1, 1, 1, 1, 1, 1, 1, 1, 1, 1, 1, 1, 1, 1, 1, 1, 1, 1, 1, 1, 1, 1, 1, 1, 1, 1, 1, 1, 1, 1, 1, 1, 1, 1, 1, 1, 1, 1, 1, 1, 1, 1, 1, 1, 1, 1, 1, 1, 1, 1, 1, 1, 1, 1, 1, 1, 1, 1, 1, 1, 1, 1, 1, 1, 1, 1, 1, 1, 1, 1, 1, 1, 1, 1, 1, 1, 1, 1, 1, 1, 1, 1, 1, 1, 1, 1, 1, 1, 1, 1, 1, 1, 1, 1, 1, 1, 1, 1, 1, 1, 1, 1, 1, 1, 1, 1, 1, 1, 1, 1, 1, 1, 1, 1, 1, 1, 1, 1, 1, 1, 1, 1, 1, 1, 1, 1, 1, 1, 1, 1, 1, 1, 1, 1, 1, 1, 1, 1, 1, 1, 1, 1, 1, 1, 1, 1, 1, 1, 1, 1, 1, 1, 1, 1, 1, 1, 1, 1, 1, 1, 1, 1, 1, 1, 1, 1, 1, 1, 1, 1, 1, 1, 1, 1, 1, 1, 1, 1, 1, 1, 1, 1, 1, 1, 1, 1, 1, 1, 1, 1, 1, 1, 1, 1, 1, 1, 1, 1, 1, 1, 1, 1, 1, 1, 1, 1, 1, 1, 1, 1, 1, 1, 1, 1, 1, 1, 1, 1, 1, 1, 1, 1, 1, 1, 1, 1, 1, 1, 1, 1, 1, 1, 1, 1, 1, 1, 1, 1, 1, 1, 1, 1, 1, 1, 1, 1, 1, 1, 1, 1, 1, 1, 1, 1, 1, 1, 1, 1, 1, 1, 1, 1, 1, 1, 1, 1, 1, 1, 1, 1, 1, 1]",46500,18200,1400,3800,45800,84,0,420000000,9100,False,True,,,
httpx,pypi,https://github.com/encode/httpx,BSD-3-Clause,2019-07-19T14:23:35.015278+00:00,2026-08-31T17:59:55.135021+00:00,0.28.1,77,1,250,1900,505,728,"[505, 223, 134, 94, 71, 56, 46, 39, 34, 30, 26, 24, 21, 20, 18, 17, 15, 14, 13, 13, 12, 11, 11, 10, 9, 9, 9, 8, 8, 8, 7, 7, 7, 6, 6, 6, 6, 6, 5, 5, 5, 5, 5, 5, 5, 4, 4, 4, 4, 4, 4, 4, 4, 4, 4, 3, 3, 3, 3, 3, 3, 3, 3, 3, 3, 3, 3, 3, 3, 3, 3, 3, 2, 2, 2, 2, 2, 2, 2, 2, 2, 2, 2, 2, 2, 2, 2, 2, 2, 2, 2, 2, 2, 2, 2, 2, 2, 2, 2, 2, 2, 2, 2, 2, 2, 2, 2, 2, 2, 1, 1, 1, 1, 1, 1, 1, 1, 1, 1, 1, 1, 1, 1, 1, 1, 1, 1, 1, 1, 1, 1, 1, 1, 1, 1, 1, 1, 1, 1, 1, 1, 1, 1, 1, 1, 1, 1, 1, 1, 1, 1, 1, 1, 1, 1, 1, 1, 1, 1, 1, 1, 1, 1, 1, 1, 1, 1, 1, 1, 1, 1, 1, 1, 1, 1, 1, 1, 1, 1, 1, 1, 1, 1, 1, 1, 1, 1, 1, 1, 1, 1, 1, 1, 1, 1, 1, 1, 1, 1, 1, 1, 1, 1, 1, 1, 1, 1, 1, 1, 1, 1, 1, 1, 1, 1, 1, 1, 1, 1, 1, 1, 1, 1, 1, 1, 1, 1, 1, 1, 1, 1, 1, 1, 1, 1, 1, 1, 1, 1, 1, 1, 1, 1, 1, 1, 1, 1, 1, 1, 1]",15000,850,180,90,2190,12,0,85000000,425,False,True,,,
celery,pypi,https://github.com/celery/celery,BSD-3-Clause,2009-04-27T12:49:20.215689+00:00,2026-09-22T08:33:58.619763+00:00,5.6.3,225,1,900,16000,4148,5889,"[4148, 1741, 1049, 732, 554, 441, 364, 308, 266, 233, 207, 185, 168, 153, 140, 129, 120, 112, 104, 98, 92, 87, 82, 78, 74, 71, 67, 64, 62, 59, 57, 54, 52, 50, 49, 47, 45, 44, 42, 41, 40, 39, 38, 37, 36, 35, 34, 33, 32, 31, 30, 30, 29, 28, 28, 27, 26, 26, 25, 25, 24, 24, 23, 23, 22, 22, 22, 21, 21, 20, 20, 20, 19, 19, 19, 18, 18, 18, 18, 17, 17, 17, 17, 16, 16, 16, 16, 15, 15, 15, 15, 15, 14, 14, 14, 14, 14, 13, 13, 13, 13, 13, 13, 12, 12, 12, 12, 12, 12, 12, 11, 11, 11, 11, 11, 11, 11, 11, 11, 10, 10, 10, 10, 10, 10, 10, 10, 10, 10, 9, 9, 9, 9, 9, 9, 9, 9, 9, 9, 9, 9, 8, 8, 8, 8, 8, 8, 8, 8, 8, 8, 8, 8, 8, 8, 8, 7, 7, 7, 7, 7, 7, 7, 7, 7, 7, 7, 7, 7, 7, 7, 7, 7, 7, 7, 6, 6, 6, 6, 6, 6, 6, 6, 6, 6, 6, 6, 6, 6, 6, 6, 6, 6, 6, 6, 6, 6, 6, 6, 6, 5, 5, 5, 5, 5, 5, 5, 5, 5, 5, 5, 5, 5, 5, 5, 5, 5, 5, 5, 5, 5, 5, 5, 5, 5, 5, 5, 5, 5, 5, 5, 5, 5, 5, 4, 4, 4, 4, 4, 4, 4, 4, 4, 4, 4, 4, 4, 4, 4, 4, 4, 4, 4, 4, 4, 4, 4, 4, 4, 4, 4, 4, 4, 4, 4, 4, 4, 4, 4, 4, 4, 4, 4, 4, 4, 4, 4, 4, 4, 4, 4, 4, 4, 4, 4, 4, 4, 3, 3, 3, 3, 3, 3, 3, 3, 3, 3, 3, 3, 3, 3, 3, 3, 3, 3, 3, 3, 3, 3, 3, 3, 3, 3, 3, 3, 3, 3, 3, 3, 3, 3, 3, 3, 3, 3, 3, 3, 3, 3, 3, 3, 3, 3, 3, 3, 3, 3, 3, 3, 3, 3, 3, 3, 3, 3, 3, 3, 3, 3, 3, 3, 3, 3, 3, 3, 3, 3, 3, 3, 3, 3, 3, 3, 3, 3, 3, 3, 3, 3, 3, 3, 3, 3, 3, 3, 3, 2, 2, 2, 2, 2, 2, 2, 2, 2, 2, 2, 2, 2, 2, 2, 2, 2, 2, 2, 2, 2, 2, 2, 2, 2, 2, 2, 2, 2, 2, 2, 2, 2, 2, 2, 2, 2, 2, 2, 2, 2, 2, 2, 2, 2, 2, 2, 2, 2, 2, 2, 2, 2, 2, 2, 2, 2, 2, 2, 2, 2, 2, 2, 2, 2, 2, 2, 2, 2, 2, 2, 2, 2, 2, 2, 2, 2, 2, 2, 2, 2, 2, 2, 2, 2, 2, 2, 2, 2, 2, 2, 2, 2, 2, 2, 2, 2, 2, 2, 2, 2, 2, 2, 2, 2, 2, 2, 2, 2, 2, 2, 2, 2, 2, 2, 2, 2, 2, 2, 2, 2, 2, 2, 2, 2, 2, 2, 2, 2, 2, 2, 2, 2, 2, 2, 2, 2, 2, 2, 2, 2, 2, 2, 2, 2, 2, 2, 2, 2, 2, 2, 2, 2, 2, 2, 2, 2, 2, 2, 2, 2, 2, 2, 2, 2, 2, 2, 2, 2, 2, 2, 2, 2, 2, 2, 2, 2, 2, 2, 2, 2, 2, 2, 2, 2, 2, 2, 2, 2, 1, 1, 1, 1, 1, 1, 1, 1, 1, 1, 1, 1, 1, 1, 1, 1, 1, 1, 1, 1, 1, 1, 1, 1, 1, 1, 1, 1, 1, 1, 1, 1, 1, 1, 1, 1, 1, 1, 1, 1, 1, 1, 1, 1, 1, 1, 1, 1, 1, 1, 1, 1, 1, 1, 1, 1, 1, 1, 1, 1, 1, 1, 1, 1, 1, 1, 1, 1, 1, 1, 1, 1, 1, 1, 1, 1, 1, 1, 1, 1, 1, 1, 1, 1, 1, 1, 1, 1, 1, 1, 1, 1, 1, 1, 1, 1, 1, 1, 1, 1, 1, 1, 1, 1, 1, 1, 1, 1, 1, 1, 1, 1, 1, 1, 1, 1, 1, 1, 1, 1, 1, 1, 1, 1, 1, 1, 1, 1, 1, 1, 1, 1, 1, 1, 1, 1, 1, 1, 1, 1, 1, 1, 1, 1, 1, 1, 1, 1, 1, 1, 1, 1, 1, 1, 1, 1, 1, 1, 1, 1, 1, 1, 1, 1, 1, 1, 1, 1, 1, 1, 1, 1, 1, 1, 1, 1, 1, 1, 1, 1, 1, 1, 1, 1, 1, 1, 1, 1, 1, 1, 1, 1, 1, 1, 1, 1, 1, 1, 1, 1, 1, 1, 1, 1, 1, 1, 1, 1, 1, 1, 1, 1, 1, 1, 1, 1, 1, 1, 1, 1, 1, 1, 1, 1, 1, 1, 1, 1, 1, 1, 1, 1, 1, 1, 1, 1, 1, 1, 1, 1, 1, 1, 1, 1, 1, 1, 1, 1, 1, 1, 1, 1, 1, 1, 1, 1, 1, 1, 1, 1, 1, 1, 1, 1, 1, 1, 1, 1, 1, 1, 1, 1, 1, 1, 1, 1, 1, 1, 1, 1, 1, 1, 1, 1, 1, 1, 1, 1, 1, 1, 1, 1, 1, 1, 1, 1, 1, 1, 1, 1, 1, 1, 1, 1, 1, 1, 1, 1, 1, 1, 1, 1, 1, 1, 1, 1, 1, 1, 1, 1, 1, 1, 1, 1, 1, 1, 1, 1, 1, 1, 1, 1, 1, 1, 1]",25500,4800,720,850,14850,53,0,75000000,2400,False,True,,,
redis,pypi,https://github.com/redis/redis-py,MIT,2012-10-08T06:40:56.248269+00:00,2026-07-30T08:51:00.269040+00:00,8.1.0,169,1,350,3200,846,1213,"[846, 367, 221, 154, 117, 93, 77, 65, 56, 49, 44, 39, 35, 32, 30, 27, 25, 24, 22, 21, 19, 18, 17, 16, 16, 15, 14, 14, 13, 12, 12, 11, 11, 11, 10, 10, 10, 9, 9, 9, 8, 8, 8, 8, 7, 7, 7, 7, 7, 7, 6, 6, 6, 6, 6, 6, 6, 5, 5, 5, 5, 5, 5, 5, 5, 5, 5, 4, 4, 4, 4, 4, 4, 4, 4, 4, 4, 4, 4, 4, 4, 4, 3, 3, 3, 3, 3, 3, 3, 3, 3, 3, 3, 3, 3, 3, 3, 3, 3, 3, 3, 3, 3, 3, 3, 3, 3, 3, 2, 2, 2, 2, 2, 2, 2, 2, 2, 2, 2, 2, 2, 2, 2, 2, 2, 2, 2, 2, 2, 2, 2, 2, 2, 2, 2, 2, 2, 2, 2, 2, 2, 2, 2, 2, 2, 2, 2, 2, 2, 2, 2, 2, 2, 2, 2, 2, 2, 2, 2, 2, 2, 2, 1, 1, 1, 1, 1, 1, 1, 1, 1, 1, 1, 1, 1, 1, 1, 1, 1, 1, 1, 1, 1, 1, 1, 1, 1, 1, 1, 1, 1, 1, 1, 1, 1, 1, 1, 1, 1, 1, 1, 1, 1, 1, 1, 1, 1, 1, 1, 1, 1, 1, 1, 1, 1, 1, 1, 1, 1, 1, 1, 1, 1, 1, 1, 1, 1, 1, 1, 1, 1, 1, 1, 1, 1, 1, 1, 1, 1, 1, 1, 1, 1, 1, 1, 1, 1, 1, 1, 1, 1, 1, 1, 1, 1, 1, 1, 1, 1, 1, 1, 1, 1, 1, 1, 1, 1, 1, 1, 1, 1, 1, 1, 1, 1, 1, 1, 1, 1, 1, 1, 1, 1, 1, 1, 1, 1, 1, 1, 1, 1, 1, 1, 1, 1, 1, 1, 1, 1, 1, 1, 1, 1, 1, 1, 1, 1, 1, 1, 1, 1, 1, 1, 1, 1, 1, 1, 1, 1, 1, 1, 1, 1, 1, 1, 1, 1, 1, 1, 1, 1, 1, 1, 1, 1, 1, 1, 1, 1, 1, 1, 1, 1, 1, 1, 1, 1, 1, 1, 1]",13500,2600,380,210,3110,11,0,90000000,1300,False,True,,,
cryptography,pypi,https://github.com/pyca/cryptography,Apache-2.0,2014-01-08T23:17:39.968124+00:00,2026-08-25T19:45:45.499357+00:00,50.0.1,159,1,380,8500,2304,3273,"[2304, 969, 584, 407, 308, 245, 202, 171, 148, 130, 115, 103, 93, 85, 78, 72, 67, 62, 58, 54, 51, 48, 46, 43, 41, 39, 37, 36, 34, 33, 31, 30, 29, 28, 27, 26, 25, 24, 24, 23, 22, 22, 21, 20, 20, 19, 19, 18, 18, 17, 17, 16, 16, 16, 15, 15, 15, 14, 14, 14, 14, 13, 13, 13, 12, 12, 12, 12, 12, 11, 11, 11, 11, 11, 10, 10, 10, 10, 10, 10, 9, 9, 9, 9, 9, 9, 9, 9, 8, 8, 8, 8, 8, 8, 8, 8, 8, 7, 7, 7, 7, 7, 7, 7, 7, 7, 7, 7, 7, 6, 6, 6, 6, 6, 6, 6, 6, 6, 6, 6, 6, 6, 6, 6, 6, 5, 5, 5, 5, 5, 5, 5, 5, 5, 5, 5, 5, 5, 5, 5, 5, 5, 5, 5, 5, 5, 5, 4, 4, 4, 4, 4, 4, 4, 4, 4, 4, 4, 4, 4, 4, 4, 4, 4, 4, 4, 4, 4, 4, 4, 4, 4, 4, 4, 4, 4, 4, 4, 4, 3, 3, 3, 3, 3, 3, 3, 3, 3, 3, 3, 3, 3, 3, 3, 3, 3, 3, 3, 3, 3, 3, 3, 3, 3, 3, 3, 3, 3, 3, 3, 3, 3, 3, 3, 3, 3, 3, 3, 3, 3, 3, 3, 3, 3, 3, 3, 3, 3, 3, 3, 3, 3, 3, 3, 3, 2, 2, 2, 2, 2, 2, 2, 2, 2, 2, 2, 2, 2, 2, 2, 2, 2, 2, 2, 2, 2, 2, 2, 2, 2, 2, 2, 2, 2, 2, 2, 2, 2, 2, 2, 2, 2, 2, 2, 2, 2, 2, 2, 2, 2, 2, 2, 2, 2, 2, 2, 2, 2, 2, 2, 2, 2, 2, 2, 2, 2, 2, 2, 2, 2, 2, 2, 2, 2, 2, 2, 2, 2, 2, 2, 2, 2, 2, 2, 2, 2, 2, 2, 2, 2, 2, 2, 2, 2, 2, 2, 2, 2, 2, 2, 2, 2, 2, 2, 2, 2, 2, 2, 2, 2, 2, 2, 2, 2, 2, 2, 2, 2, 2, 2, 2, 2, 2, 2, 1, 1, 1, 1, 1, 1, 1, 1, 1, 1, 1, 1, 1, 1, 1, 1, 1, 1, 1, 1, 1, 1, 1, 1, 1, 1]",6500,1400,220,110,7910,3,0,240000000,700,False,True,,,
pillow,pypi,https://github.com/python-pillow/Pillow,MIT,2010-07-31T06:23:55.860541+00:00,2026-07-01T11:56:38.965595+00:00,12.3.0,107,1,420,14500,3914,5556,"[3914, 1642, 989, 691, 522, 416, 343, 290, 251, 220, 195, 175, 158, 144, 132, 122, 113, 105, 98, 92, 87, 82, 78, 74, 70, 67, 63, 61, 58, 56, 53, 51, 49, 48, 46, 44, 43, 41, 40, 39, 38, 37, 35, 34, 34, 33, 32, 31, 30, 29, 29, 28, 27, 27, 26, 26, 25, 24, 24, 23, 23, 22, 22, 22, 21, 21, 20, 20, 20, 19, 19, 19, 18, 18, 18, 17, 17, 17, 17, 16, 16, 16, 16, 15, 15, 15, 15, 14, 14, 14, 14, 14, 14, 13, 13, 13, 13, 13, 13, 12, 12, 12, 12, 12, 12, 11, 11, 11, 11, 11, 11, 11, 11, 10, 10, 10, 10, 10, 10, 10, 10, 10, 10, 9, 9, 9, 9, 9, 9, 9, 9, 9, 9, 9, 8, 8, 8, 8, 8, 8, 8, 8, 8, 8, 8, 8, 8, 8, 8, 7, 7, 7, 7, 7, 7, 7, 7, 7, 7, 7, 7, 7, 7, 7, 7, 7, 7, 6, 6, 6, 6, 6, 6, 6, 6, 6, 6, 6, 6, 6, 6, 6, 6, 6, 6, 6, 6, 6, 6, 6, 6, 5, 5, 5, 5, 5, 5, 5, 5, 5, 5, 5, 5, 5, 5, 5, 5, 5, 5, 5, 5, 5, 5, 5, 5, 5, 5, 5, 5, 5, 5, 5, 5, 5, 4, 4, 4, 4, 4, 4, 4, 4, 4, 4, 4, 4, 4, 4, 4, 4, 4, 4, 4, 4, 4, 4, 4, 4, 4, 4, 4, 4, 4, 4, 4, 4, 4, 4, 4, 4, 4, 4, 4, 4, 4, 4, 4, 4, 4, 4, 4, 4, 4, 4, 3, 3, 3, 3, 3, 3, 3, 3, 3, 3, 3, 3, 3, 3, 3, 3, 3, 3, 3, 3, 3, 3, 3, 3, 3, 3, 3, 3, 3, 3, 3, 3, 3, 3, 3, 3, 3, 3, 3, 3, 3, 3, 3, 3, 3, 3, 3, 3, 3, 3, 3, 3, 3, 3, 3, 3, 3, 3, 3, 3, 3, 3, 3, 3, 3, 3, 3, 3, 3, 3, 3, 3, 3, 3, 3, 3, 3, 3, 3, 3, 3, 3, 3, 3, 2, 2, 2, 2, 2, 2, 2, 2, 2, 2, 2, 2, 2, 2, 2, 2, 2, 2, 2, 2, 2, 2, 2, 2, 2, 2, 2, 2, 2, 2, 2, 2, 2, 2, 2, 2, 2, 2, 2, 2, 2, 2, 2, 2, 2, 2, 2, 2, 2, 2, 2, 2, 2, 2, 2, 2, 2, 2, 2, 2, 2, 2]",12800,2400,320,95,6895,25,0,175000000,1200,False,True,,,
alembic,pypi,https://github.com/sqlalchemy/alembic,MIT,2011-11-30T21:11:24.743490+00:00,2026-09-11T19:09:12.880981+00:00,1.20.0,148,1,280,4200,1171,1659,"[1171, 488, 294, 205, 155, 124, 102, 86, 74, 65, 58, 52, 47, 43, 39, 36, 34, 31, 29, 27, 26, 24, 23, 22, 21, 20, 19, 18, 17, 17, 16, 15, 15, 14, 14, 13, 13, 12, 12, 12, 11, 11, 11, 10, 10, 10, 9, 9, 9, 9, 9, 8, 8, 8, 8, 8, 7, 7, 7, 7, 7, 7, 7, 6, 6, 6, 6, 6, 6, 6, 6, 6, 5, 5, 5, 5, 5, 5, 5, 5, 5, 5, 5, 5, 4, 4, 4, 4, 4, 4, 4, 4, 4, 4, 4, 4, 4, 4, 4, 4, 4, 4, 4, 3, 3, 3, 3, 3, 3, 3, 3, 3, 3, 3, 3, 3, 3, 3, 3, 3, 3, 3, 3, 3, 3, 3, 3, 3, 3, 3, 3, 3, 3, 3, 3, 2, 2, 2, 2, 2, 2, 2, 2, 2, 2, 2, 2, 2, 2, 2, 2, 2, 2, 2, 2, 2, 2, 2, 2, 2, 2, 2, 2, 2, 2, 2, 2, 2, 2, 2, 2, 2, 2, 2, 2, 2, 2, 2, 2, 2, 2, 2, 2, 2, 2, 2, 2, 2, 2, 2, 2, 2, 2, 2, 2, 2, 2, 2, 2, 2, 2, 2, 2, 2, 1, 1, 1, 1, 1, 1, 1, 1, 1, 1, 1, 1, 1, 1, 1, 1, 1, 1, 1, 1, 1, 1, 1, 1, 1, 1, 1, 1, 1, 1, 1, 1, 1, 1, 1, 1, 1, 1, 1, 1, 1, 1, 1, 1, 1, 1, 1, 1, 1, 1, 1, 1, 1, 1, 1, 1, 1, 1, 1, 1, 1, 1, 1, 1, 1, 1, 1, 1, 1, 1, 1, 1, 1, 1, 1, 1]",3500,550,95,120,1920,5,0,95000000,275,False,True,,,
beautifulsoup4,pypi,https://github.com/wention/BeautifulSoup4,MIT,2013-10-02T12:43:44.049307+00:00,2026-06-07T16:44:21.566528+00:00,4.15.0,54,1,40,1200,399,567,"[399, 168, 101, 70, 53, 42, 35, 30, 26, 22, 20, 18, 16, 15, 14, 12, 12, 11, 10, 9, 9, 8, 8, 8, 7, 7, 6, 6, 6, 6, 5, 5, 5, 5, 5, 5, 4, 4, 4, 4]",2500,650,90,45,525,7,0,292000000,325,False,True,,,
jinja2,pypi,https://github.com/pallets/jinja,BSD-3-Clause,2008-06-09T16:50:19+00:00,2025-03-05T20:05:02.478302+00:00,3.1.6,52,1,300,2200,571,826,"[571, 255, 153, 107, 81, 64, 53, 45, 39, 34, 30, 27, 25, 22, 21, 19, 18, 16, 15, 14, 13, 13, 12, 11, 11, 10, 10, 9, 9, 9, 8, 8, 8, 7, 7, 7, 7, 6, 6, 6, 6, 6, 5, 5, 5, 5, 5, 5, 5, 5, 4, 4, 4, 4, 4, 4, 4, 4, 4, 4, 4, 3, 3, 3, 3, 3, 3, 3, 3, 3, 3, 3, 3, 3, 3, 3, 3, 3, 3, 3, 2, 2, 2, 2, 2, 2, 2, 2, 2, 2, 2, 2, 2, 2, 2, 2, 2, 2, 2, 2, 2, 2, 2, 2, 2, 2, 2, 2, 2, 2, 2, 2, 2, 2, 2, 2, 2, 2, 2, 2, 2, 1, 1, 1, 1, 1, 1, 1, 1, 1, 1, 1, 1, 1, 1, 1, 1, 1, 1, 1, 1, 1, 1, 1, 1, 1, 1, 1, 1, 1, 1, 1, 1, 1, 1, 1, 1, 1, 1, 1, 1, 1, 1, 1, 1, 1, 1, 1, 1, 1, 1, 1, 1, 1, 1, 1, 1, 1, 1, 1, 1, 1, 1, 1, 1, 1, 1, 1, 1, 1, 1, 1, 1, 1, 1, 1, 1, 1, 1, 1, 1, 1, 1, 1, 1, 1, 1, 1, 1, 1, 1, 1, 1, 1, 1, 1, 1, 1, 1, 1, 1, 1, 1, 1, 1, 1, 1, 1, 1, 1, 1, 1, 1, 1, 1, 1, 1, 1, 1, 1, 1, 1, 1, 1, 1, 1, 1, 1, 1, 1, 1, 1, 1, 1, 1, 1, 1, 1, 1, 1, 1, 1, 1, 1, 1, 1, 1, 1, 1, 1, 1, 1, 1, 1, 1, 1, 1, 1, 1, 1, 1, 1, 1, 1, 1, 1, 1, 1, 1, 1, 1, 1, 1, 1, 1, 1, 1, 1, 1, 1]",10800,1800,290,60,1760,2,0,250000000,900,False,True,,,
pyyaml,pypi,https://github.com/yaml/pyyaml,MIT,2011-07-01T22:59:26.759009+00:00,2025-09-29T20:27:46.049234+00:00,6.0.3,40,1,60,850,267,380,"[267, 113, 68, 48, 36, 29, 24, 20, 17, 15, 13, 12, 11, 10, 9, 8, 8, 7, 7, 6, 6, 6, 5, 5, 5, 5, 4, 4, 4, 4, 4, 4, 3, 3, 3, 3, 3, 3, 3, 3, 3, 3, 2, 2, 2, 2, 2, 2, 2, 2, 2, 2, 2, 2, 2, 2, 2, 2, 2, 2]",2900,650,95,180,630,0,0,310000000,325,False,True,,,
fabric,pypi,https://github.com/fabric/fabric,BSD-3-Clause,2008-01-13T21:35:48+00:00,2026-04-06T00:00:11.481081+00:00,3.2.3,131,1,180,2800,805,1141,"[805, 336, 202, 141, 107, 85, 70, 59, 51, 45, 40, 36, 32, 30, 27, 25, 23, 22, 20, 19, 18, 17, 16, 15, 14, 14, 13, 12, 12, 11, 11, 10, 10, 10, 9, 9, 9, 8, 8, 8, 8, 7, 7, 7, 7, 7, 6, 6, 6, 6, 6, 6, 6, 5, 5, 5, 5, 5, 5, 5, 5, 5, 5, 4, 4, 4, 4, 4, 4, 4, 4, 4, 4, 4, 4, 4, 4, 3, 3, 3, 3, 3, 3, 3, 3, 3, 3, 3, 3, 3, 3, 3, 3, 3, 3, 3, 3, 3, 3, 3, 2, 2, 2, 2, 2, 2, 2, 2, 2, 2, 2, 2, 2, 2, 2, 2, 2, 2, 2, 2, 2, 2, 2, 2, 2, 2, 2, 2, 2, 2, 2, 2, 2, 2, 2, 2, 2, 2, 2, 2, 2, 2, 2, 2, 2, 2, 2, 2, 2, 2, 2, 1, 1, 1, 1, 1, 1, 1, 1, 1, 1, 1, 1, 1, 1, 1, 1, 1, 1, 1, 1, 1, 1, 1, 1, 1, 1, 1, 1, 1]",15000,2100,550,350,2250,5,0,18000000,1050,False,True,,,
tqdm,pypi,https://github.com/tqdm/tqdm,MIT,2013-10-26T20:06:45.223855+00:00,2026-09-11T07:25:16.601180+00:00,4.70.1,151,1,140,1450,425,603,"[425, 178, 107, 75, 56, 45, 37, 31, 27, 24, 21, 19, 17, 16, 14, 13, 12, 11, 11, 10, 9, 9, 8, 8, 8, 7, 7, 7, 6, 6, 6, 6, 5, 5, 5, 5, 5, 4, 4, 4, 4, 4, 4, 4, 4, 4, 3, 3, 3, 3, 3, 3, 3, 3, 3, 3, 3, 3, 3, 3, 2, 2, 2, 2, 2, 2, 2, 2, 2, 2, 2, 2, 2, 2, 2, 2, 2, 2, 2, 2, 2, 2, 2, 2, 2, 2, 2, 2, 2, 2, 2, 1, 1, 1, 1, 1, 1, 1, 1, 1, 1, 1, 1, 1, 1, 1, 1, 1, 1, 1, 1, 1, 1, 1, 1, 1, 1, 1, 1, 1, 1, 1, 1, 1, 1, 1, 1, 1, 1, 1, 1, 1, 1, 1, 1, 1, 1, 1, 1, 1]",29500,1400,320,190,1440,8,0,160000000,700,False,True,,,
werkzeug,pypi,https://github.com/pallets/werkzeug,BSD-3-Clause,2007-12-09T18:29:42+00:00,2026-04-02T18:49:14.268187+00:00,3.1.8,106,1,450,4500,1174,1682,"[1174, 508, 306, 213, 161, 129, 106, 90, 77, 68, 60, 54, 49, 45, 41, 38, 35, 33, 30, 29, 27, 25, 24, 23, 22, 21, 20, 19, 18, 17, 17, 16, 15, 15, 14, 14, 13, 13, 12, 12, 12, 11, 11, 11, 10, 10, 10, 10, 9, 9, 9, 9, 8, 8, 8, 8, 8, 8, 7, 7, 7, 7, 7, 7, 7, 6, 6, 6, 6, 6, 6, 6, 6, 6, 5, 5, 5, 5, 5, 5, 5, 5, 5, 5, 5, 5, 5, 4, 4, 4, 4, 4, 4, 4, 4, 4, 4, 4, 4, 4, 4, 4, 4, 4, 4, 4, 4, 3, 3, 3, 3, 3, 3, 3, 3, 3, 3, 3, 3, 3, 3, 3, 3, 3, 3, 3, 3, 3, 3, 3, 3, 3, 3, 3, 3, 3, 3, 3, 3, 3, 2, 2, 2, 2, 2, 2, 2, 2, 2, 2, 2, 2, 2, 2, 2, 2, 2, 2, 2, 2, 2, 2, 2, 2, 2, 2, 2, 2, 2, 2, 2, 2, 2, 2, 2, 2, 2, 2, 2, 2, 2, 2, 2, 2, 2, 2, 2, 2, 2, 2, 2, 2, 2, 2, 2, 2, 2, 2, 2, 2, 2, 2, 2, 2, 2, 2, 2, 2, 2, 2, 2, 1, 1, 1, 1, 1, 1, 1, 1, 1, 1, 1, 1, 1, 1, 1, 1, 1, 1, 1, 1, 1, 1, 1, 1, 1, 1, 1, 1, 1, 1, 1, 1, 1, 1, 1, 1, 1, 1, 1, 1, 1, 1, 1, 1, 1, 1, 1, 1, 1, 1, 1, 1, 1, 1, 1, 1, 1, 1, 1, 1, 1, 1, 1, 1, 1, 1, 1, 1, 1, 1, 1, 1, 1, 1, 1, 1, 1, 1, 1, 1, 1, 1, 1, 1, 1, 1, 1, 1, 1, 1, 1, 1, 1, 1, 1, 1, 1, 1, 1, 1, 1, 1, 1, 1, 1, 1, 1, 1, 1, 1, 1, 1, 1, 1, 1, 1, 1, 1, 1, 1, 1, 1, 1, 1, 1, 1, 1, 1, 1, 1, 1, 1, 1, 1, 1, 1, 1, 1, 1, 1, 1, 1, 1, 1, 1, 1, 1, 1, 1, 1, 1, 1, 1, 1, 1, 1, 1, 1, 1, 1, 1, 1, 1, 1, 1, 1, 1, 1, 1, 1, 1, 1, 1, 1, 1, 1, 1, 1, 1, 1, 1, 1, 1, 1, 1, 1, 1, 1, 1, 1, 1, 1, 1, 1, 1, 1, 1, 1, 1, 1, 1, 1, 1, 1, 1, 1, 1, 1, 1, 1, 1, 1, 1, 1, 1, 1, 1, 1, 1, 1, 1, 1, 1, 1, 1, 1, 1, 1, 1, 1, 1, 1, 1, 1, 1, 1, 1, 1, 1]",7100,1800,220,85,2685,2,0,177000000,900,False,True,,,
paramiko,pypi,https://github.com/paramiko/paramiko,LGPL-2.1,2010-10-27T03:00:39.496743+00:00,2026-05-09T18:28:52.256263+00:00,5.0.0,151,1,220,1600,432,621,"[432, 189, 114, 80, 60, 48, 40, 33, 29, 25, 22, 20, 18, 17, 15, 14, 13, 12, 11, 11, 10, 9, 9, 8, 8, 8, 7, 7, 7, 6, 6, 6, 6, 5, 5, 5, 5, 5, 5, 4, 4, 4, 4, 4, 4, 4, 4, 4, 3, 3, 3, 3, 3, 3, 3, 3, 3, 3, 3, 3, 3, 3, 3, 2, 2, 2, 2, 2, 2, 2, 2, 2, 2, 2, 2, 2, 2, 2, 2, 2, 2, 2, 2, 2, 2, 2, 2, 2, 2, 2, 2, 2, 2, 2, 2, 1, 1, 1, 1, 1, 1, 1, 1, 1, 1, 1, 1, 1, 1, 1, 1, 1, 1, 1, 1, 1, 1, 1, 1, 1, 1, 1, 1, 1, 1, 1, 1, 1, 1, 1, 1, 1, 1, 1, 1, 1, 1, 1, 1, 1, 1, 1, 1, 1, 1, 1, 1, 1, 1, 1, 1, 1, 1, 1, 1, 1, 1, 1, 1, 1, 1, 1, 1, 1, 1, 1, 1, 1, 1, 1, 1, 1, 1, 1, 1, 1, 1, 1, 1, 1, 1, 1, 1, 1, 1, 1, 1, 1, 1, 1, 1, 1, 1, 1, 1, 1, 1, 1, 1, 1, 1, 1, 1, 1, 1, 1, 1, 1, 1, 1, 1, 1, 1, 1, 1, 1, 1, 1, 1, 1]",9200,2100,380,320,2220,4,0,85000000,1050,False,True,,,
feedparser,pypi,https://github.com/kurtmckee/feedparser,BSD-2-Clause,2007-06-15T13:19:50+00:00,2026-07-30T14:07:40.491457+00:00,6.0.14,27,1,45,650,212,301,"[212, 89, 54, 38, 28, 23, 19, 16, 14, 12, 11, 10, 9, 8, 7, 7, 6, 6, 5, 5, 5, 4, 4, 4, 4, 4, 3, 3, 3, 3, 3, 3, 3, 3, 2, 2, 2, 2, 2, 2, 2, 2, 2, 2, 2]",1900,450,80,140,520,1,0,15000000,225,False,True,,,
colorama,pypi,https://github.com/tartley/colorama,BSD-3-Clause,2010-04-20T02:02:19.446482+00:00,2022-10-25T02:36:22.414799+00:00,0.4.6,46,1,50,420,138,195,"[138, 57, 34, 24, 18, 14, 12, 10, 9, 8, 7, 6, 5, 5, 5, 4, 4, 4, 3, 3, 3, 3, 3, 3, 2, 2, 2, 2, 2, 2, 2, 2, 2, 2, 2, 2, 1, 1, 1, 1, 1, 1, 1, 1, 1, 1, 1, 1, 1, 1]",3600,400,75,60,340,0,0,260000000,200,False,True,,,
lxml,pypi,https://github.com/lxml/lxml,BSD-3-Clause,2007-07-03T21:39:17+00:00,2026-09-03T12:04:50.126177+00:00,6.1.3,130,1,120,7500,2212,3143,"[2212, 931, 561, 391, 296, 236, 194, 165, 142, 124, 111, 99, 90, 82, 75, 69, 64, 60, 56, 52, 49, 46, 44, 42, 40, 38, 36, 34, 33, 32, 30, 29, 28, 27, 26, 25, 24, 23, 23, 22, 21, 21, 20, 20, 19, 18, 18, 18, 17, 17, 16, 16, 15, 15, 15, 14, 14, 14, 14, 13, 13, 13, 12, 12, 12, 12, 12, 11, 11, 11, 11, 11, 10, 10, 10, 10, 10, 10, 9, 9, 9, 9, 9, 9, 9, 8, 8, 8, 8, 8, 8, 8, 8, 8, 7, 7, 7, 7, 7, 7, 7, 7, 7, 7, 7, 7, 6, 6, 6, 6, 6, 6, 6, 6, 6, 6, 6, 6, 6, 6]",2800,580,85,90,1490,4,0,180000000,290,False,True,,,
idna,pypi,https://github.com/kjd/idna,BSD-3-Clause,2013-07-16T19:29:45.445020+00:00,2026-09-17T14:11:04.752193+00:00,3.20,43,1,30,380,132,187,"[132, 55, 33, 23, 18, 14, 12, 10, 8, 7, 7, 6, 5, 5, 4, 4, 4, 4, 3, 3, 3, 3, 3, 2, 2, 2, 2, 2, 2, 2]",1800,250,55,40,230,6,0,320000000,125,False,True,,,
theano,pypi,https://github.com/Theano/Theano,BSD-3-Clause,2010-11-23T00:45:24.455802+00:00,2020-07-27T16:13:54.262781+00:00,1.0.5,45,1,340,28000,7645,10858,"[7645, 3213, 1936, 1351, 1022, 814, 671, 568, 490, 430, 381, 342, 310, 282, 259, 239, 221, 206, 193, 181, 170, 160, 152, 144, 137, 130, 124, 119, 114, 109, 104, 100, 97, 93, 90, 87, 84, 81, 78, 76, 74, 71, 69, 67, 66, 64, 62, 60, 59, 57, 56, 55, 53, 52, 51, 50, 49, 48, 47, 46, 45, 44, 43, 42, 41, 41, 40, 39, 38, 38, 37, 36, 36, 35, 35, 34, 34, 33, 32, 32, 31, 31, 31, 30, 30, 29, 29, 28, 28, 28, 27, 27, 26, 26, 26, 25, 25, 25, 24, 24, 24, 24, 23, 23, 23, 22, 22, 22, 22, 21, 21, 21, 21, 21, 20, 20, 20, 20, 19, 19, 19, 19, 19, 18, 18, 18, 18, 18, 18, 17, 17, 17, 17, 17, 17, 16, 16, 16, 16, 16, 16, 16, 15, 15, 15, 15, 15, 15, 15, 15, 14, 14, 14, 14, 14, 14, 14, 14, 14, 13, 13, 13, 13, 13, 13, 13, 13, 13, 13, 12, 12, 12, 12, 12, 12, 12, 12, 12, 12, 12, 12, 11, 11, 11, 11, 11, 11, 11, 11, 11, 11, 11, 11, 11, 10, 10, 10, 10, 10, 10, 10, 10, 10, 10, 10, 10, 10, 10, 10, 10, 10, 9, 9, 9, 9, 9, 9, 9, 9, 9, 9, 9, 9, 9, 9, 9, 9, 9, 9, 9, 8, 8, 8, 8, 8, 8, 8, 8, 8, 8, 8, 8, 8, 8, 8, 8, 8, 8, 8, 8, 8, 8, 8, 8, 7, 7, 7, 7, 7, 7, 7, 7, 7, 7, 7, 7, 7, 7, 7, 7, 7, 7, 7, 7, 7, 7, 7, 7, 7, 7, 7, 7, 7, 7, 7, 6, 6, 6, 6, 6, 6, 6, 6, 6, 6, 6, 6, 6, 6, 6, 6, 6, 6, 6, 6, 6, 6, 6, 6, 6, 6, 6, 6, 6, 6, 6, 6, 6, 6, 6, 6, 6, 6, 6, 6, 6, 5, 5, 5, 5, 5, 5, 5, 5, 5, 5, 5, 5, 5, 5]",10000,2450,620,590,6790,0,0,2500000,1225,False,True,,,
joblib,pypi,https://github.com/joblib/joblib,BSD-3-Clause,2008-10-26T14:11:28+00:00,2026-08-31T09:39:04.122416+00:00,1.6.0,109,1,180,2100,602,854,"[602, 252, 152, 106, 80, 64, 53, 45, 38, 34, 30, 27, 24, 22, 20, 19, 17, 16, 15, 14, 13, 13, 12, 11, 11, 10, 10, 9, 9, 9, 8, 8, 8, 7, 7, 7, 7, 6, 6, 6, 6, 6, 5, 5, 5, 5, 5, 5, 5, 5, 4, 4, 4, 4, 4, 4, 4, 4, 4, 4, 4, 3, 3, 3, 3, 3, 3, 3, 3, 3, 3, 3, 3, 3, 3, 3, 3, 3, 3, 3, 2, 2, 2, 2, 2, 2, 2, 2, 2, 2, 2, 2, 2, 2, 2, 2, 2, 2, 2, 2, 2, 2, 2, 2, 2, 2, 2, 2, 2, 2, 2, 2, 2, 2, 2, 2, 2, 2, 2, 2, 1, 1, 1, 1, 1, 1, 1, 1, 1, 1, 1, 1, 1, 1, 1, 1, 1, 1, 1, 1, 1, 1, 1, 1, 1, 1, 1, 1, 1, 1, 1, 1, 1, 1, 1, 1, 1, 1, 1, 1, 1, 1, 1, 1, 1, 1, 1, 1, 1, 1, 1, 1, 1, 1, 1, 1, 1, 1, 1, 1]",3800,700,110,85,1185,24,0,140000000,350,False,True,,,
chardet,pypi,https://github.com/chardet/chardet,LGPL-2.1,2006-12-23T17:39:10+00:00,2026-08-14T21:04:31.390972+00:00,7.6.0,31,1,65,950,297,422,"[297, 125, 75, 53, 40, 32, 26, 22, 19, 17, 15, 13, 12, 11, 10, 9, 9, 8, 8, 7, 7, 6, 6, 6, 5, 5, 5, 5, 4, 4, 4, 4, 4, 4, 3, 3, 3, 3, 3, 3, 3, 3, 3, 3, 3, 2, 2, 2, 2, 2, 2, 2, 2, 2, 2, 2, 2, 2, 2, 2, 2, 2, 2, 2, 2]",2100,350,70,120,540,0,0,180000000,175,False,True,,,
six,pypi,https://github.com/benjaminp/six,MIT,2010-06-29T19:56:36.719942+00:00,2024-12-04T17:35:28.174320+00:00,1.17.0,29,1,75,720,224,317,"[224, 93, 56, 39, 30, 24, 20, 17, 14, 13, 11, 10, 9, 8, 8, 7, 6, 6, 6, 5, 5, 5, 4, 4, 4, 4, 4, 3, 3, 3, 3, 3, 3, 3, 3, 3, 2, 2, 2, 2, 2, 2, 2, 2, 2, 2, 2, 2, 2, 2, 2, 2, 2, 2, 1, 1, 1, 1, 1, 1, 1, 1, 1, 1, 1, 1, 1, 1, 1, 1, 1, 1, 1, 1, 1]",1100,310,60,45,425,0,0,190000000,155,False,True,,,
simplejson,pypi,https://github.com/simplejson/simplejson,MIT,2005-12-31T23:11:36+00:00,2026-08-27T00:38:27.527340+00:00,4.1.2,113,1,50,850,278,393,"[278, 115, 70, 49, 37, 29, 24, 20, 18, 15, 14, 12, 11, 10, 9, 9, 8, 7, 7, 6, 6, 6, 5, 5, 5, 5, 4, 4, 4, 4, 4, 4, 3, 3, 3, 3, 3, 3, 3, 3, 3, 3, 2, 2, 2, 2, 2, 2, 2, 2]",1800,320,65,60,370,0,0,45000000,160,False,True,,,
sqlalchemy,pypi,https://github.com/sqlalchemy/sqlalchemy,MIT,2006-02-14T03:11:34+00:00,2026-09-15T22:42:56.727137+00:00,2.0.54,330,1,500,42000,11200,15910,"[11200, 4710, 2837, 1980, 1498, 1193, 984, 833, 719, 630, 559, 502, 454, 414, 379, 350, 325, 302, 282, 265, 249, 235, 222, 211, 200, 191, 182, 174, 166, 160, 153, 147, 142, 136, 132, 127, 123, 119, 115, 111, 108, 105, 102, 99, 96, 94, 91, 89, 86, 84, 82, 80, 78, 77, 75, 73, 72, 70, 69, 67, 66, 64, 63, 62, 61, 60, 58, 57, 56, 55, 54, 53, 52, 52, 51, 50, 49, 48, 48, 47, 46, 45, 45, 44, 43, 43, 42, 42, 41, 40, 40, 39, 39, 38, 38, 37, 37, 36, 36, 35, 35, 35, 34, 34, 33, 33, 33, 32, 32, 31, 31, 31, 30, 30, 30, 29, 29, 29, 29, 28, 28, 28, 27, 27, 27, 27, 26, 26, 26, 26, 25, 25, 25, 25, 24, 24, 24, 24, 23, 23, 23, 23, 23, 22, 22, 22, 22, 22, 22, 21, 21, 21, 21, 21, 20, 20, 20, 20, 20, 20, 20, 19, 19, 19, 19, 19, 19, 19, 18, 18, 18, 18, 18, 18, 18, 17, 17, 17, 17, 17, 17, 17, 17, 17, 16, 16, 16, 16, 16, 16, 16, 16, 16, 15, 15, 15, 15, 15, 15, 15, 15, 15, 15, 15, 14, 14, 14, 14, 14, 14, 14, 14, 14, 14, 14, 14, 13, 13, 13, 13, 13, 13, 13, 13, 13, 13, 13, 13, 13, 13, 12, 12, 12, 12, 12, 12, 12, 12, 12, 12, 12, 12, 12, 12, 12, 11, 11, 11, 11, 11, 11, 11, 11, 11, 11, 11, 11, 11, 11, 11, 11, 11, 11, 11, 10, 10, 10, 10, 10, 10, 10, 10, 10, 10, 10, 10, 10, 10, 10, 10, 10, 10, 10, 10, 10, 10, 9, 9, 9, 9, 9, 9, 9, 9, 9, 9, 9, 9, 9, 9, 9, 9, 9, 9, 9, 9, 9, 9, 9, 9, 9, 9, 9, 8, 8, 8, 8, 8, 8, 8, 8, 8, 8, 8, 8, 8, 8, 8, 8, 8, 8, 8, 8, 8, 8, 8, 8, 8, 8, 8, 8, 8, 8, 8, 8, 8, 7, 7, 7, 7, 7, 7, 7, 7, 7, 7, 7, 7, 7, 7, 7, 7, 7, 7, 7, 7, 7, 7, 7, 7, 7, 7, 7, 7, 7, 7, 7, 7, 7, 7, 7, 7, 7, 7, 7, 7, 7, 7, 6, 6, 6, 6, 6, 6, 6, 6, 6, 6, 6, 6, 6, 6, 6, 6, 6, 6, 6, 6, 6, 6, 6, 6, 6, 6, 6, 6, 6, 6, 6, 6, 6, 6, 6, 6, 6, 6, 6, 6, 6, 6, 6, 6, 6, 6, 6, 6, 6, 6, 6, 6, 6, 6, 6, 5, 5, 5, 5, 5, 5, 5, 5, 5, 5, 5, 5, 5, 5, 5, 5, 5, 5, 5, 5, 5, 5, 5, 5, 5, 5, 5, 5, 5, 5, 5, 5, 5, 5, 5, 5, 5, 5, 5, 5, 5, 5, 5, 5, 5, 5, 5, 5, 5, 5, 5, 5, 5, 5, 5, 5, 5]",10500,1500,310,450,12450,32,0,160000000,750,False,True,,,
certifi,pypi,https://github.com/certifi/python-certifi,MPL-2.0,2011-12-28T07:27:42.157563+00:00,2026-07-22T03:35:12.644458+00:00,2026.7.22,76,1,45,480,156,222,"[156, 66, 40, 28, 21, 17, 14, 12, 10, 9, 8, 7, 6, 6, 5, 5, 5, 4, 4, 4, 3, 3, 3, 3, 3, 3, 3, 2, 2, 2, 2, 2, 2, 2, 2, 2, 2, 2, 2, 2, 2, 1, 1, 1, 1]",1200,450,60,25,235,0,0,380000000,225,False,True,,,
nose,pypi,https://github.com/nose-devs/nose,LGPL-2.1,2010-12-14T23:20:25.766733+00:00,2015-06-02T09:12:40.570975+00:00,1.3.7,14,1,110,1300,389,552,"[389, 163, 98, 68, 52, 41, 34, 29, 25, 22, 19, 17, 16, 14, 13, 12, 11, 10, 10, 9, 9, 8, 8, 7, 7, 7, 6, 6, 6, 6, 5, 5, 5, 5, 5, 4, 4, 4, 4, 4, 4, 4, 4, 3, 3, 3, 3, 3, 3, 3, 3, 3, 3, 3, 3, 3, 2, 2, 2, 2, 2, 2, 2, 2, 2, 2, 2, 2, 2, 2, 2, 2, 2, 2, 2, 2, 2, 2, 2, 2, 2, 2, 2, 2, 1, 1, 1, 1, 1, 1, 1, 1, 1, 1, 1, 1, 1, 1, 1, 1, 1, 1, 1, 1, 1, 1, 1, 1, 1, 1]",2100,550,110,320,1170,0,0,8500000,275,False,True,,,
pycrypto,pypi,https://github.com/dlitz/pycrypto,Unlicense,2010-12-17T03:18:31.767626+00:00,2014-06-20T08:10:20.813938+00:00,2.6.1,13,1,45,650,212,301,"[212, 89, 54, 38, 28, 23, 19, 16, 14, 12, 11, 10, 9, 8, 7, 7, 6, 6, 5, 5, 5, 4, 4, 4, 4, 4, 3, 3, 3, 3, 3, 3, 3, 3, 2, 2, 2, 2, 2, 2, 2, 2, 2, 2, 2]",2400,850,180,290,670,0,0,12000000,425,False,True,,,
supervisor,pypi,https://github.com/Supervisor/supervisor,BSD-3-Clause,2009-05-24T21:44:39.034092+00:00,2025-08-23T18:25:02.418656+00:00,4.3.0,52,1,180,3100,881,1253,"[881, 372, 224, 156, 118, 94, 78, 66, 57, 50, 44, 40, 36, 33, 30, 28, 26, 24, 22, 21, 20, 19, 18, 17, 16, 15, 14, 14, 13, 13, 12, 12, 11, 11, 10, 10, 10, 9, 9, 9, 9, 8, 8, 8, 8, 7, 7, 7, 7, 7, 6, 6, 6, 6, 6, 6, 6, 6, 5, 5, 5, 5, 5, 5, 5, 5, 5, 5, 4, 4, 4, 4, 4, 4, 4, 4, 4, 4, 4, 4, 4, 4, 4, 3, 3, 3, 3, 3, 3, 3, 3, 3, 3, 3, 3, 3, 3, 3, 3, 3, 3, 3, 3, 3, 3, 3, 3, 3, 3, 2, 2, 2, 2, 2, 2, 2, 2, 2, 2, 2, 2, 2, 2, 2, 2, 2, 2, 2, 2, 2, 2, 2, 2, 2, 2, 2, 2, 2, 2, 2, 2, 2, 2, 2, 2, 2, 2, 2, 2, 2, 2, 2, 2, 2, 2, 2, 2, 2, 2, 2, 2, 2, 2, 2, 1, 1, 1, 1, 1, 1, 1, 1, 1, 1, 1, 1, 1, 1, 1, 1]",9200,1600,320,220,1670,2,0,22000000,800,False,True,,,
pathlib,pypi,https://github.com/pitrou/pathlib,MIT,2012-01-30T01:36:35.104896+00:00,2022-05-04T13:37:20.585901+00:00,1.0.1,11,1,15,280,108,154,"[108, 46, 27, 19, 15, 12, 10, 8, 7, 6, 5, 5, 4, 4, 4]",650,110,30,50,140,0,0,14000000,55,False,True,,,
pysqlite,pypi,https://github.com/ghaering/pysqlite,Zlib,2009-11-12T09:43:50.632247+00:00,2016-08-30T21:38:01.655735+00:00,2.8.3,11,1,8,280,125,177,"[125, 52, 31, 22, 17, 13, 11, 9]",120,35,18,45,105,0,0,450000,17,True,True,,,
pep8,pypi,https://github.com/PyCQA/pep8,MIT,2009-09-14T11:14:10.286464+00:00,2017-10-24T14:39:13.198768+00:00,1.7.1,37,1,35,520,177,251,"[177, 74, 45, 31, 24, 19, 15, 13, 11, 10, 9, 8, 7, 6, 6, 5, 5, 5, 4, 4, 4, 4, 3, 3, 3, 3, 3, 3, 3, 3, 2, 2, 2, 2, 2]",1400,320,65,120,530,0,0,3500000,160,False,True,,,
ipaddress,pypi,https://github.com/phihag/ipaddress,PSF-2.0,2013-02-04T00:13:44.744480+00:00,2019-10-18T01:30:27.002293+00:00,1.0.23,22,1,18,220,82,117,"[82, 35, 21, 15, 11, 9, 7, 6, 5, 5, 4, 4, 3, 3, 3, 3, 2, 2]",280,80,25,35,130,0,0,24000000,40,False,True,,,
mock,pypi,https://github.com/testing-cabal/mock,BSD-3-Clause,2008-10-12T16:22:30+00:00,2025-03-03T12:31:42.911672+00:00,5.2.0,40,1,40,680,227,322,"[227, 95, 57, 40, 30, 24, 20, 17, 14, 13, 11, 10, 9, 8, 8, 7, 7, 6, 6, 5, 5, 5, 4, 4, 4, 4, 4, 4, 3, 3, 3, 3, 3, 3, 3, 3, 2, 2, 2, 2]",1500,250,55,85,405,6,0,35000000,125,False,True,,,
distutils2,pypi,https://github.com/tarekziade/distutils2,PSF-2.0,2010-05-06T15:18:21.791167+00:00,2012-03-13T17:08:52.645076+00:00,1.0a4,4,1,12,350,142,202,"[142, 60, 36, 25, 19, 15, 12, 11, 9, 8, 7, 6]",150,40,25,80,190,0,0,150000,20,False,True,,,
functools32,pypi,https://github.com/MiCHaEL-K/functools32,PSF-2.0,2012-09-19T04:48:12.778009+00:00,2015-07-11T02:47:05.917894+00:00,3.2.3-2,3,1,8,120,54,76,"[54, 22, 13, 9, 7, 6, 5, 4]",140,35,12,18,63,0,0,15000000,17,False,True,,,
urllib3,pypi,https://github.com/urllib3/urllib3,MIT,2009-12-11T08:47:22.568398+00:00,2026-09-15T19:29:36.253420+00:00,2.8.0,109,1,350,3800,1028,1463,"[1028, 435, 262, 183, 138, 110, 91, 77, 66, 58, 52, 46, 42, 38, 35, 32, 30, 28, 26, 24, 23, 22, 21, 19, 19, 18, 17, 16, 15, 15, 14, 14, 13, 13, 12, 12, 11, 11, 11, 10, 10, 10, 9, 9, 9, 9, 8, 8, 8, 8, 8, 7, 7, 7, 7, 7, 7, 6, 6, 6, 6, 6, 6, 6, 6, 6, 5, 5, 5, 5, 5, 5, 5, 5, 5, 5, 5, 4, 4, 4, 4, 4, 4, 4, 4, 4, 4, 4, 4, 4, 4, 4, 4, 4, 3, 3, 3, 3, 3, 3, 3, 3, 3, 3, 3, 3, 3, 3, 3, 3, 3, 3, 3, 3, 3, 3, 3, 3, 3, 3, 3, 3, 3, 3, 2, 2, 2, 2, 2, 2, 2, 2, 2, 2, 2, 2, 2, 2, 2, 2, 2, 2, 2, 2, 2, 2, 2, 2, 2, 2, 2, 2, 2, 2, 2, 2, 2, 2, 2, 2, 2, 2, 2, 2, 2, 2, 2, 2, 2, 2, 2, 2, 2, 2, 2, 2, 2, 2, 2, 2, 2, 2, 2, 2, 2, 2, 1, 1, 1, 1, 1, 1, 1, 1, 1, 1, 1, 1, 1, 1, 1, 1, 1, 1, 1, 1, 1, 1, 1, 1, 1, 1, 1, 1, 1, 1, 1, 1, 1, 1, 1, 1, 1, 1, 1, 1, 1, 1, 1, 1, 1, 1, 1, 1, 1, 1, 1, 1, 1, 1, 1, 1, 1, 1, 1, 1, 1, 1, 1, 1, 1, 1, 1, 1, 1, 1, 1, 1, 1, 1, 1, 1, 1, 1, 1, 1, 1, 1, 1, 1, 1, 1, 1, 1, 1, 1, 1, 1, 1, 1, 1, 1, 1, 1, 1, 1, 1, 1, 1, 1, 1, 1, 1, 1, 1, 1, 1, 1, 1, 1, 1, 1, 1, 1, 1, 1, 1, 1, 1, 1, 1, 1, 1, 1, 1, 1, 1, 1, 1, 1, 1, 1, 1, 1, 1, 1, 1, 1, 1, 1, 1, 1, 1, 1, 1, 1, 1, 1, 1, 1, 1, 1, 1, 1, 1, 1, 1, 1, 1, 1]",4100,1200,140,85,2685,5,0,750000000,600,False,True,,,
tornado,pypi,https://github.com/tornadoweb/tornado,Apache-2.0,2010-05-18T11:03:55.382441+00:00,2026-09-22T03:24:39.867757+00:00,6.5.10,87,1,420,4500,1196,1706,"[1196, 510, 307, 214, 162, 129, 106, 90, 78, 68, 61, 54, 49, 45, 41, 38, 35, 33, 31, 29, 27, 25, 24, 23, 22, 21, 20, 19, 18, 17, 17, 16, 15, 15, 14, 14, 13, 13, 12, 12, 12, 11, 11, 11, 10, 10, 10, 10, 9, 9, 9, 9, 8, 8, 8, 8, 8, 8, 7, 7, 7, 7, 7, 7, 7, 6, 6, 6, 6, 6, 6, 6, 6, 6, 5, 5, 5, 5, 5, 5, 5, 5, 5, 5, 5, 5, 5, 4, 4, 4, 4, 4, 4, 4, 4, 4, 4, 4, 4, 4, 4, 4, 4, 4, 4, 4, 4, 3, 3, 3, 3, 3, 3, 3, 3, 3, 3, 3, 3, 3, 3, 3, 3, 3, 3, 3, 3, 3, 3, 3, 3, 3, 3, 3, 3, 3, 3, 3, 3, 3, 2, 2, 2, 2, 2, 2, 2, 2, 2, 2, 2, 2, 2, 2, 2, 2, 2, 2, 2, 2, 2, 2, 2, 2, 2, 2, 2, 2, 2, 2, 2, 2, 2, 2, 2, 2, 2, 2, 2, 2, 2, 2, 2, 2, 2, 2, 2, 2, 2, 2, 2, 2, 2, 2, 2, 2, 2, 2, 2, 2, 2, 2, 2, 2, 2, 2, 2, 2, 2, 2, 2, 1, 1, 1, 1, 1, 1, 1, 1, 1, 1, 1, 1, 1, 1, 1, 1, 1, 1, 1, 1, 1, 1, 1, 1, 1, 1, 1, 1, 1, 1, 1, 1, 1, 1, 1, 1, 1, 1, 1, 1, 1, 1, 1, 1, 1, 1, 1, 1, 1, 1, 1, 1, 1, 1, 1, 1, 1, 1, 1, 1, 1, 1, 1, 1, 1, 1, 1, 1, 1, 1, 1, 1, 1, 1, 1, 1, 1, 1, 1, 1, 1, 1, 1, 1, 1, 1, 1, 1, 1, 1, 1, 1, 1, 1, 1, 1, 1, 1, 1, 1, 1, 1, 1, 1, 1, 1, 1, 1, 1, 1, 1, 1, 1, 1, 1, 1, 1, 1, 1, 1, 1, 1, 1, 1, 1, 1, 1, 1, 1, 1, 1, 1, 1, 1, 1, 1, 1, 1, 1, 1, 1, 1, 1, 1, 1, 1, 1, 1, 1, 1, 1, 1, 1, 1, 1, 1, 1, 1, 1, 1, 1, 1, 1, 1, 1, 1, 1, 1, 1, 1, 1, 1, 1, 1, 1, 1, 1, 1, 1, 1, 1, 1, 1, 1, 1, 1, 1, 1, 1, 1, 1, 1, 1, 1, 1, 1, 1, 1, 1, 1, 1, 1, 1, 1, 1, 1, 1, 1, 1]",21500,5600,1100,120,3220,0,0,55000000,2800,False,True,,,
cherrypy,pypi,https://github.com/cherrypy/cherrypy,BSD-3-Clause,2005-12-15T09:54:12+00:00,2024-06-14T15:25:37.192114+00:00,18.10.0,121,1,120,3800,1125,1597,"[1125, 472, 284, 198, 150, 119, 99, 83, 72, 63, 56, 50, 45, 41, 38, 35, 32, 30, 28, 27, 25, 24, 22, 21, 20, 19, 18, 17, 17, 16, 15, 15, 14, 14, 13, 13, 12, 12, 12, 11, 11, 10, 10, 10, 10, 9, 9, 9, 9, 8, 8, 8, 8, 8, 7, 7, 7, 7, 7, 7, 7, 6, 6, 6, 6, 6, 6, 6, 6, 6, 5, 5, 5, 5, 5, 5, 5, 5, 5, 5, 5, 5, 4, 4, 4, 4, 4, 4, 4, 4, 4, 4, 4, 4, 4, 4, 4, 4, 4, 4, 4, 3, 3, 3, 3, 3, 3, 3, 3, 3, 3, 3, 3, 3, 3, 3, 3, 3, 3, 3]",2100,390,95,140,1890,27,0,4500000,195,False,True,,,
enum34,pypi,https://github.com/al45tair/enum34,BSD-3-Clause,2013-06-16T06:47:54.663624+00:00,2020-03-10T17:48:03.174785+00:00,1.1.10,30,1,10,160,68,96,"[68, 28, 17, 12, 9, 7, 6, 5, 4, 4]",190,45,15,25,90,0,0,18000000,22,False,True,,,
twisted,pypi,https://github.com/twisted/twisted,MIT,2005-10-11T15:44:53+00:00,2026-05-11T11:24:51.861679+00:00,26.4.0,111,1,320,35000,9589,13621,"[9589, 4032, 2429, 1695, 1283, 1021, 842, 713, 615, 539, 479, 429, 388, 354, 325, 300, 278, 259, 242, 227, 213, 201, 190, 181, 172, 163, 156, 149, 142, 137, 131, 126, 121, 117, 113, 109, 105, 102, 98, 95, 92, 90, 87, 85, 82, 80, 78, 76, 74, 72, 70, 69, 67, 66, 64, 63, 61, 60, 59, 57, 56, 55, 54, 53, 52, 51, 50, 49, 48, 47, 47, 46, 45, 44, 43, 43, 42, 41, 41, 40, 39, 39, 38, 38, 37, 37, 36, 36, 35, 35, 34, 34, 33, 33, 32, 32, 32, 31, 31, 30, 30, 30, 29, 29, 29, 28, 28, 28, 27, 27, 27, 26, 26, 26, 25, 25, 25, 25, 24, 24, 24, 24, 23, 23, 23, 23, 22, 22, 22, 22, 22, 21, 21, 21, 21, 21, 20, 20, 20, 20, 20, 20, 19, 19, 19, 19, 19, 19, 18, 18, 18, 18, 18, 18, 18, 17, 17, 17, 17, 17, 17, 17, 16, 16, 16, 16, 16, 16, 16, 16, 16, 15, 15, 15, 15, 15, 15, 15, 15, 15, 14, 14, 14, 14, 14, 14, 14, 14, 14, 14, 14, 13, 13, 13, 13, 13, 13, 13, 13, 13, 13, 13, 13, 12, 12, 12, 12, 12, 12, 12, 12, 12, 12, 12, 12, 12, 12, 11, 11, 11, 11, 11, 11, 11, 11, 11, 11, 11, 11, 11, 11, 11, 11, 10, 10, 10, 10, 10, 10, 10, 10, 10, 10, 10, 10, 10, 10, 10, 10, 10, 10, 10, 10, 9, 9, 9, 9, 9, 9, 9, 9, 9, 9, 9, 9, 9, 9, 9, 9, 9, 9, 9, 9, 9, 9, 9, 8, 8, 8, 8, 8, 8, 8, 8, 8, 8, 8, 8, 8, 8, 8, 8, 8, 8, 8, 8, 8, 8, 8, 8, 8, 8, 8, 8, 8, 7, 7, 7, 7, 7, 7, 7, 7, 7, 7, 7, 7, 7, 7, 7]",5600,1600,280,650,10150,150,0,28000000,800,False,True,,,
bottle,pypi,https://github.com/bottlepy/bottle,MIT,2009-07-07T02:55:02.936693+00:00,2025-06-15T10:08:59.439923+00:00,0.13.4,85,1,180,1900,544,772,"[544, 228, 137, 96, 73, 58, 48, 40, 35, 30, 27, 24, 22, 20, 18, 17, 16, 15, 14, 13, 12, 11, 11, 10, 10, 9, 9, 8, 8, 8, 7, 7, 7, 7, 6, 6, 6, 6, 6, 5, 5, 5, 5, 5, 5, 5, 4, 4, 4, 4, 4, 4, 4, 4, 4, 4, 3, 3, 3, 3, 3, 3, 3, 3, 3, 3, 3, 3, 3, 3, 3, 3, 3, 2, 2, 2, 2, 2, 2, 2, 2, 2, 2, 2, 2, 2, 2, 2, 2, 2, 2, 2, 2, 2, 2, 2, 2, 2, 2, 2, 2, 2, 2, 2, 2, 2, 2, 2, 2, 2, 2, 1, 1, 1, 1, 1, 1, 1, 1, 1, 1, 1, 1, 1, 1, 1, 1, 1, 1, 1, 1, 1, 1, 1, 1, 1, 1, 1, 1, 1, 1, 1, 1, 1, 1, 1, 1, 1, 1, 1, 1, 1, 1, 1, 1, 1, 1, 1, 1, 1, 1, 1, 1, 1, 1, 1, 1, 1, 1, 1, 1, 1, 1, 1, 1, 1, 1, 1, 1, 1]",8200,1500,380,110,1360,0,0,6500000,750,False,True,,,
pastedeploy,pypi,https://github.com/Pylons/pastedeploy,MIT,2005-08-22T03:59:15+00:00,2023-11-21T04:54:33.203638+00:00,3.1.0,25,1,20,350,130,184,"[130, 54, 33, 23, 17, 14, 11, 10, 8, 7, 6, 6, 5, 5, 4, 4, 4, 3, 3, 3]",250,80,20,30,170,7,0,8500000,40,False,True,,,
asyncio,pypi,https://github.com/python/asyncio,Apache-2.0,2013-10-22T17:29:44.463715+00:00,2025-08-05T02:51:46.605102+00:00,4.0.0,8,1,60,950,303,429,"[303, 126, 76, 53, 40, 32, 26, 22, 19, 17, 15, 13, 12, 11, 10, 9, 9, 8, 8, 7, 7, 6, 6, 6, 5, 5, 5, 5, 4, 4, 4, 4, 4, 4, 4, 3, 3, 3, 3, 3, 3, 3, 3, 3, 3, 3, 2, 2, 2, 2, 2, 2, 2, 2, 2, 2, 2, 2, 2, 2]",1400,320,85,45,525,0,0,45000000,160,False,True,,,
gevent,pypi,https://github.com/gevent/gevent,MIT,2009-07-20T10:45:09.453735+00:00,2026-09-16T18:05:35.008538+00:00,26.9.0,99,1,190,4800,1367,1941,"[1367, 574, 346, 241, 182, 145, 120, 101, 88, 77, 68, 61, 55, 50, 46, 43, 40, 37, 34, 32, 30, 29, 27, 26, 24, 23, 22, 21, 20, 19, 19, 18, 17, 17, 16, 15, 15, 14, 14, 14, 13, 13, 12, 12, 12, 11, 11, 11, 11, 10, 10, 10, 10, 9, 9, 9, 9, 9, 8, 8, 8, 8, 8, 8, 7, 7, 7, 7, 7, 7, 7, 7, 6, 6, 6, 6, 6, 6, 6, 6, 6, 6, 5, 5, 5, 5, 5, 5, 5, 5, 5, 5, 5, 5, 5, 5, 4, 4, 4, 4, 4, 4, 4, 4, 4, 4, 4, 4, 4, 4, 4, 4, 4, 4, 4, 4, 4, 4, 3, 3, 3, 3, 3, 3, 3, 3, 3, 3, 3, 3, 3, 3, 3, 3, 3, 3, 3, 3, 3, 3, 3, 3, 3, 3, 3, 3, 3, 3, 3, 3, 3, 3, 3, 3, 2, 2, 2, 2, 2, 2, 2, 2, 2, 2, 2, 2, 2, 2, 2, 2, 2, 2, 2, 2, 2, 2, 2, 2, 2, 2, 2, 2, 2, 2, 2, 2, 2, 2, 2, 2]",5800,1100,250,160,2010,23,0,35000000,550,False,True,,,
webob,pypi,https://github.com/Pylons/webob,MIT,2007-08-18T22:20:04+00:00,2026-08-02T06:26:26.063871+00:00,1.8.11,75,1,50,1800,581,826,"[581, 245, 147, 103, 78, 62, 51, 43, 37, 33, 29, 26, 24, 21, 20, 18, 17, 16, 15, 14, 13, 12, 12, 11, 10, 10, 9, 9, 9, 8, 8, 8, 7, 7, 7, 7, 6, 6, 6, 6, 6, 5, 5, 5, 5, 5, 5, 5, 4, 4]",650,180,45,65,585,8,0,15000000,90,False,True,,,
